Index, Time, t(seconds), T1,T2,T3,T4,T5,T6,T7,T8,Tenv,Tavg,Tmin,Tmax,Trange,Tsigma,1.5 mol/L,CaCl_2
1, 2024/5/3 17:22:14,0.06,10.05,24.77,18.17,18.7,--,--,--,--,24.18,23.14,18.17,32.32,14.15,6.550821,,
2, 2024/5/3 17:22:15,1.06,10.01,24.78,18.09,18.66,--,--,--,--,24.16,23.11,18.09,32.29,14.2,6.566281,,
3, 2024/5/3 17:22:16,2.06,10.09,24.76,18.1,18.63,--,--,--,--,24.16,23.11,18.1,32.35,14.25,6.598248,,
4, 2024/5/3 17:22:17,3.07,10.09,24.79,18.13,18.65,--,--,--,--,24.17,23.14,18.13,32.38,14.25,6.600512,,
5, 2024/5/3 17:22:18,4.07,10.07,24.81,18.1,18.65,--,--,--,--,24.17,23.14,18.1,32.38,14.28,6.608381,,
6, 2024/5/3 17:22:19,5.07,10.2,24.76,18.1,18.64,--,--,--,--,24.16,23.14,18.1,32.46,14.36,6.647364,,
7, 2024/5/3 17:22:20,6.07,10.26,24.76,18.08,18.62,--,--,--,--,24.17,23.15,18.08,32.52,14.44,6.684975,,
8, 2024/5/3 17:22:21,7.07,10.31,24.74,18.15,18.57,--,--,--,--,24.18,23.15,18.15,32.55,14.4,6.692595,,
9, 2024/5/3 17:22:22,8.07,10.34,24.74,18.08,18.6,--,--,--,--,24.17,23.15,18.08,32.58,14.5,6.717352,,
10, 2024/5/3 17:22:23,9.07,10.39,24.75,18.08,18.57,--,--,--,--,24.17,23.16,18.08,32.64,14.56,6.752306,,
11, 2024/5/3 17:22:24,10.08,10.4,24.73,18.1,18.57,--,--,--,--,24.17,23.16,18.1,32.63,14.53,6.742438,,
12, 2024/5/3 17:22:25,11.08,10.44,24.72,18.08,18.6,--,--,--,--,24.17,23.17,18.08,32.66,14.58,6.754639,,
13, 2024/5/3 17:22:26,12.08,10.46,24.73,18.05,18.61,--,--,--,--,24.17,23.17,18.05,32.69,14.64,6.774066,,
14, 2024/5/3 17:22:27,13.08,10.45,24.74,18.07,18.56,--,--,--,--,24.17,23.17,18.07,32.69,14.62,6.780395,,
15, 2024/5/3 17:22:28,14.08,10.59,24.7,18.04,18.58,--,--,--,--,24.18,23.18,18.04,32.79,14.75,6.829986,,
16, 2024/5/3 17:22:29,15.08,10.54,24.73,18.06,18.57,--,--,--,--,24.18,23.18,18.06,32.77,14.71,6.818041,,
17, 2024/5/3 17:22:30,16.08,10.62,24.69,18.09,18.56,--,--,--,--,24.17,23.19,18.09,32.81,14.72,6.831333,,
18, 2024/5/3 17:22:31,17.09,10.62,24.7,18.11,18.55,--,--,--,--,24.18,23.2,18.11,32.82,14.71,6.83337,,
19, 2024/5/3 17:22:32,18.09,10.66,24.66,18.05,18.57,--,--,--,--,24.16,23.18,18.05,32.82,14.77,6.843606,,
20, 2024/5/3 17:22:33,19.09,10.68,24.69,18.04,18.57,--,--,--,--,24.16,23.19,18.04,32.87,14.83,6.869723,,
21, 2024/5/3 17:22:34,20.09,10.72,24.67,18.05,18.51,--,--,--,--,24.17,23.18,18.05,32.89,14.84,6.890041,,
22, 2024/5/3 17:22:35,21.09,10.75,24.64,18.05,18.51,--,--,--,--,24.16,23.17,18.05,32.89,14.84,6.889927,,
23, 2024/5/3 17:22:36,22.09,10.78,24.67,18.05,18.54,--,--,--,--,24.18,23.2,18.05,32.95,14.9,6.911474,,
24, 2024/5/3 17:22:37,23.09,10.74,24.68,18.03,18.54,--,--,--,--,24.17,23.19,18.03,32.92,14.89,6.902392,,
25, 2024/5/3 17:22:38,24.1,10.79,24.66,18.02,18.54,--,--,--,--,24.17,23.19,18.02,32.95,14.93,6.918907,,
26, 2024/5/3 17:22:39,25.1,10.74,24.7,18.02,18.54,--,--,--,--,24.16,23.2,18.02,32.94,14.92,6.914369,,
27, 2024/5/3 17:22:40,26.1,10.82,24.65,18.06,18.57,--,--,--,--,24.17,23.21,18.06,32.97,14.91,6.911616,,
28, 2024/5/3 17:22:41,27.1,10.86,24.66,18.05,18.57,--,--,--,--,24.17,23.23,18.05,33.02,14.97,6.937648,,
29, 2024/5/3 17:22:42,28.1,10.94,24.62,18.04,18.55,--,--,--,--,24.17,23.22,18.04,33.06,15.02,6.963404,,
30, 2024/5/3 17:22:43,29.1,10.92,24.64,18.05,18.58,--,--,--,--,24.16,23.23,18.05,33.06,15.01,6.95423,,
31, 2024/5/3 17:22:44,30.11,10.97,24.63,18.05,18.55,--,--,--,--,24.17,23.23,18.05,33.1,15.05,6.979771,,
32, 2024/5/3 17:22:45,31.1,10.98,24.61,18.02,18.55,--,--,--,--,24.16,23.22,18.02,33.09,15.07,6.982499,,
33, 2024/5/3 17:22:46,32.11,11,24.62,18.02,18.58,--,--,--,--,24.16,23.24,18.02,33.12,15.1,6.989962,,
34, 2024/5/3 17:22:47,33.11,11.03,24.59,18.01,18.57,--,--,--,--,24.17,23.22,18.01,33.12,15.11,6.994699,,
35, 2024/5/3 17:22:48,34.11,11.09,24.59,18.02,18.65,--,--,--,--,24.17,23.26,18.02,33.18,15.16,7.002882,,
36, 2024/5/3 17:22:49,35.11,11.1,24.59,18.06,18.6,--,--,--,--,24.17,23.26,18.06,33.19,15.13,7.008695,,
37, 2024/5/3 17:22:50,36.11,11.09,24.61,18.03,18.57,--,--,--,--,24.17,23.25,18.03,33.2,15.17,7.027442,,
38, 2024/5/3 17:22:51,37.11,11.1,24.6,18.07,18.56,--,--,--,--,24.16,23.26,18.07,33.2,15.13,7.019812,,
39, 2024/5/3 17:22:52,38.11,11.15,24.6,18.05,18.54,--,--,--,--,24.16,23.26,18.05,33.25,15.2,7.052805,,
40, 2024/5/3 17:22:53,39.12,11.18,24.58,18.04,18.54,--,--,--,--,24.16,23.26,18.04,33.26,15.22,7.060054,,
41, 2024/5/3 17:22:54,40.12,11.2,24.56,18.07,18.56,--,--,--,--,24.16,23.26,18.07,33.26,15.19,7.048313,,
42, 2024/5/3 17:22:55,41.12,11.19,24.59,18.08,18.55,--,--,--,--,24.17,23.28,18.08,33.28,15.2,7.057405,,
43, 2024/5/3 17:22:56,42.12,11.17,24.59,18.02,18.58,--,--,--,--,24.16,23.26,18.02,33.26,15.24,7.056083,,
44, 2024/5/3 17:22:57,43.12,11.27,24.56,18.02,18.56,--,--,--,--,24.16,23.27,18.02,33.33,15.31,7.093715,,
45, 2024/5/3 17:22:58,44.12,11.29,24.57,18.02,18.52,--,--,--,--,24.16,23.27,18.02,33.36,15.34,7.116719,,
46, 2024/5/3 17:22:59,45.12,11.33,24.56,18,18.58,--,--,--,--,24.17,23.28,18,33.39,15.39,7.122615,,
47, 2024/5/3 17:23:00,46.13,11.35,24.55,18.03,18.58,--,--,--,--,24.17,23.29,18.03,33.4,15.37,7.120005,,
48, 2024/5/3 17:23:01,47.13,11.34,24.57,18.05,18.58,--,--,--,--,24.17,23.3,18.05,33.41,15.36,7.119689,,
49, 2024/5/3 17:23:02,48.13,11.39,24.56,18.03,18.55,--,--,--,--,24.16,23.3,18.03,33.45,15.42,7.150235,,
50, 2024/5/3 17:23:03,49.13,11.43,24.55,18.05,18.54,--,--,--,--,24.17,23.31,18.05,33.48,15.43,7.161818,,
51, 2024/5/3 17:23:04,50.13,11.45,24.54,18.03,18.54,--,--,--,--,24.17,23.3,18.03,33.49,15.46,7.171523,,
52, 2024/5/3 17:23:05,51.13,11.46,24.54,18.08,18.55,--,--,--,--,24.16,23.32,18.08,33.5,15.42,7.161827,,
53, 2024/5/3 17:23:06,52.13,11.54,24.5,18.08,18.59,--,--,--,--,24.16,23.33,18.08,33.54,15.46,7.172333,,
54, 2024/5/3 17:23:07,53.14,11.53,24.52,18.08,18.58,--,--,--,--,24.17,23.33,18.08,33.55,15.47,7.179076,,
55, 2024/5/3 17:23:08,54.14,11.53,24.56,18.07,18.57,--,--,--,--,24.17,23.35,18.07,33.59,15.52,7.202326,,
56, 2024/5/3 17:23:09,55.14,11.52,24.55,18.08,18.53,--,--,--,--,24.17,23.33,18.08,33.57,15.49,7.199361,,
57, 2024/5/3 17:23:10,56.14,11.61,24.52,18.04,18.63,--,--,--,--,24.17,23.36,18.04,33.63,15.59,7.215854,,
58, 2024/5/3 17:23:11,57.14,11.6,24.51,18.05,18.61,--,--,--,--,24.16,23.35,18.05,33.61,15.56,7.20839,,
59, 2024/5/3 17:23:12,58.14,11.61,24.52,18.04,18.65,--,--,--,--,24.16,23.36,18.04,33.63,15.59,7.211494,,
60, 2024/5/3 17:23:13,59.14,11.68,24.51,18.06,18.61,--,--,--,--,24.17,23.37,18.06,33.69,15.63,7.243932,,
61, 2024/5/3 17:23:14,60.15,11.64,24.53,18.07,18.6,--,--,--,--,24.17,23.37,18.07,33.67,15.6,7.23396,,
62, 2024/5/3 17:23:15,61.15,11.7,24.51,18.06,18.65,--,--,--,--,24.16,23.38,18.06,33.71,15.65,7.2447,,
63, 2024/5/3 17:23:16,62.15,11.69,24.52,18.07,18.64,--,--,--,--,24.16,23.39,18.07,33.71,15.64,7.24431,,
64, 2024/5/3 17:23:17,63.15,11.75,24.48,18.08,18.61,--,--,--,--,24.16,23.38,18.08,33.73,15.65,7.25845,,
65, 2024/5/3 17:23:18,64.15,11.78,24.46,18.09,18.61,--,--,--,--,24.16,23.38,18.09,33.74,15.65,7.261058,,
66, 2024/5/3 17:23:19,65.15,11.8,24.47,18.09,18.59,--,--,--,--,24.16,23.38,18.09,33.77,15.68,7.279571,,
67, 2024/5/3 17:23:20,66.16,11.83,24.48,18.05,18.58,--,--,--,--,24.17,23.38,18.05,33.81,15.76,7.310355,,
68, 2024/5/3 17:23:21,67.16,11.86,24.45,18.08,18.58,--,--,--,--,24.16,23.38,18.08,33.81,15.73,7.303512,,
69, 2024/5/3 17:23:22,68.16,11.89,24.45,18.08,18.55,--,--,--,--,24.16,23.38,18.08,33.84,15.76,7.324376,,
70, 2024/5/3 17:23:23,69.16,11.85,24.51,18.06,18.56,--,--,--,--,24.18,23.4,18.06,33.86,15.8,7.335687,,
71, 2024/5/3 17:23:24,70.16,11.87,24.5,18.09,18.57,--,--,--,--,24.18,23.41,18.09,33.87,15.78,7.331115,,
72, 2024/5/3 17:23:25,71.16,11.91,24.47,18.11,18.52,--,--,--,--,24.17,23.4,18.11,33.88,15.77,7.342519,,
73, 2024/5/3 17:23:26,72.16,11.97,24.44,18.07,18.56,--,--,--,--,24.16,23.4,18.07,33.91,15.84,7.358081,,
74, 2024/5/3 17:23:27,73.16,11.98,24.45,18.06,18.56,--,--,--,--,24.16,23.4,18.06,33.93,15.87,7.369862,,
75, 2024/5/3 17:23:28,74.16,11.97,24.46,18.05,18.56,--,--,--,--,24.17,23.4,18.05,33.93,15.88,7.372121,,
76, 2024/5/3 17:23:29,75.17,11.98,24.46,18.06,18.54,--,--,--,--,24.16,23.4,18.06,33.94,15.88,7.37885,,
77, 2024/5/3 17:23:30,76.17,12.01,24.46,18.05,18.61,--,--,--,--,24.17,23.42,18.05,33.97,15.92,7.380267,,
78, 2024/5/3 17:23:31,77.17,12.07,24.42,18.07,18.54,--,--,--,--,24.17,23.41,18.07,33.99,15.92,7.400921,,
79, 2024/5/3 17:23:32,78.17,12.03,24.45,18.09,18.55,--,--,--,--,24.17,23.42,18.09,33.98,15.89,7.388647,,
80, 2024/5/3 17:23:33,79.17,12.05,24.46,18.05,18.57,--,--,--,--,24.17,23.42,18.05,34.01,15.96,7.408035,,
81, 2024/5/3 17:23:34,80.17,12.07,24.45,18.06,18.53,--,--,--,--,24.16,23.42,18.06,34.02,15.96,7.419312,,
82, 2024/5/3 17:23:35,81.17,12.06,24.46,18.07,18.57,--,--,--,--,24.17,23.43,18.07,34.02,15.95,7.407974,,
83, 2024/5/3 17:23:36,82.18,12.13,24.43,18.05,18.55,--,--,--,--,24.16,23.42,18.05,34.06,16.01,7.436746,,
84, 2024/5/3 17:23:37,83.18,12.13,24.44,18.02,18.53,--,--,--,--,24.16,23.42,18.02,34.07,16.05,7.452939,,
85, 2024/5/3 17:23:38,84.18,12.15,24.44,18.02,18.53,--,--,--,--,24.17,23.42,18.02,34.09,16.07,7.462469,,
86, 2024/5/3 17:23:39,85.18,12.17,24.43,18.05,18.52,--,--,--,--,24.16,23.43,18.05,34.1,16.05,7.462379,,
87, 2024/5/3 17:23:40,86.18,12.24,24.42,18.04,18.57,--,--,--,--,24.17,23.45,18.04,34.16,16.12,7.482679,,
88, 2024/5/3 17:23:41,87.18,12.2,24.43,18.01,18.51,--,--,--,--,24.16,23.42,18.01,34.13,16.12,7.488488,,
89, 2024/5/3 17:23:42,88.18,12.3,24.38,18.05,18.54,--,--,--,--,24.16,23.44,18.05,34.18,16.13,7.497139,,
90, 2024/5/3 17:23:43,89.19,12.28,24.43,18.09,18.57,--,--,--,--,24.17,23.48,18.09,34.21,16.12,7.494343,,
91, 2024/5/3 17:23:44,90.19,12.3,24.42,18.05,18.56,--,--,--,--,24.18,23.46,18.05,34.22,16.17,7.511086,,
92, 2024/5/3 17:23:45,91.19,12.33,24.4,18.05,18.54,--,--,--,--,24.17,23.46,18.05,34.23,16.18,7.520613,,
93, 2024/5/3 17:23:46,92.19,12.3,24.42,18.06,18.54,--,--,--,--,24.16,23.46,18.06,34.22,16.16,7.513045,,
94, 2024/5/3 17:23:47,93.19,12.33,24.42,18.06,18.53,--,--,--,--,24.17,23.47,18.06,34.25,16.19,7.529552,,
95, 2024/5/3 17:23:48,94.19,12.39,24.38,18.07,18.56,--,--,--,--,24.17,23.47,18.07,34.27,16.2,7.531009,,
96, 2024/5/3 17:23:49,95.19,12.35,24.42,18.04,18.56,--,--,--,--,24.16,23.47,18.04,34.27,16.23,7.537363,,
97, 2024/5/3 17:23:50,96.2,12.34,24.44,18.04,18.56,--,--,--,--,24.17,23.48,18.04,34.28,16.24,7.541739,,
98, 2024/5/3 17:23:51,97.2,12.47,24.38,18.02,18.54,--,--,--,--,24.17,23.47,18.02,34.35,16.33,7.585552,,
99, 2024/5/3 17:23:52,98.2,12.45,24.37,18.04,18.54,--,--,--,--,24.16,23.47,18.04,34.32,16.28,7.566643,,
100, 2024/5/3 17:23:53,99.2,12.5,24.37,18.04,18.52,--,--,--,--,24.16,23.48,18.04,34.37,16.33,7.594895,,
101, 2024/5/3 17:23:54,100.2,12.45,24.43,18.02,18.53,--,--,--,--,24.17,23.49,18.02,34.38,16.36,7.601014,,
102, 2024/5/3 17:23:55,101.2,12.5,24.38,18.04,18.52,--,--,--,--,24.17,23.48,18.04,34.38,16.34,7.599457,,
103, 2024/5/3 17:23:56,102.2,12.49,24.41,18.03,18.52,--,--,--,--,24.17,23.49,18.03,34.4,16.37,7.61076,,
104, 2024/5/3 17:23:57,103.21,12.54,24.36,18.02,18.52,--,--,--,--,24.15,23.48,18.02,34.4,16.38,7.61424,,
105, 2024/5/3 17:23:58,104.21,12.55,24.37,18.02,18.53,--,--,--,--,24.17,23.49,18.02,34.42,16.4,7.621411,,
106, 2024/5/3 17:23:59,105.21,12.56,24.37,18.07,18.51,--,--,--,--,24.17,23.5,18.07,34.43,16.36,7.618633,,
107, 2024/5/3 17:24:00,106.21,12.64,24.34,18,18.53,--,--,--,--,24.17,23.49,18,34.48,16.48,7.655592,,
108, 2024/5/3 17:24:01,107.21,12.61,24.35,18.04,18.5,--,--,--,--,24.16,23.49,18.04,34.46,16.42,7.642754,,
109, 2024/5/3 17:24:02,108.21,12.61,24.36,18.05,18.53,--,--,--,--,24.17,23.5,18.05,34.47,16.42,7.638411,,
110, 2024/5/3 17:24:03,109.21,12.66,24.37,18,18.56,--,--,--,--,24.17,23.52,18,34.53,16.53,7.672341,,
111, 2024/5/3 17:24:04,110.21,12.68,24.33,18.05,18.51,--,--,--,--,24.17,23.5,18.05,34.51,16.46,7.662626,,
112, 2024/5/3 17:24:05,111.22,12.69,24.34,18.01,18.52,--,--,--,--,24.16,23.5,18.01,34.53,16.52,7.679301,,
113, 2024/5/3 17:24:06,112.22,12.71,24.35,18.02,18.55,--,--,--,--,24.17,23.52,18.02,34.56,16.54,7.68456,,
114, 2024/5/3 17:24:07,113.22,12.74,24.34,18.02,18.54,--,--,--,--,24.16,23.52,18.02,34.58,16.56,7.696545,,
115, 2024/5/3 17:24:08,114.22,12.74,24.35,18.02,18.51,--,--,--,--,24.16,23.52,18.02,34.59,16.57,7.70757,,
116, 2024/5/3 17:24:09,115.22,12.75,24.34,18.01,18.53,--,--,--,--,24.16,23.52,18.01,34.59,16.58,7.705875,,
117, 2024/5/3 17:24:10,116.22,12.78,24.33,18,18.52,--,--,--,--,24.16,23.52,18,34.61,16.61,7.720245,,
118, 2024/5/3 17:24:11,117.22,12.79,24.33,18.01,18.52,--,--,--,--,24.17,23.52,18.01,34.62,16.61,7.722654,,
119, 2024/5/3 17:24:12,118.23,12.83,24.33,18.02,18.53,--,--,--,--,24.18,23.54,18.02,34.66,16.64,7.737288,,
120, 2024/5/3 17:24:13,119.23,12.82,24.35,18.04,18.5,--,--,--,--,24.17,23.54,18.04,34.67,16.63,7.743309,,
121, 2024/5/3 17:24:14,120.23,12.84,24.35,17.99,18.52,--,--,--,--,24.16,23.54,17.99,34.69,16.7,7.760443,,
122, 2024/5/3 17:24:15,121.23,12.85,24.34,18.03,18.52,--,--,--,--,24.17,23.55,18.03,34.69,16.66,7.751191,,
123, 2024/5/3 17:24:16,122.23,12.87,24.34,17.99,18.54,--,--,--,--,24.17,23.55,17.99,34.71,16.72,7.76598,,
124, 2024/5/3 17:24:17,123.23,12.88,24.3,18,18.52,--,--,--,--,24.16,23.53,18,34.68,16.68,7.754574,,
125, 2024/5/3 17:24:18,124.23,12.92,24.31,18.01,18.54,--,--,--,--,24.17,23.55,18.01,34.73,16.72,7.771607,,
126, 2024/5/3 17:24:19,125.24,12.93,24.32,18.01,18.49,--,--,--,--,24.17,23.54,18.01,34.75,16.74,7.791703,,
127, 2024/5/3 17:24:20,126.24,12.99,24.3,18.01,18.48,--,--,--,--,24.17,23.55,18.01,34.79,16.78,7.813588,,
128, 2024/5/3 17:24:21,127.24,12.98,24.31,18,18.46,--,--,--,--,24.17,23.54,18,34.79,16.79,7.820004,,
129, 2024/5/3 17:24:22,128.24,12.97,24.31,18,18.51,--,--,--,--,24.16,23.55,18,34.78,16.78,7.804413,,
130, 2024/5/3 17:24:23,129.24,12.98,24.35,18,18.51,--,--,--,--,24.17,23.57,18,34.83,16.83,7.827313,,
131, 2024/5/3 17:24:24,130.24,13,24.32,18.02,18.5,--,--,--,--,24.17,23.57,18.02,34.82,16.8,7.820748,,
132, 2024/5/3 17:24:25,131.24,13,24.32,18.02,18.51,--,--,--,--,24.17,23.57,18.02,34.82,16.8,7.818591,,
133, 2024/5/3 17:24:26,132.25,13.07,24.29,17.98,18.51,--,--,--,--,24.17,23.56,17.98,34.86,16.88,7.848095,,
134, 2024/5/3 17:24:27,133.25,13.02,24.31,18.01,18.55,--,--,--,--,24.17,23.58,18.01,34.83,16.82,7.817441,,
135, 2024/5/3 17:24:28,134.25,13.08,24.28,18.04,18.52,--,--,--,--,24.17,23.58,18.04,34.86,16.82,7.832059,,
136, 2024/5/3 17:24:29,135.25,13.11,24.29,18.01,18.52,--,--,--,--,24.17,23.58,18.01,34.9,16.89,7.858055,,
137, 2024/5/3 17:24:30,136.25,13.12,24.31,17.98,18.51,--,--,--,--,24.16,23.58,17.98,34.93,16.95,7.881124,,
138, 2024/5/3 17:24:31,137.25,13.12,24.3,18,18.51,--,--,--,--,24.17,23.58,18,34.92,16.92,7.871874,,
139, 2024/5/3 17:24:32,138.25,13.17,24.31,18.02,18.51,--,--,--,--,24.17,23.61,18.02,34.98,16.96,7.895671,,
140, 2024/5/3 17:24:33,139.26,13.17,24.27,18.01,18.52,--,--,--,--,24.16,23.59,18.01,34.94,16.93,7.87786,,
141, 2024/5/3 17:24:34,140.26,13.18,24.28,18.01,18.5,--,--,--,--,24.16,23.59,18.01,34.96,16.95,7.891461,,
142, 2024/5/3 17:24:35,141.26,13.19,24.27,17.98,18.49,--,--,--,--,24.16,23.58,17.98,34.96,16.98,7.900981,,
143, 2024/5/3 17:24:36,142.26,13.2,24.29,17.97,18.49,--,--,--,--,24.16,23.59,17.97,34.99,17.02,7.917161,,
144, 2024/5/3 17:24:37,143.26,13.23,24.29,18,18.49,--,--,--,--,24.16,23.6,18,35.02,17.02,7.924489,,
145, 2024/5/3 17:24:38,144.26,13.22,24.29,17.99,18.49,--,--,--,--,24.17,23.6,17.99,35.01,17.02,7.922042,,
146, 2024/5/3 17:24:39,145.26,13.25,24.29,18,18.49,--,--,--,--,24.16,23.61,18,35.04,17.04,7.934098,,
147, 2024/5/3 17:24:40,146.27,13.29,24.28,17.96,18.5,--,--,--,--,24.17,23.6,17.96,35.07,17.11,7.956107,,
148, 2024/5/3 17:24:41,147.27,13.3,24.27,17.99,18.49,--,--,--,--,24.17,23.61,17.99,35.07,17.08,7.951477,,
149, 2024/5/3 17:24:42,148.27,13.32,24.28,17.97,18.46,--,--,--,--,24.16,23.6,17.97,35.1,17.13,7.976735,,
150, 2024/5/3 17:24:43,149.27,13.36,24.26,18.01,18.5,--,--,--,--,24.17,23.62,18.01,35.12,17.11,7.968983,,
151, 2024/5/3 17:24:44,150.27,13.36,24.23,18,18.47,--,--,--,--,24.16,23.6,18,35.09,17.09,7.964293,,
152, 2024/5/3 17:24:45,151.27,13.34,24.29,18.01,18.51,--,--,--,--,24.16,23.64,18.01,35.13,17.12,7.970703,,
153, 2024/5/3 17:24:46,152.27,13.37,24.28,17.97,18.49,--,--,--,--,24.16,23.62,17.97,35.15,17.18,7.994329,,
154, 2024/5/3 17:24:47,153.27,13.38,24.27,17.99,18.49,--,--,--,--,24.17,23.63,17.99,35.15,17.16,7.989933,,
155, 2024/5/3 17:24:48,154.28,13.35,24.28,18.02,18.49,--,--,--,--,24.17,23.63,18.02,35.13,17.11,7.972959,,
156, 2024/5/3 17:24:49,155.28,13.37,24.25,17.97,18.47,--,--,--,--,24.16,23.6,17.97,35.12,17.15,7.985124,,
157, 2024/5/3 17:24:50,156.28,13.42,24.25,17.98,18.53,--,--,--,--,24.17,23.63,17.98,35.17,17.19,7.994005,,
158, 2024/5/3 17:24:51,157.28,13.44,24.26,17.98,18.49,--,--,--,--,24.16,23.63,17.98,35.2,17.22,8.016647,,
159, 2024/5/3 17:24:52,158.28,13.41,24.27,18,18.5,--,--,--,--,24.16,23.64,18,35.18,17.18,7.999868,,
160, 2024/5/3 17:24:53,159.28,13.48,24.23,17.99,18.51,--,--,--,--,24.16,23.64,17.99,35.21,17.22,8.015824,,
161, 2024/5/3 17:24:54,160.28,13.46,24.26,18.01,18.49,--,--,--,--,24.18,23.65,18.01,35.22,17.21,8.01923,,
162, 2024/5/3 17:24:55,161.29,13.44,24.27,17.98,18.44,--,--,--,--,24.16,23.63,17.98,35.21,17.23,8.031863,,
163, 2024/5/3 17:24:56,162.29,13.45,24.27,18.05,18.52,--,--,--,--,24.17,23.67,18.05,35.22,17.17,8.00311,,
164, 2024/5/3 17:24:57,163.29,13.51,24.24,17.99,18.51,--,--,--,--,24.17,23.65,17.99,35.25,17.26,8.034743,,
165, 2024/5/3 17:24:58,164.29,13.47,24.27,17.99,18.47,--,--,--,--,24.16,23.64,17.99,35.24,17.25,8.037501,,
166, 2024/5/3 17:24:59,165.29,13.54,24.22,17.97,18.48,--,--,--,--,24.16,23.63,17.97,35.26,17.29,8.051314,,
167, 2024/5/3 17:25:00,166.29,13.57,24.21,18,18.45,--,--,--,--,24.16,23.64,18,35.28,17.28,8.060689,,
168, 2024/5/3 17:25:01,167.29,13.56,24.23,17.99,18.5,--,--,--,--,24.17,23.65,17.99,35.29,17.3,8.05647,,
169, 2024/5/3 17:25:02,168.3,13.54,24.27,18,18.47,--,--,--,--,24.17,23.66,18,35.31,17.31,8.068834,,
170, 2024/5/3 17:25:03,169.3,13.57,24.22,18,18.51,--,--,--,--,24.17,23.66,18,35.29,17.29,8.05234,,
171, 2024/5/3 17:25:04,170.3,13.63,24.19,18.01,18.49,--,--,--,--,24.16,23.65,18.01,35.32,17.31,8.069771,,
172, 2024/5/3 17:25:05,171.3,13.57,24.27,17.99,18.51,--,--,--,--,24.17,23.68,17.99,35.34,17.35,8.077061,,
173, 2024/5/3 17:25:06,172.3,13.6,24.23,17.97,18.5,--,--,--,--,24.17,23.66,17.97,35.33,17.36,8.080419,,
174, 2024/5/3 17:25:07,173.3,13.6,24.22,18,18.49,--,--,--,--,24.16,23.66,18,35.32,17.32,8.071052,,
175, 2024/5/3 17:25:08,174.3,13.64,24.23,17.99,18.49,--,--,--,--,24.16,23.67,17.99,35.37,17.38,8.097129,,
176, 2024/5/3 17:25:09,175.31,13.64,24.22,17.97,18.5,--,--,--,--,24.16,23.66,17.97,35.36,17.39,8.095209,,
177, 2024/5/3 17:25:10,176.31,13.65,24.24,18,18.53,--,--,--,--,24.17,23.69,18,35.39,17.39,8.095557,,
178, 2024/5/3 17:25:11,177.31,13.67,24.23,18.02,18.51,--,--,--,--,24.17,23.69,18.02,35.4,17.38,8.100311,,
179, 2024/5/3 17:25:12,178.31,13.67,24.24,18.02,18.52,--,--,--,--,24.17,23.7,18.02,35.41,17.39,8.102642,,
180, 2024/5/3 17:25:13,179.31,13.74,24.19,17.96,18.5,--,--,--,--,24.16,23.67,17.96,35.43,17.47,8.132343,,
181, 2024/5/3 17:25:14,180.31,13.76,24.2,17.99,18.52,--,--,--,--,24.16,23.69,17.99,35.46,17.47,8.135187,,
182, 2024/5/3 17:25:15,181.31,13.72,24.21,18.01,18.48,--,--,--,--,24.16,23.68,18.01,35.43,17.42,8.124208,,
183, 2024/5/3 17:25:16,182.32,13.71,24.22,18.01,18.5,--,--,--,--,24.17,23.69,18.01,35.43,17.42,8.119585,,
184, 2024/5/3 17:25:17,183.32,13.76,24.21,17.98,18.49,--,--,--,--,24.16,23.69,17.98,35.47,17.49,8.148352,,
185, 2024/5/3 17:25:18,184.32,13.72,24.22,17.99,18.47,--,--,--,--,24.17,23.68,17.99,35.44,17.45,8.135466,,
186, 2024/5/3 17:25:19,185.32,13.73,24.23,17.96,18.51,--,--,--,--,24.16,23.69,17.96,35.46,17.5,8.143254,,
187, 2024/5/3 17:25:20,186.32,13.76,24.2,17.98,18.44,--,--,--,--,24.15,23.67,17.98,35.46,17.48,8.154548,,
188, 2024/5/3 17:25:21,187.32,13.79,24.26,17.97,18.45,--,--,--,--,24.16,23.71,17.97,35.55,17.58,8.196001,,
189, 2024/5/3 17:25:22,188.32,13.84,24.21,17.98,18.51,--,--,--,--,24.16,23.71,17.98,35.55,17.57,8.182675,,
190, 2024/5/3 17:25:23,189.32,13.83,24.23,18.01,18.46,--,--,--,--,24.18,23.72,18.01,35.56,17.55,8.190429,,
191, 2024/5/3 17:25:24,190.33,13.87,24.18,18,18.49,--,--,--,--,24.17,23.71,18,35.55,17.55,8.183375,,
192, 2024/5/3 17:25:25,191.33,13.84,24.22,17.98,18.5,--,--,--,--,24.16,23.72,17.98,35.56,17.58,8.189252,,
193, 2024/5/3 17:25:26,192.33,13.9,24.17,17.98,18.51,--,--,--,--,24.16,23.71,17.98,35.57,17.59,8.19382,,
194, 2024/5/3 17:25:27,193.33,13.89,24.2,17.99,18.47,--,--,--,--,24.16,23.71,17.99,35.59,17.6,8.208501,,
195, 2024/5/3 17:25:28,194.33,13.92,24.18,17.99,18.49,--,--,--,--,24.16,23.72,17.99,35.6,17.61,8.209824,,
196, 2024/5/3 17:25:29,195.33,13.9,24.21,18,18.47,--,--,--,--,24.17,23.72,18,35.61,17.61,8.215455,,
197, 2024/5/3 17:25:30,196.33,13.87,24.21,17.95,18.5,--,--,--,--,24.17,23.71,17.95,35.58,17.63,8.20627,,
198, 2024/5/3 17:25:31,197.34,13.92,24.19,17.99,18.48,--,--,--,--,24.17,23.72,17.99,35.61,17.62,8.216396,,
199, 2024/5/3 17:25:32,198.34,13.92,24.19,17.95,18.5,--,--,--,--,24.16,23.71,17.95,35.61,17.66,8.221478,,
200, 2024/5/3 17:25:33,199.34,13.96,24.2,17.98,18.51,--,--,--,--,24.17,23.74,17.98,35.66,17.68,8.23611,,
201, 2024/5/3 17:25:34,200.34,13.97,24.2,17.98,18.48,--,--,--,--,24.16,23.73,17.98,35.67,17.69,8.247292,,
202, 2024/5/3 17:25:35,201.34,13.99,24.18,18.02,18.48,--,--,--,--,24.17,23.74,18.02,35.67,17.65,8.238778,,
203, 2024/5/3 17:25:36,202.34,14,24.19,17.99,18.46,--,--,--,--,24.17,23.73,17.99,35.69,17.7,8.259252,,
204, 2024/5/3 17:25:37,203.34,14.03,24.14,17.97,18.44,--,--,--,--,24.16,23.71,17.97,35.67,17.7,8.260405,,
205, 2024/5/3 17:25:38,204.34,14.05,24.13,18,18.43,--,--,--,--,24.16,23.71,18,35.68,17.68,8.260827,,
206, 2024/5/3 17:25:39,205.35,14.05,24.16,18,18.47,--,--,--,--,24.16,23.74,18,35.71,17.71,8.265625,,
207, 2024/5/3 17:25:40,206.35,14.05,24.19,17.96,18.47,--,--,--,--,24.16,23.74,17.96,35.74,17.78,8.288222,,
208, 2024/5/3 17:25:41,207.35,14,24.19,18.01,18.49,--,--,--,--,24.16,23.75,18.01,35.69,17.68,8.248238,,
209, 2024/5/3 17:25:42,208.35,14.04,24.2,17.98,18.49,--,--,--,--,24.17,23.75,17.98,35.74,17.76,8.278954,,
210, 2024/5/3 17:25:43,209.35,14.13,24.14,18,18.51,--,--,--,--,24.16,23.76,18,35.77,17.77,8.286948,,
211, 2024/5/3 17:25:44,210.35,14.1,24.19,18.01,18.48,--,--,--,--,24.17,23.77,18.01,35.79,17.78,8.298645,,
212, 2024/5/3 17:25:45,211.35,14.1,24.16,17.97,18.48,--,--,--,--,24.16,23.74,17.97,35.76,17.79,8.294601,,
213, 2024/5/3 17:25:46,212.36,14.11,24.17,17.98,18.47,--,--,--,--,24.16,23.75,17.98,35.78,17.8,8.303664,,
214, 2024/5/3 17:25:47,213.36,14.1,24.19,17.97,18.48,--,--,--,--,24.16,23.76,17.97,35.79,17.82,8.307915,,
215, 2024/5/3 17:25:48,214.36,14.14,24.14,17.99,18.42,--,--,--,--,24.16,23.73,17.99,35.78,17.79,8.313167,,
216, 2024/5/3 17:25:49,215.36,14.15,24.15,17.98,18.48,--,--,--,--,24.16,23.75,17.98,35.8,17.82,8.312004,,
217, 2024/5/3 17:25:50,216.36,14.19,24.12,17.99,18.45,--,--,--,--,24.16,23.74,17.99,35.81,17.82,8.322098,,
218, 2024/5/3 17:25:51,217.36,14.2,24.14,18.02,18.5,--,--,--,--,24.17,23.78,18.02,35.84,17.82,8.318275,,
219, 2024/5/3 17:25:52,218.37,14.14,24.17,18.01,18.53,--,--,--,--,24.16,23.78,18.01,35.81,17.8,8.298522,,
220, 2024/5/3 17:25:53,219.37,14.19,24.14,18,18.55,--,--,--,--,24.16,23.78,18,35.83,17.83,8.307537,,
221, 2024/5/3 17:25:54,220.37,14.16,24.17,18.05,18.51,--,--,--,--,24.16,23.79,18.05,35.83,17.78,8.303173,,
222, 2024/5/3 17:25:55,221.37,14.16,24.16,18.06,18.54,--,--,--,--,24.16,23.8,18.06,35.82,17.76,8.290097,,
223, 2024/5/3 17:25:56,222.37,14.2,24.16,18.06,18.62,--,--,--,--,24.16,23.83,18.06,35.86,17.8,8.292624,,
224, 2024/5/3 17:25:57,223.37,14.2,24.16,18.04,18.65,--,--,--,--,24.17,23.83,18.04,35.86,17.82,8.291006,,
225, 2024/5/3 17:25:58,224.37,14.19,24.16,18.03,18.66,--,--,--,--,24.16,23.83,18.03,35.85,17.82,8.286417,,
226, 2024/5/3 17:25:59,225.37,14.22,24.17,18.06,18.66,--,--,--,--,24.17,23.85,18.06,35.89,17.83,8.298354,,
227, 2024/5/3 17:26:00,226.38,14.26,24.13,18.08,18.63,--,--,--,--,24.15,23.83,18.08,35.89,17.81,8.301728,,
228, 2024/5/3 17:26:01,227.38,14.25,24.14,18.02,18.59,--,--,--,--,24.16,23.81,18.02,35.89,17.87,8.323537,,
229, 2024/5/3 17:26:02,228.38,14.27,24.16,18.04,18.6,--,--,--,--,24.17,23.83,18.04,35.93,17.89,8.335305,,
230, 2024/5/3 17:26:03,229.38,14.28,24.14,18.03,18.59,--,--,--,--,24.15,23.82,18.03,35.92,17.89,8.335732,,
231, 2024/5/3 17:26:04,230.38,14.27,24.16,18.03,18.6,--,--,--,--,24.16,23.83,18.03,35.93,17.9,8.337624,,
232, 2024/5/3 17:26:05,231.38,14.28,24.14,18.05,18.57,--,--,--,--,24.16,23.82,18.05,35.92,17.87,8.3353,,
233, 2024/5/3 17:26:06,232.38,14.3,24.16,18.03,18.59,--,--,--,--,24.17,23.84,18.03,35.96,17.93,8.354227,,
234, 2024/5/3 17:26:07,233.38,14.3,24.13,18.03,18.61,--,--,--,--,24.17,23.83,18.03,35.93,17.9,8.336833,,
235, 2024/5/3 17:26:08,234.39,14.34,24.14,18.04,18.55,--,--,--,--,24.16,23.83,18.04,35.98,17.94,8.370845,,
236, 2024/5/3 17:26:09,235.39,14.31,24.13,18.04,18.61,--,--,--,--,24.15,23.83,18.04,35.94,17.9,8.339355,,
237, 2024/5/3 17:26:10,236.39,14.35,24.1,18.03,18.62,--,--,--,--,24.15,23.83,18.03,35.95,17.92,8.345764,,
238, 2024/5/3 17:26:11,237.39,14.35,24.15,18.04,18.54,--,--,--,--,24.17,23.83,18.04,36,17.96,8.382193,,
239, 2024/5/3 17:26:12,238.39,14.35,24.12,18.02,18.52,--,--,--,--,24.16,23.81,18.02,35.97,17.95,8.377786,,
240, 2024/5/3 17:26:13,239.39,14.39,24.14,18.04,18.49,--,--,--,--,24.16,23.83,18.04,36.03,17.99,8.407687,,
241, 2024/5/3 17:26:14,240.4,14.4,24.1,18.03,18.51,--,--,--,--,24.16,23.81,18.03,36,17.97,8.392985,,
242, 2024/5/3 17:26:15,241.4,14.36,24.15,18.03,18.49,--,--,--,--,24.16,23.82,18.03,36.01,17.98,8.39988,,
243, 2024/5/3 17:26:16,242.4,14.4,24.12,18.07,18.53,--,--,--,--,24.16,23.84,18.07,36.02,17.95,8.388399,,
244, 2024/5/3 17:26:17,243.4,14.41,24.12,18.08,18.51,--,--,--,--,24.16,23.84,18.08,36.03,17.95,8.395173,,
245, 2024/5/3 17:26:18,244.4,14.41,24.12,18.06,18.53,--,--,--,--,24.16,23.84,18.06,36.03,17.97,8.395531,,
246, 2024/5/3 17:26:19,245.4,14.37,24.16,18.07,18.54,--,--,--,--,24.17,23.85,18.07,36.03,17.96,8.389378,,
247, 2024/5/3 17:26:20,246.4,14.4,24.15,18.04,18.56,--,--,--,--,24.17,23.85,18.04,36.05,18.01,8.402184,,
248, 2024/5/3 17:26:21,247.41,14.44,24.13,18.03,18.53,--,--,--,--,24.15,23.84,18.03,36.07,18.04,8.421347,,
249, 2024/5/3 17:26:22,248.41,14.48,24.11,18.04,18.55,--,--,--,--,24.17,23.85,18.04,36.09,18.05,8.425425,,
250, 2024/5/3 17:26:23,249.41,14.46,24.12,18.03,18.53,--,--,--,--,24.17,23.84,18.03,36.08,18.05,8.426628,,
251, 2024/5/3 17:26:24,250.41,14.45,24.15,18.02,18.57,--,--,--,--,24.17,23.86,18.02,36.1,18.08,8.428905,,
252, 2024/5/3 17:26:25,251.41,14.46,24.1,18.03,18.55,--,--,--,--,24.16,23.84,18.03,36.06,18.03,8.413643,,
253, 2024/5/3 17:26:26,252.41,14.49,24.11,18,18.54,--,--,--,--,24.15,23.84,18,36.1,18.1,8.441564,,
254, 2024/5/3 17:26:27,253.41,14.51,24.13,18.06,18.6,--,--,--,--,24.17,23.88,18.06,36.14,18.08,8.433681,,
255, 2024/5/3 17:26:28,254.42,14.57,24.07,18.06,18.61,--,--,--,--,24.16,23.87,18.06,36.14,18.08,8.434386,,
256, 2024/5/3 17:26:29,255.42,14.52,24.14,18.02,18.58,--,--,--,--,24.16,23.88,18.02,36.16,18.14,8.456308,,
257, 2024/5/3 17:26:30,256.42,14.53,24.1,18.06,18.55,--,--,--,--,24.16,23.86,18.06,36.13,18.07,8.440668,,
258, 2024/5/3 17:26:31,257.42,14.58,24.1,18.03,18.61,--,--,--,--,24.16,23.88,18.03,36.18,18.15,8.459271,,
259, 2024/5/3 17:26:32,258.42,14.61,24.1,18.05,18.55,--,--,--,--,24.16,23.88,18.05,36.21,18.16,8.481728,,
260, 2024/5/3 17:26:33,259.42,14.58,24.12,18.05,18.52,--,--,--,--,24.17,23.87,18.05,36.2,18.15,8.482262,,
261, 2024/5/3 17:26:34,260.42,14.6,24.1,18.04,18.53,--,--,--,--,24.16,23.87,18.04,36.2,18.16,8.483362,,
262, 2024/5/3 17:26:35,261.42,14.59,24.12,18.02,18.52,--,--,--,--,24.16,23.87,18.02,36.21,18.19,8.493979,,
263, 2024/5/3 17:26:36,262.43,14.66,24.1,17.98,18.52,--,--,--,--,24.17,23.87,17.98,36.26,18.28,8.528296,,
264, 2024/5/3 17:26:37,263.43,14.66,24.09,17.99,18.54,--,--,--,--,24.16,23.87,17.99,36.25,18.26,8.517434,,
265, 2024/5/3 17:26:38,264.43,14.68,24.09,17.96,18.52,--,--,--,--,24.15,23.86,17.96,36.27,18.31,8.5382,,
266, 2024/5/3 17:26:39,265.43,14.71,24.07,17.99,18.52,--,--,--,--,24.16,23.87,17.99,36.28,18.29,8.537073,,
267, 2024/5/3 17:26:40,266.43,14.67,24.1,18.03,18.51,--,--,--,--,24.16,23.88,18.03,36.27,18.24,8.523768,,
268, 2024/5/3 17:26:41,267.43,14.69,24.08,18.01,18.5,--,--,--,--,24.15,23.87,18.01,36.27,18.26,8.531363,,
269, 2024/5/3 17:26:42,268.43,14.7,24.11,18.02,18.55,--,--,--,--,24.16,23.9,18.02,36.31,18.29,8.536612,,
270, 2024/5/3 17:26:43,269.44,14.74,24.09,18.08,18.52,--,--,--,--,24.16,23.91,18.08,36.33,18.25,8.539823,,
271, 2024/5/3 17:26:44,270.44,14.73,24.09,18.06,18.53,--,--,--,--,24.17,23.9,18.06,36.32,18.26,8.537426,,
272, 2024/5/3 17:26:45,271.44,14.7,24.12,18.16,18.87,--,--,--,--,24.17,24.02,18.16,36.32,18.16,8.442788,,
273, 2024/5/3 17:26:46,272.44,14.75,24.11,18.31,19.21,--,--,--,--,24.15,24.15,18.31,36.36,18.05,8.359963,,
274, 2024/5/3 17:26:47,273.44,14.8,24.06,18.43,19.51,--,--,--,--,24.16,24.24,18.43,36.36,17.93,8.276873,,
275, 2024/5/3 17:26:48,274.44,14.78,24.08,18.42,19.53,--,--,--,--,24.16,24.25,18.42,36.36,17.94,8.274142,,
276, 2024/5/3 17:26:49,275.44,14.83,24.07,18.37,19.48,--,--,--,--,24.16,24.23,18.37,36.4,18.03,8.315539,,
277, 2024/5/3 17:26:50,276.45,14.78,24.1,18.38,19.36,--,--,--,--,24.16,24.21,18.38,36.38,18,8.32467,,
278, 2024/5/3 17:26:51,277.45,14.85,24.06,18.41,19.35,--,--,--,--,24.16,24.21,18.41,36.41,18,8.336708,,
279, 2024/5/3 17:26:52,278.45,14.88,24.04,18.32,19.37,--,--,--,--,24.16,24.19,18.32,36.42,18.1,8.359917,,
280, 2024/5/3 17:26:53,279.45,14.79,24.1,18.3,19.26,--,--,--,--,24.16,24.16,18.3,36.39,18.09,8.367678,,
281, 2024/5/3 17:26:54,280.45,14.88,24.07,18.32,19.31,--,--,--,--,24.17,24.19,18.32,36.45,18.13,8.384295,,
282, 2024/5/3 17:26:55,281.45,14.85,24.09,18.38,19.39,--,--,--,--,24.17,24.23,18.38,36.44,18.06,8.348726,,
283, 2024/5/3 17:26:56,282.45,14.81,24.1,18.39,19.34,--,--,--,--,24.16,24.21,18.39,36.41,18.02,8.340852,,
284, 2024/5/3 17:26:57,283.46,14.86,24.09,18.36,19.26,--,--,--,--,24.16,24.19,18.36,36.45,18.09,8.383543,,
285, 2024/5/3 17:26:58,284.45,14.92,24.05,18.37,19.17,--,--,--,--,24.17,24.17,18.37,36.47,18.1,8.411111,,
286, 2024/5/3 17:26:59,285.46,14.87,24.06,18.36,19.07,--,--,--,--,24.15,24.13,18.36,36.43,18.07,8.413231,,
287, 2024/5/3 17:27:00,286.46,14.89,24.07,18.34,19.05,--,--,--,--,24.17,24.13,18.34,36.46,18.12,8.435855,,
288, 2024/5/3 17:27:01,287.46,14.93,24.04,18.37,19.02,--,--,--,--,24.17,24.13,18.37,36.47,18.1,8.441669,,
289, 2024/5/3 17:27:02,288.46,14.9,24.05,18.3,18.95,--,--,--,--,24.16,24.09,18.3,36.45,18.15,8.46142,,
290, 2024/5/3 17:27:03,289.46,14.89,24.07,18.25,18.91,--,--,--,--,24.15,24.07,18.25,36.46,18.21,8.484694,,
291, 2024/5/3 17:27:04,290.47,14.89,24.09,18.25,18.85,--,--,--,--,24.16,24.07,18.25,36.48,18.23,8.505553,,
292, 2024/5/3 17:27:05,291.47,14.91,24.07,18.24,18.88,--,--,--,--,24.16,24.07,18.24,36.48,18.24,8.502806,,
293, 2024/5/3 17:27:06,292.47,14.89,24.09,18.28,18.84,--,--,--,--,24.16,24.07,18.28,36.48,18.2,8.500774,,
294, 2024/5/3 17:27:07,293.47,14.91,24.06,18.23,18.83,--,--,--,--,24.15,24.05,18.23,36.47,18.24,8.510961,,
295, 2024/5/3 17:27:08,294.47,14.93,24.09,18.21,18.83,--,--,--,--,24.17,24.06,18.21,36.52,18.31,8.538226,,
296, 2024/5/3 17:27:09,295.47,14.89,24.09,18.22,18.78,--,--,--,--,24.16,24.04,18.22,36.48,18.26,8.526744,,
297, 2024/5/3 17:27:10,296.47,14.93,24.05,18.2,18.75,--,--,--,--,24.15,24.02,18.2,36.48,18.28,8.53959,,
298, 2024/5/3 17:27:11,297.48,14.92,24.06,18.21,18.72,--,--,--,--,24.16,24.02,18.21,36.48,18.27,8.542976,,
299, 2024/5/3 17:27:12,298.48,14.95,24.04,18.16,18.71,--,--,--,--,24.16,24,18.16,36.49,18.33,8.56231,,
300, 2024/5/3 17:27:13,299.48,14.93,24.07,18.16,18.68,--,--,--,--,24.16,24,18.16,36.5,18.34,8.571792,,
301, 2024/5/3 17:27:14,300.48,14.95,24.04,18.18,18.7,--,--,--,--,24.16,24,18.18,36.49,18.31,8.559832,,
302, 2024/5/3 17:27:15,301.48,14.95,24.07,18.18,18.67,--,--,--,--,24.16,24.01,18.18,36.52,18.34,8.579049,,
303, 2024/5/3 17:27:16,302.48,14.97,24.07,18.17,18.64,--,--,--,--,24.16,24.01,18.17,36.54,18.37,8.597264,,
304, 2024/5/3 17:27:17,303.48,14.97,24.04,18.14,18.65,--,--,--,--,24.16,23.99,18.14,36.51,18.37,8.588964,,
305, 2024/5/3 17:27:18,304.48,14.94,24.07,18.17,18.62,--,--,--,--,24.16,23.99,18.17,36.51,18.34,8.586851,,
306, 2024/5/3 17:27:19,305.49,14.95,24.05,18.13,18.63,--,--,--,--,24.15,23.98,18.13,36.5,18.37,8.589999,,
307, 2024/5/3 17:27:20,306.49,14.94,24.09,18.09,18.69,--,--,--,--,24.17,24,18.09,36.53,18.44,8.599247,,
308, 2024/5/3 17:27:21,307.49,15,24.07,18.13,18.61,--,--,--,--,24.16,24,18.13,36.57,18.44,8.627141,,
309, 2024/5/3 17:27:22,308.49,15.03,24.04,18.15,18.63,--,--,--,--,24.17,24,18.15,36.57,18.42,8.620013,,
310, 2024/5/3 17:27:23,309.49,15.03,24.04,18.08,18.62,--,--,--,--,24.16,23.98,18.08,36.57,18.49,8.637963,,
311, 2024/5/3 17:27:24,310.49,15.02,24.05,18.1,18.61,--,--,--,--,24.15,23.98,18.1,36.57,18.47,8.634972,,
312, 2024/5/3 17:27:25,311.49,15.04,24.03,18.07,18.61,--,--,--,--,24.15,23.97,18.07,36.57,18.5,8.642824,,
313, 2024/5/3 17:27:26,312.5,15.07,24.04,18.13,18.59,--,--,--,--,24.16,23.99,18.13,36.61,18.48,8.652292,,
314, 2024/5/3 17:27:27,313.5,15.03,24.06,18.09,18.58,--,--,--,--,24.16,23.98,18.09,36.59,18.5,8.65268,,
315, 2024/5/3 17:27:28,314.5,15.11,24.03,18.08,18.58,--,--,--,--,24.16,23.98,18.08,36.64,18.56,8.680783,,
316, 2024/5/3 17:27:29,315.5,15.1,24.03,18.08,18.59,--,--,--,--,24.16,23.98,18.08,36.63,18.55,8.673851,,
317, 2024/5/3 17:27:30,316.5,15.06,24.04,18.09,18.6,--,--,--,--,24.15,23.98,18.09,36.6,18.51,8.654411,,
318, 2024/5/3 17:27:31,317.5,15.11,24.03,18.07,18.57,--,--,--,--,24.15,23.98,18.07,36.64,18.57,8.685126,,
319, 2024/5/3 17:27:32,318.5,15.1,24.01,18.07,18.6,--,--,--,--,24.16,23.97,18.07,36.61,18.54,8.665373,,
320, 2024/5/3 17:27:33,319.5,15.12,24.04,18.07,18.57,--,--,--,--,24.16,23.99,18.07,36.66,18.59,8.694329,,
321, 2024/5/3 17:27:34,320.51,15.11,24.05,18.06,18.55,--,--,--,--,24.16,23.98,18.06,36.66,18.6,8.700241,,
322, 2024/5/3 17:27:35,321.51,15.16,24.01,18.03,18.52,--,--,--,--,24.16,23.96,18.03,36.67,18.64,8.720187,,
323, 2024/5/3 17:27:36,322.51,15.13,24.06,18.12,18.55,--,--,--,--,24.16,24.01,18.12,36.69,18.57,8.700737,,
324, 2024/5/3 17:27:37,323.51,15.13,24.04,18.12,18.64,--,--,--,--,24.15,24.02,18.12,36.67,18.55,8.673354,,
325, 2024/5/3 17:27:38,324.51,15.15,24.03,18.18,18.71,--,--,--,--,24.16,24.05,18.18,36.68,18.5,8.650738,,
326, 2024/5/3 17:27:39,325.51,15.18,24.03,18.21,18.73,--,--,--,--,24.15,24.07,18.21,36.71,18.5,8.654449,,
327, 2024/5/3 17:27:40,326.52,15.21,24.02,18.21,18.8,--,--,--,--,24.15,24.09,18.21,36.73,18.52,8.650414,,
328, 2024/5/3 17:27:41,327.52,15.16,24.06,18.22,18.84,--,--,--,--,24.16,24.11,18.22,36.72,18.5,8.632876,,
329, 2024/5/3 17:27:42,328.52,15.16,24.05,18.23,18.88,--,--,--,--,24.16,24.12,18.23,36.71,18.48,8.618172,,
330, 2024/5/3 17:27:43,329.52,15.16,24.06,18.22,18.84,--,--,--,--,24.15,24.11,18.22,36.72,18.5,8.632876,,
331, 2024/5/3 17:27:44,330.52,15.16,24.06,18.22,18.79,--,--,--,--,24.16,24.1,18.22,36.72,18.5,8.643081,,
332, 2024/5/3 17:27:45,331.52,15.21,24.02,18.18,18.76,--,--,--,--,24.15,24.07,18.18,36.73,18.55,8.665378,,
333, 2024/5/3 17:27:46,332.52,15.21,24.03,18.18,18.77,--,--,--,--,24.16,24.08,18.18,36.74,18.56,8.667647,,
334, 2024/5/3 17:27:47,333.52,15.2,24.08,18.2,18.75,--,--,--,--,24.17,24.1,18.2,36.78,18.58,8.683916,,
335, 2024/5/3 17:27:48,334.53,15.2,24.03,18.17,18.73,--,--,--,--,24.16,24.07,18.17,36.73,18.56,8.67323,,
336, 2024/5/3 17:27:49,335.53,15.21,24.04,18.15,18.69,--,--,--,--,24.16,24.06,18.15,36.75,18.6,8.695162,,
337, 2024/5/3 17:27:50,336.53,15.2,24.05,18.13,18.73,--,--,--,--,24.16,24.07,18.13,36.75,18.62,8.690951,,
338, 2024/5/3 17:27:51,337.53,15.23,24.02,18.11,18.8,--,--,--,--,24.15,24.07,18.11,36.75,18.64,8.682921,,
339, 2024/5/3 17:27:52,338.53,15.25,24.04,18.12,18.89,--,--,--,--,24.16,24.11,18.12,36.79,18.67,8.680857,,
340, 2024/5/3 17:27:53,339.53,15.28,24.04,18.14,18.9,--,--,--,--,24.16,24.13,18.14,36.82,18.68,8.688866,,
341, 2024/5/3 17:27:54,340.53,15.27,24.05,18.11,18.82,--,--,--,--,24.16,24.1,18.11,36.82,18.71,8.711284,,
342, 2024/5/3 17:27:55,341.54,15.26,24.03,18.11,18.74,--,--,--,--,24.16,24.07,18.11,36.79,18.68,8.714021,,
343, 2024/5/3 17:27:56,342.54,15.26,24.02,18.1,18.71,--,--,--,--,24.15,24.05,18.1,36.78,18.68,8.718101,,
344, 2024/5/3 17:27:57,343.54,15.33,24.02,18.1,18.65,--,--,--,--,24.15,24.06,18.1,36.85,18.75,8.764459,,
345, 2024/5/3 17:27:58,344.54,15.32,24.02,18.09,18.65,--,--,--,--,24.16,24.05,18.09,36.84,18.75,8.761862,,
346, 2024/5/3 17:27:59,345.54,15.3,24.01,18.11,18.63,--,--,--,--,24.15,24.04,18.11,36.81,18.7,8.747396,,
347, 2024/5/3 17:28:00,346.54,15.31,24.05,18.08,18.62,--,--,--,--,24.17,24.05,18.08,36.86,18.78,8.778419,,
348, 2024/5/3 17:28:01,347.54,15.34,24.05,18.07,18.54,--,--,--,--,24.16,24.04,18.07,36.89,18.82,8.811838,,
349, 2024/5/3 17:28:02,348.55,15.33,24.04,18.08,18.53,--,--,--,--,24.16,24.03,18.08,36.87,18.79,8.802465,,
350, 2024/5/3 17:28:03,349.55,15.37,24.01,18.06,18.58,--,--,--,--,24.15,24.03,18.06,36.88,18.82,8.803074,,
351, 2024/5/3 17:28:04,350.55,15.36,24.01,18.08,18.56,--,--,--,--,24.16,24.03,18.08,36.87,18.79,8.797829,,
352, 2024/5/3 17:28:05,351.55,15.34,24.07,18.06,18.5,--,--,--,--,24.15,24.04,18.06,36.91,18.85,8.831115,,
353, 2024/5/3 17:28:06,352.55,15.35,24.01,18.09,18.55,--,--,--,--,24.15,24.03,18.09,36.86,18.77,8.792788,,
354, 2024/5/3 17:28:07,353.55,15.43,23.97,18.09,18.54,--,--,--,--,24.15,24.03,18.09,36.9,18.81,8.816502,,
355, 2024/5/3 17:28:08,354.55,15.39,24.02,18.09,18.55,--,--,--,--,24.15,24.04,18.09,36.91,18.82,8.816574,,
356, 2024/5/3 17:28:09,355.56,15.44,24,18.05,18.54,--,--,--,--,24.15,24.03,18.05,36.94,18.89,8.843328,,
357, 2024/5/3 17:28:10,356.56,15.44,24.01,18.06,18.52,--,--,--,--,24.15,24.04,18.06,36.95,18.89,8.849553,,
358, 2024/5/3 17:28:11,357.56,15.39,24.04,18.05,18.53,--,--,--,--,24.15,24.04,18.05,36.93,18.88,8.838407,,
359, 2024/5/3 17:28:12,358.56,15.43,24.02,18.1,18.52,--,--,--,--,24.16,24.05,18.1,36.95,18.85,8.840029,,
360, 2024/5/3 17:28:13,359.56,15.45,24.01,18.03,18.53,--,--,--,--,24.15,24.03,18.03,36.96,18.93,8.859105,,
361, 2024/5/3 17:28:14,360.56,15.44,24.03,18.07,18.53,--,--,--,--,24.16,24.05,18.07,36.97,18.9,8.853882,,
362, 2024/5/3 17:28:15,361.56,15.47,24.02,18.07,18.51,--,--,--,--,24.17,24.05,18.07,36.99,18.92,8.868306,,
363, 2024/5/3 17:28:16,362.56,15.47,24,18.06,18.55,--,--,--,--,24.16,24.05,18.06,36.97,18.91,8.853604,,
364, 2024/5/3 17:28:17,363.57,15.47,23.98,18.05,18.54,--,--,--,--,24.15,24.03,18.05,36.95,18.9,8.849283,,
365, 2024/5/3 17:28:18,364.57,15.5,24.01,18.09,18.57,--,--,--,--,24.17,24.07,18.09,37.01,18.92,8.861632,,
366, 2024/5/3 17:28:19,365.57,15.46,24.03,18.06,18.56,--,--,--,--,24.16,24.06,18.06,36.99,18.93,8.859644,,
367, 2024/5/3 17:28:20,366.57,15.49,24,18.05,18.54,--,--,--,--,24.16,24.05,18.05,36.99,18.94,8.86766,,
368, 2024/5/3 17:28:21,367.57,15.45,24.03,18.02,18.53,--,--,--,--,24.15,24.04,18.02,36.98,18.96,8.870028,,
369, 2024/5/3 17:28:22,368.57,15.53,23.98,18.05,18.54,--,--,--,--,24.15,24.05,18.05,37.01,18.96,8.878484,,
370, 2024/5/3 17:28:23,369.58,15.46,24.02,18.07,18.57,--,--,--,--,24.16,24.06,18.07,36.98,18.91,8.850992,,
371, 2024/5/3 17:28:24,370.58,15.48,24.02,18.05,18.53,--,--,--,--,24.14,24.05,18.05,37,18.95,8.873514,,
372, 2024/5/3 17:28:25,371.58,15.51,23.99,18.02,18.5,--,--,--,--,24.14,24.03,18.02,37,18.98,8.888109,,
373, 2024/5/3 17:28:26,372.58,15.49,24.04,18.04,18.54,--,--,--,--,24.16,24.06,18.04,37.03,18.99,8.887219,,
374, 2024/5/3 17:28:27,373.58,15.52,23.99,18.03,18.5,--,--,--,--,24.15,24.03,18.03,37.01,18.98,8.890722,,
375, 2024/5/3 17:28:28,374.58,15.55,23.98,18.02,18.49,--,--,--,--,24.15,24.03,18.02,37.03,19.01,8.90532,,
376, 2024/5/3 17:28:29,375.58,15.49,24.03,18,18.49,--,--,--,--,24.15,24.04,18,37.02,19.02,8.902295,,
377, 2024/5/3 17:28:30,376.59,15.54,24.01,18.03,18.52,--,--,--,--,24.16,24.05,18.03,37.05,19.02,8.904958,,
378, 2024/5/3 17:28:31,377.58,15.55,24,18.02,18.51,--,--,--,--,24.14,24.05,18.02,37.05,19.03,8.909822,,
379, 2024/5/3 17:28:32,378.59,15.58,24,18.03,18.51,--,--,--,--,24.15,24.06,18.03,37.08,19.05,8.92217,,
380, 2024/5/3 17:28:33,379.59,15.59,23.99,17.98,18.52,--,--,--,--,24.14,24.04,17.98,37.08,19.1,8.93193,,
381, 2024/5/3 17:28:34,380.59,15.58,24.01,18.03,18.54,--,--,--,--,24.15,24.07,18.03,37.09,19.06,8.920285,,
382, 2024/5/3 17:28:35,381.59,15.6,24,18,18.55,--,--,--,--,24.16,24.06,18,37.1,19.1,8.930413,,
383, 2024/5/3 17:28:36,382.59,15.61,24.01,18.04,18.5,--,--,--,--,24.15,24.07,18.04,37.12,19.08,8.940913,,
384, 2024/5/3 17:28:37,383.59,15.64,23.98,18.01,18.51,--,--,--,--,24.15,24.06,18.01,37.12,19.11,8.947231,,
385, 2024/5/3 17:28:38,384.6,15.64,23.99,18.02,18.5,--,--,--,--,24.15,24.06,18.02,37.13,19.11,8.951369,,
386, 2024/5/3 17:28:39,385.6,15.59,24,18,18.53,--,--,--,--,24.16,24.06,18,37.09,19.09,8.929667,,
387, 2024/5/3 17:28:40,386.6,15.62,24,18.04,18.53,--,--,--,--,24.16,24.07,18.04,37.12,19.08,8.935245,,
388, 2024/5/3 17:28:41,387.6,15.6,24,18.02,18.52,--,--,--,--,24.15,24.06,18.02,37.1,19.08,8.932084,,
389, 2024/5/3 17:28:42,388.6,15.65,24,18,18.51,--,--,--,--,24.15,24.07,18,37.15,19.15,8.962992,,
390, 2024/5/3 17:28:43,389.6,15.64,24,18.05,18.54,--,--,--,--,24.16,24.08,18.05,37.14,19.09,8.940663,,
391, 2024/5/3 17:28:44,390.6,15.65,23.98,18.05,18.58,--,--,--,--,24.16,24.09,18.05,37.13,19.08,8.928667,,
392, 2024/5/3 17:28:45,391.6,15.66,23.96,18,18.54,--,--,--,--,24.14,24.06,18,37.12,19.12,8.94441,,
393, 2024/5/3 17:28:46,392.61,15.67,23.99,18.05,18.52,--,--,--,--,24.15,24.08,18.05,37.16,19.11,8.955091,,
394, 2024/5/3 17:28:47,393.61,15.68,24,18.04,18.52,--,--,--,--,24.16,24.09,18.04,37.18,19.14,8.96652,,
395, 2024/5/3 17:28:48,394.61,15.7,23.98,18.06,18.51,--,--,--,--,24.15,24.08,18.06,37.18,19.12,8.965216,,
396, 2024/5/3 17:28:49,395.61,15.65,23.97,18.05,18.56,--,--,--,--,24.16,24.08,18.05,37.12,19.07,8.928472,,
397, 2024/5/3 17:28:50,396.61,15.69,23.98,18.03,18.54,--,--,--,--,24.15,24.08,18.03,37.17,19.14,8.96088,,
398, 2024/5/3 17:28:51,397.61,15.66,23.99,18.01,18.56,--,--,--,--,24.15,24.08,18.01,37.15,19.14,8.950982,,
399, 2024/5/3 17:28:52,398.62,15.63,24.01,18.05,18.53,--,--,--,--,24.15,24.08,18.05,37.14,19.09,8.942182,,
400, 2024/5/3 17:28:53,399.62,15.7,23.97,17.99,18.54,--,--,--,--,24.14,24.07,17.99,37.17,19.18,8.970455,,
401, 2024/5/3 17:28:54,400.62,15.68,23.97,18.02,18.54,--,--,--,--,24.15,24.07,18.02,37.15,19.13,8.953952,,
402, 2024/5/3 17:28:55,401.62,15.7,23.96,18.01,18.53,--,--,--,--,24.14,24.07,18.01,37.16,19.15,8.963692,,
403, 2024/5/3 17:28:56,402.62,15.68,23.98,18.02,18.52,--,--,--,--,24.14,24.07,18.02,37.16,19.14,8.962388,,
404, 2024/5/3 17:28:57,403.62,15.65,23.99,18.04,18.52,--,--,--,--,24.14,24.07,18.04,37.14,19.1,8.947599,,
405, 2024/5/3 17:28:58,404.62,15.68,23.99,17.97,18.53,--,--,--,--,24.16,24.07,17.97,37.17,19.2,8.975928,,
406, 2024/5/3 17:28:59,405.63,15.69,23.99,18,18.55,--,--,--,--,24.15,24.08,18,37.18,19.18,8.969902,,
407, 2024/5/3 17:29:00,406.63,15.69,23.98,17.95,18.55,--,--,--,--,24.14,24.06,17.95,37.17,19.22,8.976908,,
408, 2024/5/3 17:29:01,407.63,15.65,24,18.02,18.53,--,--,--,--,24.16,24.08,18.02,37.15,19.13,8.954352,,
409, 2024/5/3 17:29:02,408.63,15.71,23.96,17.99,18.53,--,--,--,--,24.14,24.06,17.99,37.17,19.18,8.973068,,
410, 2024/5/3 17:29:03,409.63,15.72,23.98,18.03,18.52,--,--,--,--,24.15,24.08,18.03,37.2,19.17,8.979616,,
411, 2024/5/3 17:29:04,410.63,15.74,23.93,18.02,18.52,--,--,--,--,24.15,24.06,18.02,37.17,19.15,8.970064,,
412, 2024/5/3 17:29:05,411.63,15.72,23.98,18,18.51,--,--,--,--,24.16,24.07,18,37.2,19.2,8.988428,,
413, 2024/5/3 17:29:06,412.63,15.68,24,18,18.51,--,--,--,--,24.15,24.07,18,37.18,19.18,8.977592,,
414, 2024/5/3 17:29:07,413.64,15.69,23.99,17.99,18.47,--,--,--,--,24.16,24.06,17.99,37.18,19.19,8.988665,,
415, 2024/5/3 17:29:08,414.64,15.72,23.98,17.96,18.47,--,--,--,--,24.14,24.05,17.96,37.2,19.24,9.0057,,
416, 2024/5/3 17:29:09,415.64,15.69,23.99,17.98,18.48,--,--,--,--,24.13,24.06,17.98,37.18,19.2,8.988847,,
417, 2024/5/3 17:29:10,416.64,15.68,23.97,17.99,18.49,--,--,--,--,24.14,24.05,17.99,37.15,19.16,8.97102,,
418, 2024/5/3 17:29:11,417.64,15.72,23.99,18.02,18.5,--,--,--,--,24.15,24.08,18.02,37.21,19.19,8.990309,,
419, 2024/5/3 17:29:12,418.64,15.68,23.99,17.98,18.5,--,--,--,--,24.15,24.06,17.98,37.17,19.19,8.979847,,
420, 2024/5/3 17:29:13,419.65,15.67,23.99,17.98,18.48,--,--,--,--,24.14,24.05,17.98,37.16,19.18,8.979115,,
421, 2024/5/3 17:29:14,420.65,15.71,23.97,17.99,18.51,--,--,--,--,24.14,24.06,17.99,37.18,19.19,8.981498,,
422, 2024/5/3 17:29:15,421.65,15.75,23.97,18.01,18.47,--,--,--,--,24.14,24.07,18.01,37.22,19.21,9.004742,,
423, 2024/5/3 17:29:16,422.65,15.76,23.97,17.99,18.49,--,--,--,--,24.15,24.07,17.99,37.23,19.24,9.009965,,
424, 2024/5/3 17:29:17,423.65,15.73,23.99,18.01,18.51,--,--,--,--,24.15,24.08,18.01,37.22,19.21,8.99536,,
425, 2024/5/3 17:29:18,424.65,15.75,23.96,17.98,18.53,--,--,--,--,24.15,24.07,17.98,37.21,19.23,8.994802,,
426, 2024/5/3 17:29:19,425.65,15.72,23.98,18,18.53,--,--,--,--,24.15,24.08,18,37.2,19.2,8.984307,,
427, 2024/5/3 17:29:20,426.65,15.74,24,17.99,18.52,--,--,--,--,24.15,24.09,17.99,37.24,19.25,9.006989,,
428, 2024/5/3 17:29:21,427.66,15.81,23.96,18.03,18.51,--,--,--,--,24.16,24.09,18.03,37.27,19.24,9.016898,,
429, 2024/5/3 17:29:22,428.66,15.76,23.99,18.01,18.51,--,--,--,--,24.15,24.09,18.01,37.25,19.24,9.009965,,
430, 2024/5/3 17:29:23,429.66,15.78,23.99,18,18.46,--,--,--,--,24.15,24.08,18,37.27,19.27,9.032295,,
431, 2024/5/3 17:29:24,430.66,15.76,23.99,18.04,18.49,--,--,--,--,24.15,24.09,18.04,37.25,19.21,9.007368,,
432, 2024/5/3 17:29:25,431.66,15.82,23.96,18,18.49,--,--,--,--,24.15,24.08,18,37.28,19.28,9.032624,,
433, 2024/5/3 17:29:26,432.66,15.86,23.94,18.02,18.51,--,--,--,--,24.15,24.09,18.02,37.3,19.28,9.034892,,
434, 2024/5/3 17:29:27,433.66,15.82,23.95,17.98,18.55,--,--,--,--,24.14,24.09,17.98,37.27,19.29,9.020491,,
435, 2024/5/3 17:29:28,434.67,15.8,23.96,18.04,18.56,--,--,--,--,24.15,24.11,18.04,37.26,19.22,8.999486,,
436, 2024/5/3 17:29:29,435.67,15.82,23.96,17.99,18.57,--,--,--,--,24.15,24.1,17.99,37.28,19.29,9.018444,,
437, 2024/5/3 17:29:30,436.67,15.82,23.97,18,18.52,--,--,--,--,24.14,24.1,18,37.29,19.29,9.03075,,
438, 2024/5/3 17:29:31,437.67,15.88,23.92,18.03,18.53,--,--,--,--,24.14,24.1,18.03,37.3,19.27,9.029693,,
439, 2024/5/3 17:29:32,438.67,15.86,23.96,18.02,18.56,--,--,--,--,24.15,24.12,18.02,37.32,19.3,9.033217,,
440, 2024/5/3 17:29:33,439.67,15.87,23.94,18,18.54,--,--,--,--,24.15,24.1,18,37.31,19.31,9.038093,,
441, 2024/5/3 17:29:34,440.67,15.85,23.96,17.98,18.5,--,--,--,--,24.15,24.09,17.98,37.31,19.33,9.04967,,
442, 2024/5/3 17:29:36,441.68,15.88,23.94,17.97,18.53,--,--,--,--,24.14,24.09,17.97,37.32,19.35,9.051765,,
443, 2024/5/3 17:29:37,442.68,15.87,23.96,17.98,18.52,--,--,--,--,24.13,24.1,17.98,37.33,19.35,9.0553,,
444, 2024/5/3 17:29:38,443.68,15.9,23.94,18.04,18.48,--,--,--,--,24.15,24.1,18.04,37.34,19.3,9.056107,,
445, 2024/5/3 17:29:39,444.68,15.91,23.96,18.01,18.51,--,--,--,--,24.14,24.11,18.01,37.37,19.36,9.070099,,
446, 2024/5/3 17:29:40,445.68,15.89,23.97,18.01,18.53,--,--,--,--,24.15,24.12,18.01,37.36,19.35,9.060542,,
447, 2024/5/3 17:29:41,446.68,15.88,23.98,18.01,18.53,--,--,--,--,24.15,24.12,18.01,37.36,19.35,9.059975,,
448, 2024/5/3 17:29:42,447.68,15.93,23.94,17.99,18.55,--,--,--,--,24.14,24.11,17.99,37.37,19.38,9.067533,,
449, 2024/5/3 17:29:43,448.69,15.93,23.95,18.02,18.53,--,--,--,--,24.14,24.12,18.02,37.38,19.36,9.069191,,
450, 2024/5/3 17:29:44,449.69,15.95,23.93,17.97,18.53,--,--,--,--,24.14,24.1,17.97,37.38,19.41,9.081577,,
451, 2024/5/3 17:29:45,450.69,15.95,23.94,17.99,18.51,--,--,--,--,24.14,24.11,17.99,37.39,19.4,9.085478,,
452, 2024/5/3 17:29:46,451.69,15.91,23.95,18.02,18.54,--,--,--,--,24.14,24.12,18.02,37.36,19.34,9.057389,,
453, 2024/5/3 17:29:47,452.69,15.95,23.96,17.96,18.51,--,--,--,--,24.14,24.11,17.96,37.41,19.45,9.100823,,
454, 2024/5/3 17:29:48,453.69,15.99,23.91,17.98,18.5,--,--,--,--,24.14,24.1,17.98,37.4,19.42,9.096383,,
455, 2024/5/3 17:29:49,454.69,15.95,23.95,18,18.49,--,--,--,--,24.14,24.11,18,37.4,19.4,9.09165,,
456, 2024/5/3 17:29:50,455.7,15.96,23.94,17.99,18.51,--,--,--,--,24.14,24.11,17.99,37.4,19.41,9.090351,,
457, 2024/5/3 17:29:51,456.7,16,23.94,17.97,18.47,--,--,--,--,24.14,24.11,17.97,37.44,19.47,9.122553,,
458, 2024/5/3 17:29:52,457.7,16.03,23.92,18,18.51,--,--,--,--,24.14,24.12,18,37.45,19.45,9.113643,,
459, 2024/5/3 17:29:53,458.7,15.93,23.98,18,18.49,--,--,--,--,24.15,24.12,18,37.41,19.41,9.094814,,
460, 2024/5/3 17:29:54,459.7,15.98,23.96,17.99,18.48,--,--,--,--,24.13,24.12,17.99,37.44,19.45,9.114869,,
461, 2024/5/3 17:29:55,460.7,15.98,23.96,18,18.48,--,--,--,--,24.15,24.12,18,37.44,19.44,9.112629,,
462, 2024/5/3 17:29:56,461.7,15.97,23.95,18.02,18.48,--,--,--,--,24.14,24.12,18.02,37.42,19.4,9.098982,,
463, 2024/5/3 17:29:57,462.7,15.99,23.95,18.01,18.48,--,--,--,--,24.14,24.12,18.01,37.44,19.43,9.110964,,
464, 2024/5/3 17:29:58,463.7,16.03,23.95,18,18.48,--,--,--,--,24.15,24.13,18,37.48,19.48,9.132693,,
465, 2024/5/3 17:29:59,464.71,16,23.96,18.01,18.51,--,--,--,--,24.15,24.14,18.01,37.46,19.45,9.113955,,
466, 2024/5/3 17:30:00,465.71,16,23.92,17.98,18.48,--,--,--,--,24.15,24.1,17.98,37.42,19.44,9.109656,,
467, 2024/5/3 17:30:01,466.71,16.05,23.93,17.93,18.47,--,--,--,--,24.13,24.1,17.93,37.48,19.55,9.151595,,
468, 2024/5/3 17:30:02,467.71,16.09,23.91,17.97,18.49,--,--,--,--,24.13,24.12,17.97,37.5,19.53,9.149424,,
469, 2024/5/3 17:30:03,468.71,16.1,23.9,17.99,18.48,--,--,--,--,24.14,24.12,17.99,37.5,19.51,9.147592,,
470, 2024/5/3 17:30:04,469.71,16.07,23.93,18.01,18.48,--,--,--,--,24.15,24.13,18.01,37.5,19.49,9.141367,,
471, 2024/5/3 17:30:05,470.72,16.08,23.91,17.98,18.48,--,--,--,--,24.14,24.12,17.98,37.49,19.51,9.144363,,
472, 2024/5/3 17:30:06,471.72,16.11,23.91,18.03,18.52,--,--,--,--,24.14,24.15,18.03,37.52,19.49,9.139616,,
473, 2024/5/3 17:30:07,472.72,16.06,23.97,17.99,18.51,--,--,--,--,24.14,24.15,17.99,37.53,19.54,9.151977,,
474, 2024/5/3 17:30:08,473.72,16.1,23.93,17.97,18.51,--,--,--,--,24.14,24.14,17.97,37.53,19.56,9.158783,,
475, 2024/5/3 17:30:09,474.72,16.09,23.93,17.99,18.57,--,--,--,--,24.14,24.15,17.99,37.52,19.53,9.137165,,
476, 2024/5/3 17:30:10,475.72,16.1,23.93,18.01,18.57,--,--,--,--,24.14,24.16,18.01,37.53,19.52,9.137548,,
477, 2024/5/3 17:30:11,476.72,16.07,23.96,18.02,18.6,--,--,--,--,24.15,24.18,18.02,37.53,19.51,9.127411,,
478, 2024/5/3 17:30:12,477.73,16.12,23.93,18.04,18.52,--,--,--,--,24.14,24.16,18.04,37.55,19.51,9.150827,,
479, 2024/5/3 17:30:13,478.73,16.12,23.94,17.99,18.52,--,--,--,--,24.14,24.15,17.99,37.56,19.57,9.166291,,
480, 2024/5/3 17:30:14,479.73,16.15,23.92,18.01,18.53,--,--,--,--,24.14,24.16,18.01,37.57,19.56,9.165826,,
481, 2024/5/3 17:30:15,480.73,16.16,23.94,17.98,18.52,--,--,--,--,24.14,24.16,17.98,37.6,19.62,9.188035,,
482, 2024/5/3 17:30:16,481.73,16.18,23.89,17.98,18.51,--,--,--,--,24.14,24.14,17.98,37.57,19.59,9.178414,,
483, 2024/5/3 17:30:17,482.73,16.14,23.94,18.02,18.5,--,--,--,--,24.14,24.16,18.02,37.58,19.56,9.173442,,
484, 2024/5/3 17:30:18,483.73,16.15,23.94,17.98,18.48,--,--,--,--,24.14,24.15,17.98,37.59,19.61,9.191362,,
485, 2024/5/3 17:30:19,484.74,16.15,23.94,18.01,18.54,--,--,--,--,24.14,24.17,18.01,37.59,19.58,9.172345,,
486, 2024/5/3 17:30:20,485.74,16.15,23.93,17.97,18.54,--,--,--,--,24.14,24.16,17.97,37.58,19.61,9.177032,,
487, 2024/5/3 17:30:21,486.74,16.15,23.94,17.98,18.54,--,--,--,--,24.14,24.16,17.98,37.59,19.61,9.17907,,
488, 2024/5/3 17:30:22,487.74,16.16,23.95,18.02,18.56,--,--,--,--,24.15,24.19,18.02,37.61,19.59,9.175178,,
489, 2024/5/3 17:30:23,488.74,16.16,23.93,17.97,18.49,--,--,--,--,24.14,24.15,17.97,37.59,19.62,9.192132,,
490, 2024/5/3 17:30:24,489.74,16.2,23.91,18.01,18.5,--,--,--,--,24.14,24.16,18.01,37.61,19.6,9.19208,,
491, 2024/5/3 17:30:25,490.74,16.14,23.95,18.01,18.5,--,--,--,--,24.15,24.16,18.01,37.59,19.58,9.17996,,
492, 2024/5/3 17:30:26,491.75,16.18,23.95,18.01,18.52,--,--,--,--,24.14,24.18,18.01,37.63,19.62,9.195359,,
493, 2024/5/3 17:30:27,492.75,16.19,23.92,18.01,18.5,--,--,--,--,24.13,24.16,18.01,37.61,19.6,9.191484,,
494, 2024/5/3 17:30:28,493.75,16.19,23.92,18.01,18.5,--,--,--,--,24.14,24.16,18.01,37.61,19.6,9.191484,,
495, 2024/5/3 17:30:29,494.75,16.22,23.91,17.99,18.51,--,--,--,--,24.15,24.16,17.99,37.63,19.64,9.204253,,
496, 2024/5/3 17:30:30,495.75,16.18,23.92,18.02,18.5,--,--,--,--,24.14,24.16,18.02,37.6,19.58,9.184378,,
497, 2024/5/3 17:30:31,496.75,16.21,23.91,18,18.5,--,--,--,--,24.14,24.16,18,37.62,19.62,9.199188,,
498, 2024/5/3 17:30:32,497.75,16.21,23.93,17.97,18.49,--,--,--,--,24.14,24.16,17.97,37.64,19.67,9.216511,,
499, 2024/5/3 17:30:33,498.75,16.19,23.93,17.96,18.47,--,--,--,--,24.13,24.15,17.96,37.62,19.66,9.213099,,
500, 2024/5/3 17:30:34,499.76,16.18,23.95,17.98,18.48,--,--,--,--,24.14,24.16,17.98,37.63,19.65,9.210281,,
501, 2024/5/3 17:30:35,500.76,16.25,23.91,18,18.48,--,--,--,--,24.14,24.16,18,37.66,19.66,9.222807,,
502, 2024/5/3 17:30:36,501.76,16.21,23.93,17.97,18.51,--,--,--,--,24.14,24.16,17.97,37.64,19.67,9.212416,,
503, 2024/5/3 17:30:37,502.76,16.23,23.91,17.99,18.51,--,--,--,--,24.14,24.16,17.99,37.64,19.65,9.20913,,
504, 2024/5/3 17:30:38,503.76,16.2,23.95,18.02,18.56,--,--,--,--,24.15,24.2,18.02,37.65,19.63,9.194689,,
505, 2024/5/3 17:30:39,504.76,16.15,23.97,18.01,18.53,--,--,--,--,24.14,24.18,18.01,37.62,19.61,9.187256,,
506, 2024/5/3 17:30:40,505.76,16.23,23.92,17.99,18.55,--,--,--,--,24.14,24.18,17.99,37.65,19.66,9.205243,,
507, 2024/5/3 17:30:41,506.76,16.25,23.92,17.99,18.54,--,--,--,--,24.14,24.18,17.99,37.67,19.68,9.217038,,
508, 2024/5/3 17:30:42,507.77,16.28,23.91,17.99,18.53,--,--,--,--,24.14,24.18,17.99,37.69,19.7,9.229438,,
509, 2024/5/3 17:30:43,508.77,16.29,23.91,17.98,18.52,--,--,--,--,24.13,24.18,17.98,37.7,19.72,9.238594,,
510, 2024/5/3 17:30:44,509.77,16.27,23.93,18,18.51,--,--,--,--,24.15,24.19,18,37.7,19.7,9.234971,,
511, 2024/5/3 17:30:45,510.77,16.26,23.92,17.98,18.49,--,--,--,--,24.14,24.17,17.98,37.68,19.7,9.234377,,
512, 2024/5/3 17:30:46,511.77,16.22,23.96,18.02,18.49,--,--,--,--,24.14,24.19,18.02,37.68,19.66,9.223086,,
513, 2024/5/3 17:30:47,512.77,16.26,23.92,18.04,18.48,--,--,--,--,24.14,24.18,18.04,37.68,19.64,9.223073,,
514, 2024/5/3 17:30:48,513.78,16.3,23.9,18.01,18.54,--,--,--,--,24.14,24.19,18.01,37.7,19.69,9.228417,,
515, 2024/5/3 17:30:49,514.78,16.38,23.86,18.02,18.64,--,--,--,--,24.13,24.22,18.02,37.74,19.72,9.227936,,
516, 2024/5/3 17:30:50,515.78,16.3,23.92,18.02,18.7,--,--,--,--,24.13,24.24,18.02,37.72,19.7,9.202333,,
517, 2024/5/3 17:30:51,516.78,16.28,23.92,18.03,18.9,--,--,--,--,24.13,24.29,18.03,37.7,19.67,9.150604,,
518, 2024/5/3 17:30:52,517.78,16.35,23.9,18.11,19.11,--,--,--,--,24.14,24.37,18.11,37.75,19.64,9.117317,,
519, 2024/5/3 17:30:53,518.78,16.3,23.92,18.2,19.21,--,--,--,--,24.13,24.41,18.2,37.72,19.52,9.061499,,
520, 2024/5/3 17:30:54,519.78,16.32,23.89,18.22,19.3,--,--,--,--,24.14,24.43,18.22,37.71,19.49,9.037017,,
521, 2024/5/3 17:30:55,520.79,16.34,23.92,18.22,19.35,--,--,--,--,24.14,24.46,18.22,37.76,19.54,9.049922,,
522, 2024/5/3 17:30:56,521.79,16.35,23.91,18.24,19.33,--,--,--,--,24.14,24.46,18.24,37.76,19.52,9.049821,,
523, 2024/5/3 17:30:57,522.79,16.39,23.88,18.25,19.38,--,--,--,--,24.14,24.47,18.25,37.77,19.52,9.045194,,
524, 2024/5/3 17:30:58,523.79,16.33,23.93,18.2,19.42,--,--,--,--,24.14,24.48,18.2,37.76,19.56,9.040701,,
525, 2024/5/3 17:30:59,524.79,16.36,23.91,18.23,19.47,--,--,--,--,24.15,24.5,18.23,37.77,19.54,9.030811,,
526, 2024/5/3 17:31:00,525.79,16.33,23.95,18.21,19.36,--,--,--,--,24.13,24.48,18.21,37.78,19.57,9.057999,,
527, 2024/5/3 17:31:01,526.79,16.38,23.92,18.2,19.53,--,--,--,--,24.15,24.51,18.2,37.8,19.6,9.040661,,
528, 2024/5/3 17:31:02,527.79,16.41,23.89,18.27,19.78,--,--,--,--,24.14,24.59,18.27,37.8,19.53,8.981322,,
529, 2024/5/3 17:31:03,528.79,16.37,23.91,18.29,19.79,--,--,--,--,24.14,24.59,18.29,37.78,19.49,8.963489,,
530, 2024/5/3 17:31:04,529.8,16.41,23.9,18.28,19.73,--,--,--,--,24.13,24.58,18.28,37.81,19.53,8.992067,,
531, 2024/5/3 17:31:05,530.8,16.4,23.92,18.28,19.64,--,--,--,--,24.14,24.57,18.28,37.82,19.54,9.011732,,
532, 2024/5/3 17:31:06,531.8,16.4,23.94,18.23,19.51,--,--,--,--,24.15,24.53,18.23,37.84,19.61,9.055507,,
533, 2024/5/3 17:31:07,532.8,16.41,23.9,18.21,19.41,--,--,--,--,24.14,24.48,18.21,37.81,19.6,9.06692,,
534, 2024/5/3 17:31:08,533.8,16.4,23.9,18.14,19.34,--,--,--,--,24.14,24.45,18.14,37.8,19.66,9.091262,,
535, 2024/5/3 17:31:09,534.81,16.39,23.94,18.1,19.23,--,--,--,--,24.14,24.43,18.1,37.83,19.73,9.133106,,
536, 2024/5/3 17:31:10,535.81,16.41,23.94,18.14,19.22,--,--,--,--,24.14,24.44,18.14,37.85,19.71,9.135581,,
537, 2024/5/3 17:31:11,536.81,16.42,23.91,18.18,19.19,--,--,--,--,24.14,24.43,18.18,37.83,19.65,9.124445,,
538, 2024/5/3 17:31:12,537.81,16.46,23.9,18.18,19.24,--,--,--,--,24.14,24.45,18.18,37.86,19.68,9.130307,,
539, 2024/5/3 17:31:13,538.81,16.45,23.89,18.19,19.25,--,--,--,--,24.13,24.44,18.19,37.84,19.65,9.117037,,
540, 2024/5/3 17:31:14,539.81,16.48,23.89,18.15,19.26,--,--,--,--,24.14,24.44,18.15,37.87,19.72,9.138998,,
541, 2024/5/3 17:31:15,540.81,16.46,23.9,18.1,19.2,--,--,--,--,24.13,24.42,18.1,37.86,19.76,9.156249,,
542, 2024/5/3 17:31:16,541.81,16.43,23.93,18.12,19.15,--,--,--,--,24.14,24.42,18.12,37.86,19.74,9.159121,,
543, 2024/5/3 17:31:17,542.81,16.44,23.93,18.13,19.07,--,--,--,--,24.14,24.4,18.13,37.87,19.74,9.177138,,
544, 2024/5/3 17:31:18,543.82,16.45,23.93,18.12,19,--,--,--,--,24.14,24.38,18.12,37.88,19.76,9.197908,,
545, 2024/5/3 17:31:19,544.82,16.53,23.87,18.1,18.99,--,--,--,--,24.13,24.37,18.1,37.9,19.8,9.218246,,
546, 2024/5/3 17:31:20,545.82,16.45,23.92,18.07,18.95,--,--,--,--,24.14,24.35,18.07,37.87,19.8,9.214801,,
547, 2024/5/3 17:31:21,546.82,16.46,23.91,18.08,18.87,--,--,--,--,24.13,24.33,18.08,37.87,19.79,9.228905,,
548, 2024/5/3 17:31:22,547.82,16.53,23.89,18.04,18.87,--,--,--,--,24.14,24.33,18.04,37.92,19.88,9.263717,,
549, 2024/5/3 17:31:23,548.82,16.54,23.9,18.05,18.83,--,--,--,--,24.14,24.33,18.05,37.94,19.89,9.278459,,
550, 2024/5/3 17:31:24,549.82,16.49,23.92,18.03,18.83,--,--,--,--,24.14,24.32,18.03,37.91,19.88,9.267008,,
551, 2024/5/3 17:31:25,550.83,16.48,23.92,18.02,18.82,--,--,--,--,24.13,24.32,18.02,37.9,19.88,9.266362,,
552, 2024/5/3 17:31:26,551.83,16.49,23.92,18.03,18.85,--,--,--,--,24.14,24.33,18.03,37.91,19.88,9.263061,,
553, 2024/5/3 17:31:27,552.83,16.49,23.92,18.04,18.87,--,--,--,--,24.14,24.34,18.04,37.91,19.87,9.256854,,
554, 2024/5/3 17:31:28,553.83,16.54,23.87,18.02,18.85,--,--,--,--,24.12,24.31,18.02,37.91,19.89,9.268608,,
555, 2024/5/3 17:31:29,554.83,16.5,23.91,18.03,18.89,--,--,--,--,24.14,24.34,18.03,37.91,19.88,9.25585,,
556, 2024/5/3 17:31:30,555.83,16.49,23.91,18.06,18.86,--,--,--,--,24.13,24.33,18.06,37.9,19.84,9.250066,,
557, 2024/5/3 17:31:31,556.83,16.53,23.9,18.07,18.89,--,--,--,--,24.13,24.35,18.07,37.93,19.86,9.25723,,
558, 2024/5/3 17:31:32,557.84,16.53,23.89,18.07,18.89,--,--,--,--,24.13,24.34,18.07,37.92,19.85,9.253004,,
559, 2024/5/3 17:31:33,558.84,16.6,23.88,18.06,18.87,--,--,--,--,24.14,24.35,18.06,37.98,19.92,9.289209,,
560, 2024/5/3 17:31:34,559.84,16.53,23.87,18.07,18.85,--,--,--,--,24.13,24.32,18.07,37.9,19.83,9.25243,,
561, 2024/5/3 17:31:35,560.84,16.51,23.9,18.08,18.82,--,--,--,--,24.14,24.33,18.08,37.91,19.83,9.259011,,
562, 2024/5/3 17:31:36,561.84,16.52,23.89,18.06,18.78,--,--,--,--,24.13,24.31,18.06,37.91,19.85,9.272104,,
563, 2024/5/3 17:31:37,562.84,16.52,23.91,18.03,18.77,--,--,--,--,24.14,24.31,18.03,37.93,19.9,9.28932,,
564, 2024/5/3 17:31:38,563.84,16.52,23.92,18.02,18.71,--,--,--,--,24.13,24.3,18.02,37.94,19.92,9.307782,,
565, 2024/5/3 17:31:39,564.84,16.53,23.92,17.99,18.69,--,--,--,--,24.13,24.29,17.99,37.95,19.96,9.32342,,
566, 2024/5/3 17:31:40,565.85,16.53,23.91,17.98,18.69,--,--,--,--,24.13,24.28,17.98,37.94,19.96,9.321419,,
567, 2024/5/3 17:31:41,566.85,16.56,23.89,18.01,18.69,--,--,--,--,24.14,24.29,18.01,37.95,19.94,9.320834,,
568, 2024/5/3 17:31:42,567.85,16.59,23.89,18.01,18.7,--,--,--,--,24.13,24.3,18.01,37.98,19.97,9.333496,,
569, 2024/5/3 17:31:43,568.85,16.54,23.9,17.95,18.68,--,--,--,--,24.13,24.27,17.95,37.94,19.99,9.330812,,
570, 2024/5/3 17:31:44,569.85,16.57,23.91,17.99,18.65,--,--,--,--,24.13,24.28,17.99,37.98,19.99,9.346725,,
571, 2024/5/3 17:31:45,570.85,16.56,23.89,17.99,18.65,--,--,--,--,24.15,24.27,17.99,37.95,19.96,9.333338,,
572, 2024/5/3 17:31:46,571.86,16.59,23.85,17.97,18.68,--,--,--,--,24.13,24.26,17.97,37.94,19.97,9.329504,,
573, 2024/5/3 17:31:47,572.86,16.55,23.9,17.94,18.69,--,--,--,--,24.14,24.27,17.94,37.95,20.01,9.335962,,
574, 2024/5/3 17:31:48,573.86,16.55,23.91,17.97,18.63,--,--,--,--,24.14,24.27,17.97,37.96,19.99,9.345468,,
575, 2024/5/3 17:31:49,574.86,16.55,23.9,17.92,18.63,--,--,--,--,24.13,24.25,17.92,37.95,20.03,9.352465,,
576, 2024/5/3 17:31:50,575.86,16.51,23.93,17.93,18.66,--,--,--,--,24.14,24.27,17.93,37.94,20.01,9.337452,,
577, 2024/5/3 17:31:51,576.86,16.58,23.88,17.93,18.64,--,--,--,--,24.14,24.25,17.93,37.96,20.03,9.354348,,
578, 2024/5/3 17:31:52,577.86,16.57,23.9,17.94,18.61,--,--,--,--,24.13,24.26,17.94,37.97,20.03,9.361739,,
579, 2024/5/3 17:31:53,578.86,16.57,23.91,17.95,18.63,--,--,--,--,24.14,24.27,17.95,37.98,20.03,9.35973,,
580, 2024/5/3 17:31:54,579.87,16.61,23.88,17.93,18.62,--,--,--,--,24.14,24.26,17.93,37.99,20.06,9.373007,,
581, 2024/5/3 17:31:55,580.87,16.56,23.91,17.94,18.59,--,--,--,--,24.13,24.25,17.94,37.97,20.03,9.365142,,
582, 2024/5/3 17:31:56,581.87,16.59,23.88,17.93,18.62,--,--,--,--,24.13,24.25,17.93,37.97,20.04,9.363236,,
583, 2024/5/3 17:31:57,582.87,16.52,23.95,17.93,18.67,--,--,--,--,24.13,24.28,17.93,37.97,20.04,9.348861,,
584, 2024/5/3 17:31:58,583.87,16.57,23.89,17.96,18.66,--,--,--,--,24.13,24.27,17.96,37.96,20,9.342959,,
585, 2024/5/3 17:31:59,584.87,16.6,23.87,17.94,18.67,--,--,--,--,24.14,24.26,17.94,37.97,20.03,9.351625,,
586, 2024/5/3 17:32:00,585.87,16.55,23.93,17.95,18.68,--,--,--,--,24.14,24.29,17.95,37.98,20.03,9.348462,,
587, 2024/5/3 17:32:01,586.88,16.58,23.91,17.93,18.69,--,--,--,--,24.14,24.28,17.93,37.99,20.06,9.35713,,
588, 2024/5/3 17:32:02,587.88,16.59,23.9,17.94,18.65,--,--,--,--,24.13,24.27,17.94,37.99,20.05,9.363486,,
589, 2024/5/3 17:32:03,588.88,16.6,23.9,17.94,18.65,--,--,--,--,24.12,24.27,17.94,38,20.06,9.36837,,
590, 2024/5/3 17:32:04,589.88,16.63,23.89,17.96,18.67,--,--,--,--,24.15,24.29,17.96,38.02,20.06,9.370274,,
591, 2024/5/3 17:32:05,590.88,16.63,23.9,17.94,18.65,--,--,--,--,24.14,24.28,17.94,38.03,20.09,9.383022,,
592, 2024/5/3 17:32:06,591.88,16.58,23.9,17.91,18.62,--,--,--,--,24.13,24.25,17.91,37.98,20.07,9.371372,,
593, 2024/5/3 17:32:07,592.88,16.61,23.88,17.93,18.61,--,--,--,--,24.12,24.25,17.93,37.99,20.06,9.375011,,
594, 2024/5/3 17:32:08,593.89,16.61,23.9,17.92,18.61,--,--,--,--,24.13,24.26,17.92,38.01,20.09,9.385773,,
595, 2024/5/3 17:32:09,594.89,16.6,23.9,17.92,18.63,--,--,--,--,24.13,24.26,17.92,38,20.08,9.376881,,
596, 2024/5/3 17:32:10,595.89,16.62,23.9,17.93,18.6,--,--,--,--,24.13,24.26,17.93,38.02,20.09,9.390414,,
597, 2024/5/3 17:32:11,596.89,16.64,23.88,17.93,18.64,--,--,--,--,24.13,24.27,17.93,38.02,20.09,9.383657,,
598, 2024/5/3 17:32:12,597.89,16.64,23.88,17.94,18.6,--,--,--,--,24.13,24.26,17.94,38.02,20.08,9.389426,,
599, 2024/5/3 17:32:13,598.89,16.6,23.92,17.93,18.64,--,--,--,--,24.13,24.28,17.93,38.02,20.09,9.381138,,
600, 2024/5/3 17:32:14,599.9,16.68,23.87,17.94,18.64,--,--,--,--,24.13,24.28,17.94,38.05,20.11,9.396705,,
601, 2024/5/3 17:32:15,600.89,16.64,23.9,17.91,18.63,--,--,--,--,24.13,24.27,17.91,38.04,20.13,9.39867,,
602, 2024/5/3 17:32:16,601.9,16.68,23.87,17.92,18.61,--,--,--,--,24.13,24.26,17.92,38.05,20.13,9.407201,,
603, 2024/5/3 17:32:17,602.9,16.68,23.87,17.92,18.6,--,--,--,--,24.13,24.26,17.92,38.05,20.13,9.409205,,
604, 2024/5/3 17:32:18,603.9,16.64,23.89,17.88,18.58,--,--,--,--,24.13,24.25,17.88,38.03,20.15,9.411192,,
605, 2024/5/3 17:32:19,604.9,16.65,23.87,17.9,18.6,--,--,--,--,24.13,24.25,17.9,38.02,20.12,9.399047,,
606, 2024/5/3 17:32:20,605.9,16.69,23.86,17.9,18.64,--,--,--,--,24.13,24.26,17.9,38.05,20.15,9.406347,,
607, 2024/5/3 17:32:21,606.91,16.68,23.87,17.92,18.59,--,--,--,--,24.13,24.26,17.92,38.05,20.13,9.411212,,
608, 2024/5/3 17:32:22,607.9,16.67,23.88,17.93,18.58,--,--,--,--,24.12,24.26,17.93,38.05,20.12,9.410346,,
609, 2024/5/3 17:32:23,608.91,16.69,23.89,17.94,18.62,--,--,--,--,24.14,24.28,17.94,38.08,20.14,9.414091,,
610, 2024/5/3 17:32:24,609.91,16.68,23.88,17.92,18.61,--,--,--,--,24.13,24.27,17.92,38.06,20.14,9.411452,,
611, 2024/5/3 17:32:25,610.91,16.66,23.91,17.91,18.63,--,--,--,--,24.13,24.28,17.91,38.07,20.16,9.412693,,
612, 2024/5/3 17:32:26,611.91,16.67,23.89,17.9,18.65,--,--,--,--,24.13,24.28,17.9,38.06,20.16,9.407332,,
613, 2024/5/3 17:32:27,612.91,16.71,23.88,17.92,18.62,--,--,--,--,24.14,24.28,17.92,38.09,20.17,9.424106,,
614, 2024/5/3 17:32:28,613.91,16.71,23.86,17.89,18.62,--,--,--,--,24.12,24.26,17.89,38.07,20.18,9.422359,,
615, 2024/5/3 17:32:29,614.92,16.69,23.89,17.9,18.62,--,--,--,--,24.13,24.27,17.9,38.08,20.18,9.423091,,
616, 2024/5/3 17:32:30,615.92,16.67,23.91,17.89,18.62,--,--,--,--,24.12,24.28,17.89,38.08,20.19,9.424092,,
617, 2024/5/3 17:32:31,616.92,16.69,23.9,17.91,18.59,--,--,--,--,24.13,24.27,17.91,38.09,20.18,9.431107,,
618, 2024/5/3 17:32:32,617.92,16.7,23.88,17.9,18.61,--,--,--,--,24.13,24.27,17.9,38.08,20.18,9.425722,,
619, 2024/5/3 17:32:33,618.92,16.68,23.88,17.88,18.62,--,--,--,--,24.13,24.26,17.88,38.06,20.18,9.418465,,
620, 2024/5/3 17:32:34,619.92,16.72,23.88,17.91,18.61,--,--,--,--,24.13,24.28,17.91,38.1,20.19,9.43324,,
621, 2024/5/3 17:32:35,620.92,16.72,23.89,17.93,18.64,--,--,--,--,24.14,24.29,17.93,38.11,20.18,9.426992,,
622, 2024/5/3 17:32:36,621.92,16.76,23.87,17.9,18.61,--,--,--,--,24.13,24.28,17.9,38.13,20.23,9.450783,,
623, 2024/5/3 17:32:37,622.93,16.73,23.91,17.89,18.6,--,--,--,--,24.13,24.29,17.89,38.14,20.25,9.457394,,
624, 2024/5/3 17:32:38,623.93,16.66,23.92,17.88,18.6,--,--,--,--,24.13,24.27,17.88,38.08,20.2,9.429734,,
625, 2024/5/3 17:32:39,624.93,16.75,23.88,17.9,18.57,--,--,--,--,24.13,24.27,17.9,38.13,20.23,9.458164,,
626, 2024/5/3 17:32:40,625.93,16.74,23.9,17.88,18.62,--,--,--,--,24.13,24.29,17.88,38.14,20.26,9.456276,,
627, 2024/5/3 17:32:41,626.93,16.76,23.88,17.91,18.61,--,--,--,--,24.13,24.29,17.91,38.14,20.23,9.452782,,
628, 2024/5/3 17:32:42,627.93,16.75,23.89,17.87,18.6,--,--,--,--,24.13,24.28,17.87,38.14,20.27,9.463158,,
629, 2024/5/3 17:32:43,628.94,16.73,23.87,17.9,18.61,--,--,--,--,24.13,24.27,17.9,38.1,20.2,9.436125,,
630, 2024/5/3 17:32:44,629.94,16.74,23.88,17.89,18.61,--,--,--,--,24.13,24.28,17.89,38.12,20.23,9.447512,,
631, 2024/5/3 17:32:45,630.94,16.75,23.9,17.89,18.62,--,--,--,--,24.13,24.29,17.89,38.15,20.26,9.458904,,
632, 2024/5/3 17:32:46,631.94,16.76,23.92,17.9,18.64,--,--,--,--,24.14,24.31,17.9,38.18,20.28,9.466044,,
633, 2024/5/3 17:32:47,632.94,16.77,23.88,17.87,18.61,--,--,--,--,24.13,24.28,17.87,38.15,20.28,9.466677,,
634, 2024/5/3 17:32:48,633.94,16.82,23.85,17.89,18.62,--,--,--,--,24.13,24.28,17.89,38.17,20.28,9.471863,,
635, 2024/5/3 17:32:49,634.94,16.77,23.9,17.88,18.61,--,--,--,--,24.13,24.29,17.88,38.17,20.29,9.472925,,
636, 2024/5/3 17:32:50,635.94,16.76,23.89,17.9,18.58,--,--,--,--,24.13,24.28,17.9,38.15,20.25,9.465295,,
637, 2024/5/3 17:32:51,636.95,16.79,23.88,17.86,18.58,--,--,--,--,24.13,24.27,17.86,38.17,20.31,9.484693,,
638, 2024/5/3 17:32:52,637.95,16.81,23.87,17.87,18.53,--,--,--,--,24.13,24.26,17.87,38.18,20.31,9.497991,,
639, 2024/5/3 17:32:53,638.95,16.8,23.89,17.88,18.56,--,--,--,--,24.13,24.28,17.88,38.19,20.31,9.49334,,
640, 2024/5/3 17:32:54,639.95,16.82,23.88,17.88,18.62,--,--,--,--,24.12,24.3,17.88,38.2,20.32,9.486854,,
641, 2024/5/3 17:32:55,640.95,16.8,23.88,17.96,18.73,--,--,--,--,24.14,24.34,17.96,38.18,20.22,9.43719,,
642, 2024/5/3 17:32:56,641.95,16.83,23.88,17.93,18.9,--,--,--,--,24.13,24.38,17.93,38.21,20.28,9.425352,,
643, 2024/5/3 17:32:57,642.95,16.84,23.88,17.98,18.94,--,--,--,--,24.14,24.41,17.98,38.22,20.24,9.411105,,
644, 2024/5/3 17:32:58,643.95,16.81,23.89,17.98,18.91,--,--,--,--,24.13,24.4,17.98,38.2,20.22,9.406463,,
645, 2024/5/3 17:32:59,644.96,16.82,23.92,17.92,18.89,--,--,--,--,24.13,24.39,17.92,38.24,20.32,9.44158,,
646, 2024/5/3 17:33:00,645.96,16.85,23.88,17.98,18.85,--,--,--,--,24.13,24.39,17.98,38.23,20.25,9.433509,,
647, 2024/5/3 17:33:01,646.96,16.83,23.9,17.96,18.81,--,--,--,--,24.13,24.38,17.96,38.23,20.27,9.444541,,
648, 2024/5/3 17:33:02,647.96,16.86,23.88,17.93,18.79,--,--,--,--,24.12,24.36,17.93,38.24,20.31,9.461477,,
649, 2024/5/3 17:33:03,648.96,16.87,23.86,17.95,18.86,--,--,--,--,24.13,24.38,17.95,38.23,20.28,9.439704,,
650, 2024/5/3 17:33:04,649.96,16.87,23.88,17.91,18.82,--,--,--,--,24.13,24.37,17.91,38.25,20.34,9.465032,,
651, 2024/5/3 17:33:05,650.96,16.87,23.9,17.91,18.74,--,--,--,--,24.12,24.36,17.91,38.27,20.36,9.489195,,
652, 2024/5/3 17:33:06,651.97,16.89,23.89,17.93,18.73,--,--,--,--,24.13,24.36,17.93,38.28,20.35,9.49219,,
653, 2024/5/3 17:33:07,652.97,16.85,23.87,17.95,18.71,--,--,--,--,24.13,24.34,17.95,38.22,20.27,9.463618,,
654, 2024/5/3 17:33:08,653.97,16.89,23.87,17.94,18.69,--,--,--,--,24.12,24.34,17.94,38.26,20.32,9.489394,,
655, 2024/5/3 17:33:09,654.97,16.83,23.9,17.97,18.71,--,--,--,--,24.12,24.35,17.97,38.23,20.26,9.462044,,
656, 2024/5/3 17:33:10,655.97,16.9,23.88,17.98,18.68,--,--,--,--,24.13,24.36,17.98,38.28,20.3,9.49153,,
657, 2024/5/3 17:33:11,656.97,16.89,23.88,17.99,18.68,--,--,--,--,24.13,24.36,17.99,38.27,20.28,9.484403,,
658, 2024/5/3 17:33:12,657.97,16.96,23.84,17.93,18.74,--,--,--,--,24.13,24.35,17.93,38.3,20.37,9.503315,,
659, 2024/5/3 17:33:13,658.98,16.93,23.86,17.92,18.65,--,--,--,--,24.12,24.33,17.92,38.29,20.37,9.51716,,
660, 2024/5/3 17:33:14,659.98,16.9,23.92,17.93,18.69,--,--,--,--,24.13,24.37,17.93,38.32,20.39,9.517718,,
661, 2024/5/3 17:33:15,660.98,16.89,23.89,17.96,18.71,--,--,--,--,24.13,24.36,17.96,38.28,20.32,9.489393,,
662, 2024/5/3 17:33:16,661.98,16.91,23.88,17.91,18.65,--,--,--,--,24.13,24.33,17.91,38.29,20.38,9.518104,,
663, 2024/5/3 17:33:17,662.98,16.92,23.89,17.94,18.64,--,--,--,--,24.14,24.35,17.94,38.31,20.37,9.522489,,
664, 2024/5/3 17:33:18,663.98,16.92,23.89,17.94,18.66,--,--,--,--,24.12,24.35,17.94,38.31,20.37,9.518499,,
665, 2024/5/3 17:33:19,664.98,16.94,23.89,17.93,18.63,--,--,--,--,24.12,24.35,17.93,38.33,20.4,9.536506,,
666, 2024/5/3 17:33:20,665.99,16.95,23.86,17.96,18.67,--,--,--,--,24.13,24.35,17.96,38.31,20.35,9.513995,,
667, 2024/5/3 17:33:21,666.99,16.95,23.88,17.93,18.65,--,--,--,--,24.13,24.35,17.93,38.33,20.4,9.533166,,
668, 2024/5/3 17:33:22,667.99,16.91,23.87,17.93,18.62,--,--,--,--,24.12,24.33,17.93,38.28,20.35,9.515357,,
669, 2024/5/3 17:33:23,668.99,16.91,23.89,17.94,18.63,--,--,--,--,24.13,24.34,17.94,38.3,20.36,9.519596,,
670, 2024/5/3 17:33:24,669.99,16.92,23.9,17.92,18.63,--,--,--,--,24.13,24.34,17.92,38.32,20.4,9.533214,,
671, 2024/5/3 17:33:25,670.99,16.95,23.88,17.94,18.87,--,--,--,--,24.12,24.41,17.94,38.33,20.39,9.487602,,
672, 2024/5/3 17:33:26,672,16.93,23.9,17.96,18.99,--,--,--,--,24.14,24.45,17.96,38.33,20.37,9.458481,,
673, 2024/5/3 17:33:27,673,16.92,23.91,18.02,18.97,--,--,--,--,24.14,24.46,18.02,38.33,20.31,9.447984,,
674, 2024/5/3 17:33:28,674,16.94,23.88,18.06,19.14,--,--,--,--,24.13,24.5,18.06,38.32,20.26,9.403474,,
675, 2024/5/3 17:33:29,675,16.94,23.88,18.06,19.32,--,--,--,--,24.13,24.55,18.06,38.32,20.26,9.369644,,
676, 2024/5/3 17:33:30,676,16.96,23.88,18.08,19.45,--,--,--,--,24.13,24.59,18.08,38.34,20.26,9.350832,,
677, 2024/5/3 17:33:31,677,16.92,23.91,18.09,19.46,--,--,--,--,24.13,24.6,18.09,38.33,20.24,9.339536,,
678, 2024/5/3 17:33:32,678,16.99,23.88,18.11,19.51,--,--,--,--,24.13,24.62,18.11,38.37,20.26,9.347624,,
679, 2024/5/3 17:33:33,679.01,16.96,23.88,18.12,19.37,--,--,--,--,24.13,24.58,18.12,38.34,20.22,9.356339,,
680, 2024/5/3 17:33:34,680.01,16.95,23.88,18.11,19.31,--,--,--,--,24.13,24.56,18.11,38.33,20.22,9.364905,,
681, 2024/5/3 17:33:35,681.01,16.93,23.92,18.08,19.23,--,--,--,--,24.13,24.55,18.08,38.35,20.27,9.393687,,
682, 2024/5/3 17:33:36,682.01,16.95,23.88,18.06,19.2,--,--,--,--,24.12,24.52,18.06,38.33,20.27,9.397017,,
683, 2024/5/3 17:33:37,683.01,16.97,23.87,18.06,19.1,--,--,--,--,24.12,24.49,18.06,38.34,20.28,9.421604,,
684, 2024/5/3 17:33:38,684.01,16.95,23.88,18.07,19.08,--,--,--,--,24.13,24.49,18.07,38.33,20.26,9.417542,,
685, 2024/5/3 17:33:39,685.01,16.95,23.88,18.05,19.06,--,--,--,--,24.13,24.48,18.05,38.33,20.28,9.42592,,
686, 2024/5/3 17:33:40,686.02,16.92,23.9,18.02,19.01,--,--,--,--,24.12,24.46,18.02,38.32,20.3,9.436052,,
687, 2024/5/3 17:33:41,687.02,16.94,23.89,18.03,19,--,--,--,--,24.13,24.46,18.03,38.33,20.3,9.441298,,
688, 2024/5/3 17:33:42,688.02,17.02,23.85,18.04,19.02,--,--,--,--,24.11,24.47,18.04,38.37,20.33,9.457585,,
689, 2024/5/3 17:33:43,689.02,16.94,23.92,18.03,19.03,--,--,--,--,24.13,24.49,18.03,38.36,20.33,9.448119,,
690, 2024/5/3 17:33:44,690.02,16.96,23.88,18.02,19.05,--,--,--,--,24.12,24.47,18.02,38.34,20.32,9.439559,,
691, 2024/5/3 17:33:45,691.02,16.96,23.87,18.02,19.02,--,--,--,--,24.12,24.46,18.02,38.33,20.31,9.441121,,
692, 2024/5/3 17:33:46,692.02,16.96,23.88,18.02,19.05,--,--,--,--,24.14,24.47,18.02,38.34,20.32,9.439559,,
693, 2024/5/3 17:33:47,693.02,16.98,23.88,18,18.99,--,--,--,--,24.13,24.46,18,38.36,20.36,9.465425,,
694, 2024/5/3 17:33:48,694.03,16.95,23.89,18.03,18.96,--,--,--,--,24.12,24.46,18.03,38.34,20.31,9.453924,,
695, 2024/5/3 17:33:49,695.03,17.01,23.87,18.03,18.9,--,--,--,--,24.13,24.45,18.03,38.38,20.35,9.486555,,
696, 2024/5/3 17:33:50,696.03,16.98,23.87,17.99,18.87,--,--,--,--,24.12,24.42,17.99,38.35,20.36,9.486742,,
697, 2024/5/3 17:33:51,697.03,17,23.86,18.01,18.82,--,--,--,--,24.12,24.41,18.01,38.36,20.35,9.497598,,
698, 2024/5/3 17:33:52,698.03,16.96,23.9,18,18.77,--,--,--,--,24.12,24.41,18,38.36,20.36,9.506985,,
699, 2024/5/3 17:33:53,699.03,17.02,23.84,18,18.76,--,--,--,--,24.12,24.39,18,38.36,20.36,9.513016,,
700, 2024/5/3 17:33:54,700.03,17.02,23.87,17.98,18.73,--,--,--,--,24.12,24.39,17.98,38.39,20.41,9.536073,,
701, 2024/5/3 17:33:55,701.04,17.02,23.88,17.94,18.72,--,--,--,--,24.11,24.39,17.94,38.4,20.46,9.551256,,
702, 2024/5/3 17:33:56,702.04,17.02,23.87,17.99,18.72,--,--,--,--,24.12,24.39,17.99,38.39,20.4,9.535814,,
703, 2024/5/3 17:33:57,703.04,17.03,23.88,17.96,18.75,--,--,--,--,24.12,24.4,17.96,38.41,20.45,9.545726,,
704, 2024/5/3 17:33:58,704.04,16.99,23.91,17.96,18.77,--,--,--,--,24.12,24.41,17.96,38.4,20.44,9.534886,,
705, 2024/5/3 17:33:59,705.04,17.01,23.87,17.99,18.75,--,--,--,--,24.13,24.4,17.99,38.38,20.39,9.524984,,
706, 2024/5/3 17:34:00,706.04,17.01,23.88,17.97,18.78,--,--,--,--,24.13,24.41,17.97,38.39,20.42,9.527777,,
707, 2024/5/3 17:34:01,707.04,17.05,23.85,17.98,18.74,--,--,--,--,24.12,24.39,17.98,38.4,20.42,9.54034,,
708, 2024/5/3 17:34:02,708.05,17.01,23.86,18.01,18.71,--,--,--,--,24.12,24.39,18.01,38.37,20.36,9.524216,,
709, 2024/5/3 17:34:03,709.05,17,23.89,17.96,18.73,--,--,--,--,24.13,24.39,17.96,38.39,20.43,9.539225,,
710, 2024/5/3 17:34:04,710.05,16.98,23.92,17.97,18.73,--,--,--,--,24.12,24.41,17.97,38.4,20.43,9.539883,,
711, 2024/5/3 17:34:05,711.05,17.03,23.86,17.98,18.72,--,--,--,--,24.12,24.39,17.98,38.39,20.41,9.538726,,
712, 2024/5/3 17:34:06,712.05,17.05,23.85,17.95,18.69,--,--,--,--,24.12,24.37,17.95,38.4,20.45,9.556952,,
713, 2024/5/3 17:34:07,713.05,17.01,23.89,17.96,18.71,--,--,--,--,24.13,24.39,17.96,38.4,20.44,9.548078,,
714, 2024/5/3 17:34:08,714.05,17.04,23.87,17.93,18.67,--,--,--,--,24.12,24.37,17.93,38.41,20.48,9.568965,,
715, 2024/5/3 17:34:09,715.06,17.02,23.89,17.92,18.67,--,--,--,--,24.11,24.37,17.92,38.41,20.49,9.569892,,
716, 2024/5/3 17:34:10,716.06,17.09,23.86,17.95,18.66,--,--,--,--,24.12,24.38,17.95,38.45,20.5,9.586703,,
717, 2024/5/3 17:34:11,717.06,17.05,23.87,17.93,18.66,--,--,--,--,24.12,24.37,17.93,38.42,20.49,9.575842,,
718, 2024/5/3 17:34:12,718.06,17.04,23.87,17.92,18.63,--,--,--,--,24.12,24.36,17.92,38.41,20.49,9.579164,,
719, 2024/5/3 17:34:13,719.06,17.02,23.91,17.9,18.64,--,--,--,--,24.12,24.37,17.9,38.43,20.53,9.588829,,
720, 2024/5/3 17:34:14,720.06,17.02,23.9,17.94,18.68,--,--,--,--,24.12,24.39,17.94,38.42,20.48,9.567645,,
721, 2024/5/3 17:34:15,721.06,17.02,23.89,17.94,18.63,--,--,--,--,24.11,24.37,17.94,38.41,20.47,9.573375,,
722, 2024/5/3 17:34:16,722.07,17.08,23.85,17.94,18.64,--,--,--,--,24.12,24.37,17.94,38.43,20.49,9.5838,,
723, 2024/5/3 17:34:17,723.06,17.06,23.86,17.93,18.65,--,--,--,--,24.12,24.37,17.93,38.42,20.49,9.578492,,
724, 2024/5/3 17:34:18,724.07,17.03,23.86,17.97,18.62,--,--,--,--,24.13,24.36,17.97,38.39,20.42,9.560867,,
725, 2024/5/3 17:34:19,725.07,17.09,23.86,17.94,18.62,--,--,--,--,24.12,24.37,17.94,38.45,20.51,9.596909,,
726, 2024/5/3 17:34:20,726.07,17.09,23.88,17.9,18.65,--,--,--,--,24.12,24.38,17.9,38.47,20.57,9.608354,,
727, 2024/5/3 17:34:21,727.07,17.1,23.88,17.9,18.62,--,--,--,--,24.13,24.37,17.9,38.48,20.58,9.619208,,
728, 2024/5/3 17:34:22,728.07,17.12,23.87,17.91,18.67,--,--,--,--,24.12,24.39,17.91,38.49,20.58,9.612581,,
729, 2024/5/3 17:34:23,729.07,17.1,23.86,17.93,18.63,--,--,--,--,24.13,24.37,17.93,38.46,20.53,9.602037,,
730, 2024/5/3 17:34:24,730.08,17.12,23.85,17.88,18.62,--,--,--,--,24.11,24.36,17.88,38.47,20.59,9.620779,,
731, 2024/5/3 17:34:25,731.08,17.08,23.87,17.88,18.64,--,--,--,--,24.12,24.36,17.88,38.45,20.57,9.605712,,
732, 2024/5/3 17:34:26,732.08,17.15,23.82,17.9,18.65,--,--,--,--,24.13,24.36,17.9,38.47,20.57,9.612344,,
733, 2024/5/3 17:34:27,733.08,17.13,23.88,17.91,18.64,--,--,--,--,24.12,24.39,17.91,38.51,20.6,9.627657,,
734, 2024/5/3 17:34:28,734.08,17.11,23.87,17.9,18.66,--,--,--,--,24.12,24.38,17.9,38.48,20.58,9.611917,,
735, 2024/5/3 17:34:29,735.08,17.07,23.87,17.89,18.67,--,--,--,--,24.12,24.37,17.89,38.44,20.55,9.592624,,
736, 2024/5/3 17:34:30,736.08,17.1,23.9,17.89,18.7,--,--,--,--,24.13,24.4,17.89,38.5,20.61,9.614054,,
737, 2024/5/3 17:34:31,737.08,17.08,23.87,17.92,18.67,--,--,--,--,24.12,24.38,17.92,38.45,20.53,9.590773,,
738, 2024/5/3 17:34:32,738.09,17.1,23.88,17.92,18.69,--,--,--,--,24.12,24.39,17.92,38.48,20.56,9.600817,,
739, 2024/5/3 17:34:33,739.09,17.13,23.87,17.9,18.67,--,--,--,--,24.12,24.39,17.9,38.5,20.6,9.619718,,
740, 2024/5/3 17:34:34,740.09,17.07,23.91,17.9,18.67,--,--,--,--,24.12,24.39,17.9,38.48,20.58,9.607306,,
741, 2024/5/3 17:34:35,741.09,17.11,23.87,17.91,18.68,--,--,--,--,24.12,24.39,17.91,38.48,20.57,9.605708,,
742, 2024/5/3 17:34:36,742.09,17.12,23.87,17.89,18.68,--,--,--,--,24.12,24.38,17.89,38.49,20.6,9.615098,,
743, 2024/5/3 17:34:37,743.09,17.12,23.87,17.93,18.66,--,--,--,--,24.13,24.39,17.93,38.49,20.56,9.610081,,
744, 2024/5/3 17:34:38,744.09,17.13,23.86,17.9,18.68,--,--,--,--,24.12,24.38,17.9,38.49,20.59,9.613513,,
745, 2024/5/3 17:34:39,745.1,17.1,23.88,17.92,18.71,--,--,--,--,24.12,24.4,17.92,38.48,20.56,9.596861,,
746, 2024/5/3 17:34:40,746.1,17.06,23.91,17.86,18.71,--,--,--,--,24.12,24.39,17.86,38.47,20.61,9.603543,,
747, 2024/5/3 17:34:41,747.1,17.17,23.87,17.88,18.66,--,--,--,--,24.12,24.39,17.88,38.54,20.66,9.645758,,
748, 2024/5/3 17:34:42,748.1,17.17,23.85,17.94,18.64,--,--,--,--,24.12,24.39,17.94,38.52,20.58,9.627832,,
749, 2024/5/3 17:34:43,749.1,17.16,23.85,17.87,18.6,--,--,--,--,24.11,24.36,17.87,38.51,20.64,9.646559,,
750, 2024/5/3 17:34:44,750.1,17.15,23.89,17.88,18.61,--,--,--,--,24.12,24.38,17.88,38.54,20.66,9.65437,,
751, 2024/5/3 17:34:45,751.1,17.16,23.87,17.91,18.63,--,--,--,--,24.11,24.39,17.91,38.53,20.62,9.640088,,
752, 2024/5/3 17:34:46,752.11,17.14,23.88,17.88,18.6,--,--,--,--,24.12,24.37,17.88,38.52,20.64,9.647238,,
753, 2024/5/3 17:34:47,753.11,17.18,23.85,17.88,18.61,--,--,--,--,24.11,24.37,17.88,38.53,20.65,9.652109,,
754, 2024/5/3 17:34:48,754.11,17.15,23.88,17.9,18.65,--,--,--,--,24.12,24.39,17.9,38.53,20.63,9.637692,,
755, 2024/5/3 17:34:49,755.11,17.17,23.86,17.89,18.68,--,--,--,--,24.12,24.39,17.89,38.53,20.64,9.635326,,
756, 2024/5/3 17:34:50,756.11,17.15,23.87,17.89,18.68,--,--,--,--,24.11,24.39,17.89,38.52,20.63,9.629769,,
757, 2024/5/3 17:34:51,757.11,17.16,23.86,17.91,18.71,--,--,--,--,24.12,24.4,17.91,38.52,20.61,9.620017,,
758, 2024/5/3 17:34:52,758.12,17.21,23.86,17.9,18.68,--,--,--,--,24.13,24.4,17.9,38.57,20.67,9.652649,,
759, 2024/5/3 17:34:53,759.12,17.2,23.86,17.89,18.69,--,--,--,--,24.12,24.4,17.89,38.56,20.67,9.648029,,
760, 2024/5/3 17:34:54,760.12,17.18,23.9,17.89,18.69,--,--,--,--,24.12,24.42,17.89,38.58,20.69,9.655149,,
761, 2024/5/3 17:34:55,761.12,17.23,23.84,17.86,18.7,--,--,--,--,24.11,24.39,17.86,38.57,20.71,9.659052,,
762, 2024/5/3 17:34:56,762.12,17.19,23.89,17.91,18.65,--,--,--,--,24.13,24.41,17.91,38.58,20.67,9.659243,,
763, 2024/5/3 17:34:57,763.12,17.16,23.89,17.91,18.63,--,--,--,--,24.11,24.4,17.91,38.55,20.64,9.648548,,
764, 2024/5/3 17:34:58,764.12,17.18,23.87,17.92,18.66,--,--,--,--,24.12,24.4,17.92,38.55,20.63,9.641669,,
765, 2024/5/3 17:34:59,765.12,17.19,23.87,17.92,18.66,--,--,--,--,24.13,24.4,17.92,38.56,20.64,9.646562,,
766, 2024/5/3 17:35:00,766.12,17.19,23.87,17.9,18.64,--,--,--,--,24.12,24.39,17.9,38.56,20.66,9.655014,,
767, 2024/5/3 17:35:01,767.13,17.19,23.87,17.9,18.68,--,--,--,--,24.12,24.4,17.9,38.56,20.66,9.647087,,
768, 2024/5/3 17:35:02,768.13,17.21,23.87,17.88,18.68,--,--,--,--,24.12,24.4,17.88,38.58,20.7,9.661368,,
769, 2024/5/3 17:35:03,769.13,17.21,23.89,17.92,18.62,--,--,--,--,24.12,24.41,17.92,38.6,20.68,9.672755,,
770, 2024/5/3 17:35:04,770.13,17.2,23.88,17.91,18.63,--,--,--,--,24.11,24.4,17.91,38.58,20.67,9.663881,,
771, 2024/5/3 17:35:05,771.13,17.18,23.89,17.92,18.61,--,--,--,--,24.12,24.4,17.92,38.57,20.65,9.660081,,
772, 2024/5/3 17:35:06,772.13,17.23,23.88,17.91,18.61,--,--,--,--,24.12,24.4,17.91,38.61,20.7,9.68254,,
773, 2024/5/3 17:35:07,773.13,17.2,23.88,17.93,18.62,--,--,--,--,24.12,24.4,17.93,38.58,20.65,9.661403,,
774, 2024/5/3 17:35:08,774.14,17.19,23.9,17.86,18.59,--,--,--,--,24.12,24.39,17.86,38.59,20.73,9.686638,,
775, 2024/5/3 17:35:09,775.14,17.25,23.85,17.93,18.58,--,--,--,--,24.12,24.39,17.93,38.6,20.67,9.681172,,
776, 2024/5/3 17:35:10,776.14,17.23,23.89,17.87,18.64,--,--,--,--,24.11,24.41,17.87,38.62,20.75,9.689769,,
777, 2024/5/3 17:35:11,777.14,17.17,23.91,17.87,18.65,--,--,--,--,24.13,24.4,17.87,38.58,20.71,9.666918,,
778, 2024/5/3 17:35:12,778.14,17.22,23.86,17.86,18.61,--,--,--,--,24.1,24.38,17.86,38.58,20.72,9.680387,,
779, 2024/5/3 17:35:13,779.14,17.2,23.88,17.87,18.61,--,--,--,--,24.12,24.39,17.87,38.58,20.71,9.676826,,
780, 2024/5/3 17:35:14,780.15,17.25,23.85,17.92,18.64,--,--,--,--,24.13,24.4,17.92,38.6,20.68,9.671442,,
781, 2024/5/3 17:35:15,781.15,17.21,23.88,17.89,18.62,--,--,--,--,24.12,24.4,17.89,38.59,20.7,9.675241,,
782, 2024/5/3 17:35:16,782.15,17.17,23.9,17.9,18.63,--,--,--,--,24.11,24.4,17.9,38.57,20.67,9.659914,,
783, 2024/5/3 17:35:17,783.15,17.25,23.86,17.88,18.61,--,--,--,--,24.12,24.39,17.88,38.61,20.73,9.690578,,
784, 2024/5/3 17:35:18,784.15,17.26,23.89,17.89,18.62,--,--,--,--,24.13,24.41,17.89,38.65,20.76,9.703925,,
785, 2024/5/3 17:35:19,785.15,17.25,23.89,17.92,18.58,--,--,--,--,24.12,24.41,17.92,38.64,20.72,9.700314,,
786, 2024/5/3 17:35:20,786.15,17.19,23.91,17.88,18.58,--,--,--,--,24.12,24.39,17.88,38.6,20.72,9.688388,,
787, 2024/5/3 17:35:21,787.15,17.22,23.9,17.88,18.61,--,--,--,--,24.12,24.4,17.88,38.62,20.74,9.692829,,
788, 2024/5/3 17:35:22,788.16,17.3,23.85,17.91,18.6,--,--,--,--,24.12,24.4,17.91,38.65,20.74,9.7061,,
789, 2024/5/3 17:35:23,789.16,17.32,23.84,17.9,18.6,--,--,--,--,24.11,24.4,17.9,38.66,20.76,9.713894,,
790, 2024/5/3 17:35:24,790.16,17.31,23.82,17.89,18.6,--,--,--,--,24.11,24.39,17.89,38.63,20.74,9.702792,,
791, 2024/5/3 17:35:25,791.16,17.22,23.92,17.91,18.59,--,--,--,--,24.12,24.42,17.91,38.64,20.73,9.698579,,
792, 2024/5/3 17:35:26,792.16,17.22,23.9,17.91,18.58,--,--,--,--,24.12,24.4,17.91,38.62,20.71,9.692107,,
793, 2024/5/3 17:35:27,793.16,17.23,23.89,17.88,18.61,--,--,--,--,24.11,24.4,17.88,38.62,20.74,9.693484,,
794, 2024/5/3 17:35:28,794.16,17.27,23.87,17.9,18.63,--,--,--,--,24.12,24.41,17.9,38.64,20.74,9.696134,,
795, 2024/5/3 17:35:29,795.17,17.24,23.87,17.88,18.59,--,--,--,--,24.12,24.39,17.88,38.61,20.73,9.693897,,
796, 2024/5/3 17:35:30,796.17,17.27,23.88,17.88,18.61,--,--,--,--,24.12,24.41,17.88,38.65,20.77,9.708817,,
797, 2024/5/3 17:35:31,797.17,17.27,23.88,17.85,18.6,--,--,--,--,24.11,24.4,17.85,38.65,20.8,9.717533,,
798, 2024/5/3 17:35:32,798.17,17.28,23.87,17.91,18.58,--,--,--,--,24.11,24.4,17.91,38.65,20.74,9.708758,,
799, 2024/5/3 17:35:33,799.17,17.27,23.88,17.88,18.56,--,--,--,--,24.11,24.39,17.88,38.65,20.77,9.718792,,
800, 2024/5/3 17:35:34,800.17,17.28,23.88,17.88,18.59,--,--,--,--,24.12,24.4,17.88,38.66,20.78,9.71769,,
801, 2024/5/3 17:35:35,801.17,17.29,23.87,17.89,18.57,--,--,--,--,24.11,24.4,17.89,38.66,20.77,9.720107,,
802, 2024/5/3 17:35:36,802.18,17.26,23.88,17.88,18.61,--,--,--,--,24.12,24.4,17.88,38.64,20.76,9.703924,,
803, 2024/5/3 17:35:37,803.18,17.27,23.88,17.89,18.56,--,--,--,--,24.11,24.4,17.89,38.65,20.76,9.716558,,
804, 2024/5/3 17:35:38,804.18,17.29,23.86,17.85,18.59,--,--,--,--,24.11,24.39,17.85,38.65,20.8,9.72084,,
805, 2024/5/3 17:35:39,805.18,17.32,23.87,17.89,18.6,--,--,--,--,24.12,24.41,17.89,38.69,20.8,9.728797,,
806, 2024/5/3 17:35:40,806.18,17.28,23.88,17.89,18.6,--,--,--,--,24.11,24.41,17.89,38.66,20.77,9.713459,,
807, 2024/5/3 17:35:41,807.18,17.3,23.85,17.88,18.59,--,--,--,--,24.11,24.39,17.88,38.65,20.77,9.714788,,
808, 2024/5/3 17:35:42,808.18,17.29,23.9,17.85,18.6,--,--,--,--,24.12,24.41,17.85,38.69,20.84,9.73578,,
809, 2024/5/3 17:35:43,809.18,17.33,23.86,17.86,18.61,--,--,--,--,24.11,24.41,17.86,38.69,20.83,9.734188,,
810, 2024/5/3 17:35:44,810.19,17.34,23.89,17.89,18.58,--,--,--,--,24.12,24.42,17.89,38.73,20.84,9.751024,,
811, 2024/5/3 17:35:45,811.19,17.3,23.89,17.88,18.58,--,--,--,--,24.12,24.41,17.88,38.69,20.81,9.733697,,
812, 2024/5/3 17:35:46,812.19,17.35,23.86,17.87,18.58,--,--,--,--,24.12,24.41,17.87,38.71,20.84,9.747698,,
813, 2024/5/3 17:35:47,813.19,17.32,23.88,17.85,18.58,--,--,--,--,24.11,24.4,17.85,38.7,20.85,9.745962,,
814, 2024/5/3 17:35:48,814.19,17.29,23.9,17.85,18.55,--,--,--,--,24.12,24.4,17.85,38.69,20.84,9.745752,,
815, 2024/5/3 17:35:49,815.19,17.37,23.84,17.85,18.59,--,--,--,--,24.11,24.4,17.85,38.71,20.86,9.751516,,
816, 2024/5/3 17:35:50,816.19,17.33,23.87,17.88,18.55,--,--,--,--,24.12,24.4,17.88,38.7,20.82,9.745903,,
817, 2024/5/3 17:35:51,817.2,17.33,23.86,17.85,18.54,--,--,--,--,24.1,24.39,17.85,38.69,20.84,9.750365,,
818, 2024/5/3 17:35:52,818.2,17.37,23.86,17.92,18.56,--,--,--,--,24.11,24.42,17.92,38.73,20.81,9.750338,,
819, 2024/5/3 17:35:53,819.2,17.38,23.85,17.89,18.61,--,--,--,--,24.12,24.42,17.89,38.73,20.84,9.747716,,
820, 2024/5/3 17:35:54,820.2,17.35,23.87,17.89,18.59,--,--,--,--,24.11,24.42,17.89,38.72,20.83,9.745466,,
821, 2024/5/3 17:35:55,821.2,17.39,23.87,17.86,18.63,--,--,--,--,24.12,24.43,17.86,38.76,20.9,9.763801,,
822, 2024/5/3 17:35:56,822.2,17.37,23.88,17.92,18.6,--,--,--,--,24.12,24.44,17.92,38.75,20.83,9.75079,,
823, 2024/5/3 17:35:57,823.2,17.37,23.89,17.88,18.63,--,--,--,--,24.12,24.44,17.88,38.76,20.88,9.757981,,
824, 2024/5/3 17:35:58,824.21,17.36,23.87,17.89,18.6,--,--,--,--,24.11,24.42,17.89,38.73,20.84,9.748364,,
825, 2024/5/3 17:35:59,825.21,17.38,23.88,17.87,18.63,--,--,--,--,24.11,24.44,17.87,38.76,20.89,9.76089,,
826, 2024/5/3 17:36:00,826.21,17.4,23.86,17.87,18.64,--,--,--,--,24.11,24.43,17.87,38.76,20.89,9.760251,,
827, 2024/5/3 17:36:01,827.21,17.34,23.9,17.88,18.66,--,--,--,--,24.12,24.45,17.88,38.74,20.86,9.741587,,
828, 2024/5/3 17:36:02,828.21,17.41,23.87,17.9,18.65,--,--,--,--,24.12,24.45,17.9,38.78,20.88,9.760665,,
829, 2024/5/3 17:36:03,829.21,17.39,23.89,17.88,18.65,--,--,--,--,24.11,24.45,17.88,38.78,20.9,9.7638,,
830, 2024/5/3 17:36:04,830.22,17.37,23.89,17.87,18.65,--,--,--,--,24.11,24.44,17.87,38.76,20.89,9.756261,,
831, 2024/5/3 17:36:05,831.22,17.37,23.9,17.87,18.64,--,--,--,--,24.12,24.45,17.87,38.77,20.9,9.762467,,
832, 2024/5/3 17:36:06,832.22,17.39,23.9,17.84,18.64,--,--,--,--,24.12,24.44,17.84,38.79,20.95,9.778993,,
833, 2024/5/3 17:36:07,833.22,17.41,23.89,17.9,18.66,--,--,--,--,24.12,24.46,17.9,38.8,20.9,9.767122,,
834, 2024/5/3 17:36:08,834.22,17.38,23.88,17.85,18.61,--,--,--,--,24.11,24.43,17.85,38.76,20.91,9.769341,,
835, 2024/5/3 17:36:09,835.22,17.39,23.89,17.89,18.58,--,--,--,--,24.11,24.44,17.89,38.78,20.89,9.77548,,
836, 2024/5/3 17:36:10,836.22,17.42,23.89,17.87,18.61,--,--,--,--,24.12,24.45,17.87,38.81,20.94,9.788651,,
837, 2024/5/3 17:36:11,837.23,17.37,23.91,17.82,18.64,--,--,--,--,24.11,24.44,17.82,38.78,20.96,9.777949,,
838, 2024/5/3 17:36:12,838.23,17.44,23.87,17.9,18.63,--,--,--,--,24.12,24.45,17.9,38.81,20.91,9.779313,,
839, 2024/5/3 17:36:13,839.23,17.4,23.87,17.89,18.6,--,--,--,--,24.12,24.43,17.89,38.77,20.88,9.767935,,
840, 2024/5/3 17:36:14,840.23,17.39,23.9,17.86,18.54,--,--,--,--,24.11,24.42,17.86,38.79,20.93,9.794408,,
841, 2024/5/3 17:36:15,841.23,17.46,23.85,17.9,18.54,--,--,--,--,24.12,24.43,17.9,38.81,20.91,9.7986,,
842, 2024/5/3 17:36:16,842.23,17.39,23.89,17.88,18.57,--,--,--,--,24.12,24.43,17.88,38.78,20.9,9.77971,,
843, 2024/5/3 17:36:17,843.23,17.41,23.88,17.88,18.59,--,--,--,--,24.12,24.44,17.88,38.79,20.91,9.781277,,
844, 2024/5/3 17:36:18,844.24,17.45,23.86,17.88,18.58,--,--,--,--,24.11,24.43,17.88,38.81,20.93,9.794392,,
845, 2024/5/3 17:36:19,845.24,17.45,23.87,17.91,18.59,--,--,--,--,24.12,24.45,17.91,38.82,20.91,9.789936,,
846, 2024/5/3 17:36:20,846.24,17.4,23.9,17.89,18.59,--,--,--,--,24.12,24.45,17.89,38.8,20.91,9.782605,,
847, 2024/5/3 17:36:21,847.24,17.42,23.89,17.87,18.59,--,--,--,--,24.12,24.44,17.87,38.81,20.94,9.79263,,
848, 2024/5/3 17:36:22,848.24,17.4,23.9,17.85,18.6,--,--,--,--,24.12,24.44,17.85,38.8,20.95,9.789567,,
849, 2024/5/3 17:36:23,849.24,17.46,23.86,17.86,18.56,--,--,--,--,24.12,24.43,17.86,38.82,20.96,9.807731,,
850, 2024/5/3 17:36:24,850.24,17.43,23.88,17.87,18.6,--,--,--,--,24.11,24.44,17.87,38.81,20.94,9.791306,,
851, 2024/5/3 17:36:25,851.24,17.47,23.87,17.89,18.61,--,--,--,--,24.12,24.45,17.89,38.84,20.95,9.8002,,
852, 2024/5/3 17:36:26,852.24,17.41,23.9,17.85,18.56,--,--,--,--,24.11,24.43,17.85,38.81,20.96,9.802425,,
853, 2024/5/3 17:36:27,853.25,17.45,23.87,17.86,18.61,--,--,--,--,24.11,24.44,17.86,38.82,20.96,9.797119,,
854, 2024/5/3 17:36:28,854.25,17.49,23.85,17.87,18.6,--,--,--,--,24.11,24.44,17.87,38.84,20.97,9.808001,,
855, 2024/5/3 17:36:29,855.25,17.49,23.86,17.89,18.6,--,--,--,--,24.12,24.45,17.89,38.85,20.96,9.807755,,
856, 2024/5/3 17:36:30,856.25,17.44,23.9,17.87,18.61,--,--,--,--,24.12,24.46,17.87,38.84,20.97,9.802662,,
857, 2024/5/3 17:36:31,857.25,17.47,23.86,17.87,18.58,--,--,--,--,24.11,24.44,17.87,38.83,20.96,9.806409,,
858, 2024/5/3 17:36:32,858.25,17.49,23.85,17.88,18.6,--,--,--,--,24.11,24.44,17.88,38.84,20.96,9.805769,,
859, 2024/5/3 17:36:33,859.26,17.44,23.87,17.86,18.65,--,--,--,--,24.1,24.45,17.86,38.81,20.95,9.784308,,
860, 2024/5/3 17:36:34,860.26,17.47,23.88,17.84,18.62,--,--,--,--,24.11,24.45,17.84,38.85,21.01,9.813627,,
861, 2024/5/3 17:36:35,861.26,17.46,23.87,17.86,18.6,--,--,--,--,24.11,24.44,17.86,38.83,20.97,9.803997,,
862, 2024/5/3 17:36:36,862.26,17.52,23.84,17.87,18.6,--,--,--,--,24.11,24.44,17.87,38.86,20.99,9.818466,,
863, 2024/5/3 17:36:37,863.26,17.46,23.89,17.88,18.61,--,--,--,--,24.12,24.46,17.88,38.85,20.97,9.805982,,
864, 2024/5/3 17:36:38,864.26,17.47,23.88,17.88,18.6,--,--,--,--,24.11,24.45,17.88,38.85,20.97,9.80864,,
865, 2024/5/3 17:36:39,865.26,17.51,23.87,17.86,18.62,--,--,--,--,24.12,24.46,17.86,38.88,21.02,9.824496,,
866, 2024/5/3 17:36:40,866.26,17.51,23.87,17.88,18.57,--,--,--,--,24.11,24.45,17.88,38.88,21,9.829967,,
867, 2024/5/3 17:36:41,867.27,17.5,23.86,17.9,18.62,--,--,--,--,24.12,24.46,17.9,38.86,20.96,9.806446,,
868, 2024/5/3 17:36:42,868.27,17.48,23.87,17.83,18.64,--,--,--,--,24.11,24.45,17.83,38.85,21.02,9.812592,,
869, 2024/5/3 17:36:43,869.27,17.48,23.9,17.9,18.63,--,--,--,--,24.11,24.48,17.9,38.88,20.98,9.811547,,
870, 2024/5/3 17:36:44,870.27,17.46,23.89,17.87,18.63,--,--,--,--,24.11,24.46,17.87,38.85,20.98,9.804251,,
871, 2024/5/3 17:36:45,871.27,17.48,23.89,17.87,18.57,--,--,--,--,24.11,24.45,17.87,38.87,21,9.825965,,
872, 2024/5/3 17:36:46,872.27,17.49,23.9,17.86,18.59,--,--,--,--,24.12,24.46,17.86,38.89,21.03,9.833333,,
873, 2024/5/3 17:36:47,873.27,17.52,23.87,17.88,18.61,--,--,--,--,24.12,24.46,17.88,38.89,21.01,9.826899,,
874, 2024/5/3 17:36:48,874.28,17.5,23.87,17.86,18.61,--,--,--,--,24.11,24.45,17.86,38.87,21.01,9.821583,,
875, 2024/5/3 17:36:49,875.28,17.51,23.88,17.91,18.6,--,--,--,--,24.11,24.47,17.91,38.89,20.98,9.821523,,
876, 2024/5/3 17:36:50,876.28,17.48,23.89,17.87,18.57,--,--,--,--,24.12,24.45,17.87,38.87,21,9.825965,,
877, 2024/5/3 17:36:51,877.28,17.44,23.9,17.89,18.6,--,--,--,--,24.11,24.46,17.89,38.84,20.95,9.800179,,
878, 2024/5/3 17:36:52,878.28,17.51,23.89,17.86,18.6,--,--,--,--,24.11,24.46,17.86,38.9,21.04,9.836905,,
879, 2024/5/3 17:36:53,879.28,17.56,23.87,17.89,18.61,--,--,--,--,24.12,24.48,17.89,38.93,21.04,9.844246,,
880, 2024/5/3 17:36:54,880.29,17.51,23.91,17.88,18.6,--,--,--,--,24.12,24.48,17.88,38.92,21.04,9.84088,,
881, 2024/5/3 17:36:55,881.28,17.53,23.88,17.89,18.58,--,--,--,--,24.12,24.47,17.89,38.91,21.02,9.83975,,
882, 2024/5/3 17:36:56,882.29,17.5,23.91,17.85,18.66,--,--,--,--,24.11,24.48,17.85,38.91,21.06,9.830819,,
883, 2024/5/3 17:36:57,883.29,17.56,23.85,17.87,18.64,--,--,--,--,24.11,24.47,17.87,38.91,21.04,9.834342,,
884, 2024/5/3 17:36:58,884.29,17.53,23.89,17.89,18.63,--,--,--,--,24.11,24.48,17.89,38.92,21.03,9.834026,,
885, 2024/5/3 17:36:59,885.29,17.51,23.88,17.89,18.61,--,--,--,--,24.11,24.47,17.89,38.89,21,9.823991,,
886, 2024/5/3 17:37:00,886.29,17.51,23.88,17.9,18.62,--,--,--,--,24.11,24.47,17.9,38.89,20.99,9.819773,,
887, 2024/5/3 17:37:01,887.3,17.55,23.87,17.89,18.65,--,--,--,--,24.12,24.48,17.89,38.92,21.03,9.831423,,
888, 2024/5/3 17:37:02,888.29,17.58,23.86,17.87,18.66,--,--,--,--,24.11,24.48,17.87,38.94,21.07,9.844397,,
889, 2024/5/3 17:37:03,889.3,17.57,23.86,17.87,18.62,--,--,--,--,24.11,24.47,17.87,38.93,21.06,9.847406,,
890, 2024/5/3 17:37:04,890.3,17.53,23.88,17.88,18.6,--,--,--,--,24.11,24.47,17.88,38.91,21.03,9.837998,,
891, 2024/5/3 17:37:05,891.3,17.56,23.87,17.87,18.57,--,--,--,--,24.11,24.46,17.87,38.93,21.06,9.85666,,
892, 2024/5/3 17:37:06,892.3,17.53,23.88,17.88,18.56,--,--,--,--,24.11,24.46,17.88,38.91,21.03,9.845967,,
893, 2024/5/3 17:37:07,893.3,17.55,23.89,17.86,18.61,--,--,--,--,24.11,24.48,17.86,38.94,21.08,9.854488,,
894, 2024/5/3 17:37:08,894.3,17.55,23.88,17.85,18.6,--,--,--,--,24.12,24.47,17.85,38.93,21.08,9.85449,,
895, 2024/5/3 17:37:09,895.3,17.55,23.87,17.87,18.59,--,--,--,--,24.11,24.46,17.87,38.92,21.05,9.847785,,
896, 2024/5/3 17:37:10,896.31,17.52,23.9,17.9,18.62,--,--,--,--,24.12,24.49,17.9,38.92,21.02,9.833104,,
897, 2024/5/3 17:37:11,897.31,17.55,23.9,17.88,18.62,--,--,--,--,24.12,24.49,17.88,38.95,21.07,9.852253,,
898, 2024/5/3 17:37:12,898.31,17.52,23.91,17.87,18.58,--,--,--,--,24.11,24.47,17.87,38.93,21.06,9.851993,,
