Index, Time, t(seconds), T1,T2,T3,T4,T5,T6,T7,T8,Tenv,Tavg,Tmin,Tmax,Trange,Tsigma,1.5 mol/L,NaCl
1, 2024/5/3 16:45:39,0.05,9.89,24.88,18.02,18.59,--,--,--,--,24.27,22.82,18.02,29.77,11.75,5.583317,,
2, 2024/5/3 16:45:40,1.05,9.95,24.85,18.05,18.61,--,--,--,--,24.28,22.83,18.05,29.8,11.75,5.578489,,
3, 2024/5/3 16:45:41,2.06,9.95,24.9,18.08,18.63,--,--,--,--,24.29,22.87,18.08,29.85,11.77,5.591771,,
4, 2024/5/3 16:45:42,3.06,9.99,24.88,18.06,18.57,--,--,--,--,24.29,22.85,18.06,29.87,11.81,5.618556,,
5, 2024/5/3 16:45:43,4.06,10.06,24.83,18.06,18.6,--,--,--,--,24.28,22.85,18.06,29.89,11.83,5.613326,,
6, 2024/5/3 16:45:44,5.06,10.12,24.83,18.05,18.59,--,--,--,--,24.28,22.86,18.05,29.95,11.9,5.643803,,
7, 2024/5/3 16:45:45,6.06,10.13,24.82,18.07,18.63,--,--,--,--,24.29,22.87,18.07,29.95,11.88,5.626889,,
8, 2024/5/3 16:45:46,7.06,10.17,24.82,18.08,18.6,--,--,--,--,24.29,22.88,18.08,29.99,11.91,5.648388,,
9, 2024/5/3 16:45:47,8.06,10.2,24.76,18.08,18.56,--,--,--,--,24.29,22.84,18.08,29.96,11.88,5.639009,,
10, 2024/5/3 16:45:48,9.07,10.22,24.78,18.06,18.61,--,--,--,--,24.28,22.87,18.06,30,11.94,5.651162,,
11, 2024/5/3 16:45:49,10.07,10.28,24.78,18.08,18.63,--,--,--,--,24.3,22.89,18.08,30.06,11.98,5.665762,,
12, 2024/5/3 16:45:50,11.07,10.29,24.77,18.07,18.63,--,--,--,--,24.3,22.89,18.07,30.06,11.99,5.667479,,
13, 2024/5/3 16:45:51,12.07,10.36,24.71,18.06,18.62,--,--,--,--,24.29,22.87,18.06,30.07,12.01,5.670423,,
14, 2024/5/3 16:45:52,13.07,10.35,24.73,18.05,18.59,--,--,--,--,24.29,22.87,18.05,30.08,12.03,5.687169,,
15, 2024/5/3 16:45:53,14.07,10.37,24.71,18.08,18.61,--,--,--,--,24.3,22.87,18.08,30.08,12,5.671515,,
16, 2024/5/3 16:45:54,15.08,10.42,24.72,18.05,18.63,--,--,--,--,24.3,22.89,18.05,30.14,12.09,5.701499,,
17, 2024/5/3 16:45:55,16.07,10.43,24.71,18.09,18.6,--,--,--,--,24.3,22.89,18.09,30.14,12.05,5.69665,,
18, 2024/5/3 16:45:56,17.08,10.47,24.7,18.06,18.62,--,--,--,--,24.3,22.89,18.06,30.17,12.11,5.711759,,
19, 2024/5/3 16:45:57,18.08,10.49,24.68,18.1,18.64,--,--,--,--,24.31,22.9,18.1,30.17,12.07,5.693406,,
20, 2024/5/3 16:45:58,19.08,10.5,24.67,18.09,18.6,--,--,--,--,24.31,22.89,18.09,30.17,12.08,5.705158,,
21, 2024/5/3 16:45:59,20.08,10.54,24.69,18.04,18.62,--,--,--,--,24.3,22.9,18.04,30.23,12.19,5.741858,,
22, 2024/5/3 16:46:00,21.08,10.55,24.66,18.06,18.61,--,--,--,--,24.3,22.89,18.06,30.21,12.15,5.727071,,
23, 2024/5/3 16:46:01,22.08,10.56,24.66,18.09,18.6,--,--,--,--,24.31,22.9,18.09,30.22,12.13,5.725419,,
24, 2024/5/3 16:46:02,23.08,10.66,24.6,18.06,18.59,--,--,--,--,24.3,22.88,18.06,30.26,12.2,5.747282,,
25, 2024/5/3 16:46:03,24.09,10.63,24.67,18.05,18.64,--,--,--,--,24.32,22.92,18.05,30.3,12.25,5.761866,,
26, 2024/5/3 16:46:04,25.09,10.66,24.66,18.03,18.58,--,--,--,--,24.31,22.9,18.03,30.32,12.29,5.789893,,
27, 2024/5/3 16:46:05,26.09,10.75,24.61,18.07,18.6,--,--,--,--,24.31,22.91,18.07,30.36,12.29,5.785854,,
28, 2024/5/3 16:46:06,27.09,10.71,24.63,18.06,18.6,--,--,--,--,24.31,22.91,18.06,30.34,12.28,5.782053,,
29, 2024/5/3 16:46:07,28.09,10.74,24.62,18.07,18.6,--,--,--,--,24.32,22.92,18.07,30.36,12.29,5.786838,,
30, 2024/5/3 16:46:08,29.09,10.79,24.6,18.09,18.61,--,--,--,--,24.32,22.93,18.09,30.39,12.3,5.7897,,
31, 2024/5/3 16:46:09,30.09,10.81,24.6,18.09,18.62,--,--,--,--,24.32,22.93,18.09,30.41,12.32,5.795815,,
32, 2024/5/3 16:46:10,31.1,10.82,24.66,18.11,18.79,--,--,--,--,24.32,23.01,18.11,30.48,12.37,5.784314,,
33, 2024/5/3 16:46:11,32.1,10.86,24.6,18.12,18.84,--,--,--,--,24.33,23.01,18.12,30.46,12.34,5.755097,,
34, 2024/5/3 16:46:12,33.1,10.92,24.58,18.16,18.86,--,--,--,--,24.32,23.03,18.16,30.5,12.34,5.754426,,
35, 2024/5/3 16:46:13,34.1,10.93,24.56,18.13,18.83,--,--,--,--,24.31,23.01,18.13,30.49,12.36,5.763988,,
36, 2024/5/3 16:46:14,35.1,10.99,24.53,18.16,18.9,--,--,--,--,24.33,23.03,18.16,30.52,12.36,5.749029,,
37, 2024/5/3 16:46:15,36.1,10.98,24.59,18.15,18.91,--,--,--,--,24.32,23.06,18.15,30.57,12.42,5.776456,,
38, 2024/5/3 16:46:16,37.1,11.09,24.53,18.16,18.86,--,--,--,--,24.33,23.05,18.16,30.62,12.46,5.802101,,
39, 2024/5/3 16:46:17,38.11,11.09,24.53,18.14,18.81,--,--,--,--,24.33,23.03,18.14,30.62,12.48,5.819757,,
40, 2024/5/3 16:46:18,39.11,11.13,24.54,18.15,18.82,--,--,--,--,24.34,23.05,18.15,30.67,12.52,5.837159,,
41, 2024/5/3 16:46:19,40.11,11.14,24.53,18.11,18.79,--,--,--,--,24.33,23.03,18.11,30.67,12.56,5.854733,,
42, 2024/5/3 16:46:20,41.11,11.21,24.49,18.11,18.72,--,--,--,--,24.32,23.01,18.11,30.7,12.59,5.881334,,
43, 2024/5/3 16:46:21,42.11,11.28,24.46,18.15,18.73,--,--,--,--,24.34,23.02,18.15,30.74,12.59,5.882797,,
44, 2024/5/3 16:46:22,43.11,11.27,24.46,18.15,18.72,--,--,--,--,24.34,23.02,18.15,30.73,12.58,5.880859,,
45, 2024/5/3 16:46:23,44.11,11.26,24.51,18.13,18.7,--,--,--,--,24.34,23.03,18.13,30.77,12.64,5.912884,,
46, 2024/5/3 16:46:24,45.12,11.28,24.47,18.11,18.71,--,--,--,--,24.34,23.01,18.11,30.75,12.64,5.90391,,
47, 2024/5/3 16:46:25,46.12,11.32,24.47,18.07,18.67,--,--,--,--,24.33,23,18.07,30.79,12.72,5.942175,,
48, 2024/5/3 16:46:26,47.12,11.32,24.48,18.12,18.69,--,--,--,--,24.34,23.03,18.12,30.8,12.68,5.928689,,
49, 2024/5/3 16:46:27,48.12,11.38,24.46,18.12,18.68,--,--,--,--,24.35,23.03,18.12,30.84,12.72,5.946996,,
50, 2024/5/3 16:46:28,49.12,11.42,24.42,18.1,18.65,--,--,--,--,24.34,23.01,18.1,30.84,12.74,5.956589,,
51, 2024/5/3 16:46:29,50.12,11.41,24.46,18.09,18.65,--,--,--,--,24.35,23.02,18.09,30.87,12.78,5.975697,,
52, 2024/5/3 16:46:30,51.12,11.41,24.48,18.14,18.63,--,--,--,--,24.34,23.04,18.14,30.89,12.75,5.977264,,
53, 2024/5/3 16:46:31,52.12,11.52,24.43,18.11,18.63,--,--,--,--,24.35,23.03,18.11,30.95,12.84,6.007796,,
54, 2024/5/3 16:46:32,53.13,11.48,24.45,18.11,18.63,--,--,--,--,24.35,23.03,18.11,30.93,12.82,6.000591,,
55, 2024/5/3 16:46:33,54.13,11.5,24.44,18.13,18.63,--,--,--,--,24.35,23.04,18.13,30.94,12.81,5.998731,,
56, 2024/5/3 16:46:34,55.13,11.54,24.41,18.1,18.61,--,--,--,--,24.35,23.02,18.1,30.95,12.85,6.013856,,
57, 2024/5/3 16:46:35,56.13,11.53,24.44,18.09,18.6,--,--,--,--,24.35,23.03,18.09,30.97,12.88,6.03016,,
58, 2024/5/3 16:46:36,57.13,11.56,24.42,18.1,18.63,--,--,--,--,24.35,23.04,18.1,30.98,12.88,6.022936,,
59, 2024/5/3 16:46:37,58.13,11.59,24.43,18.11,18.6,--,--,--,--,24.36,23.04,18.11,31.02,12.91,6.045903,,
60, 2024/5/3 16:46:38,59.13,11.6,24.39,18.11,18.6,--,--,--,--,24.35,23.03,18.11,30.99,12.88,6.02964,,
61, 2024/5/3 16:46:39,60.14,11.62,24.37,18.1,18.65,--,--,--,--,24.36,23.03,18.1,30.99,12.89,6.018675,,
62, 2024/5/3 16:46:40,61.14,11.64,24.41,18.09,18.65,--,--,--,--,24.36,23.05,18.09,31.05,12.96,6.050854,,
63, 2024/5/3 16:46:41,62.14,11.66,24.36,18.12,18.63,--,--,--,--,24.35,23.04,18.12,31.02,12.9,6.03058,,
64, 2024/5/3 16:46:42,63.14,11.69,24.36,18.15,18.68,--,--,--,--,24.36,23.06,18.15,31.05,12.9,6.023528,,
65, 2024/5/3 16:46:43,64.14,11.66,24.38,18.12,18.7,--,--,--,--,24.36,23.06,18.12,31.04,12.92,6.02391,,
66, 2024/5/3 16:46:44,65.14,11.65,24.37,18.14,18.69,--,--,--,--,24.37,23.06,18.14,31.02,12.88,6.011302,,
67, 2024/5/3 16:46:45,66.14,11.71,24.42,18.17,18.67,--,--,--,--,24.37,23.1,18.17,31.13,12.96,6.060241,,
68, 2024/5/3 16:46:46,67.15,11.76,24.36,18.12,18.68,--,--,--,--,24.36,23.07,18.12,31.12,13,6.062647,,
69, 2024/5/3 16:46:47,68.15,11.77,24.38,18.14,18.68,--,--,--,--,24.37,23.09,18.14,31.15,13.01,6.071907,,
70, 2024/5/3 16:46:48,69.15,11.75,24.39,18.14,18.64,--,--,--,--,24.38,23.08,18.14,31.14,13,6.077917,,
71, 2024/5/3 16:46:49,70.15,11.82,24.35,18.1,18.64,--,--,--,--,24.37,23.07,18.1,31.17,13.07,6.099177,,
72, 2024/5/3 16:46:50,71.15,11.86,24.36,18.13,18.65,--,--,--,--,24.37,23.09,18.13,31.22,13.09,6.111476,,
73, 2024/5/3 16:46:51,72.15,11.84,24.36,18.11,18.61,--,--,--,--,24.36,23.07,18.11,31.2,13.09,6.117735,,
74, 2024/5/3 16:46:52,73.15,11.89,24.34,18.11,18.63,--,--,--,--,24.36,23.08,18.11,31.23,13.12,6.124781,,
75, 2024/5/3 16:46:53,74.16,11.91,24.36,18.12,18.64,--,--,--,--,24.38,23.1,18.12,31.27,13.15,6.138778,,
76, 2024/5/3 16:46:54,75.16,11.96,24.34,18.11,18.64,--,--,--,--,24.38,23.1,18.11,31.3,13.19,6.153432,,
77, 2024/5/3 16:46:55,76.16,11.95,24.33,18.09,18.62,--,--,--,--,24.37,23.08,18.09,31.28,13.19,6.154111,,
78, 2024/5/3 16:46:56,77.16,12.01,24.31,18.09,18.62,--,--,--,--,24.37,23.09,18.09,31.32,13.23,6.17054,,
79, 2024/5/3 16:46:57,78.16,12.03,24.31,18.08,18.6,--,--,--,--,24.38,23.09,18.08,31.34,13.26,6.186963,,
80, 2024/5/3 16:46:58,79.16,12.04,24.33,18.1,18.6,--,--,--,--,24.38,23.1,18.1,31.37,13.27,6.196249,,
81, 2024/5/3 16:46:59,80.16,12.11,24.29,18.09,18.6,--,--,--,--,24.37,23.1,18.09,31.4,13.31,6.209672,,
82, 2024/5/3 16:47:00,81.17,12.06,24.32,18.08,18.57,--,--,--,--,24.38,23.09,18.08,31.38,13.3,6.21268,,
83, 2024/5/3 16:47:01,82.17,12.1,24.29,18.09,18.58,--,--,--,--,24.38,23.09,18.09,31.39,13.3,6.210051,,
84, 2024/5/3 16:47:02,83.17,12.11,24.31,18.1,18.56,--,--,--,--,24.38,23.1,18.1,31.42,13.32,6.226889,,
85, 2024/5/3 16:47:03,84.17,12.13,24.3,18.1,18.61,--,--,--,--,24.38,23.11,18.1,31.43,13.33,6.218587,,
86, 2024/5/3 16:47:04,85.17,12.14,24.3,18.08,18.55,--,--,--,--,24.38,23.1,18.08,31.44,13.36,6.242929,,
87, 2024/5/3 16:47:05,86.17,12.19,24.28,18.07,18.57,--,--,--,--,24.38,23.1,18.07,31.47,13.4,6.252861,,
88, 2024/5/3 16:47:06,87.17,12.18,24.28,18.09,18.56,--,--,--,--,24.38,23.1,18.09,31.46,13.37,6.245463,,
89, 2024/5/3 16:47:07,88.18,12.24,24.26,18.08,18.56,--,--,--,--,24.38,23.1,18.08,31.5,13.42,6.264738,,
90, 2024/5/3 16:47:08,89.18,12.24,24.28,18.07,18.54,--,--,--,--,24.39,23.11,18.07,31.52,13.45,6.282434,,
91, 2024/5/3 16:47:09,90.18,12.25,24.27,18.09,18.57,--,--,--,--,24.38,23.12,18.09,31.52,13.43,6.269208,,
92, 2024/5/3 16:47:10,91.18,12.29,24.26,18.11,18.51,--,--,--,--,24.39,23.11,18.11,31.55,13.44,6.291242,,
93, 2024/5/3 16:47:11,92.18,12.29,24.27,18.09,18.51,--,--,--,--,24.39,23.11,18.09,31.56,13.47,6.301635,,
94, 2024/5/3 16:47:12,93.18,12.32,24.25,18.08,18.51,--,--,--,--,24.39,23.11,18.08,31.57,13.49,6.307531,,
95, 2024/5/3 16:47:13,94.19,12.33,24.26,18.1,18.49,--,--,--,--,24.39,23.11,18.1,31.59,13.49,6.316657,,
96, 2024/5/3 16:47:14,95.18,12.39,24.25,18.08,18.51,--,--,--,--,24.39,23.12,18.08,31.64,13.56,6.338865,,
97, 2024/5/3 16:47:15,96.19,12.35,24.26,18.11,18.56,--,--,--,--,24.39,23.14,18.11,31.61,13.5,6.305951,,
98, 2024/5/3 16:47:16,97.19,12.39,24.22,18.09,18.55,--,--,--,--,24.39,23.12,18.09,31.61,13.52,6.311314,,
99, 2024/5/3 16:47:17,98.19,12.38,24.24,18.06,18.54,--,--,--,--,24.39,23.12,18.06,31.62,13.56,6.327371,,
100, 2024/5/3 16:47:18,99.19,12.44,24.22,18.15,18.56,--,--,--,--,24.41,23.15,18.15,31.66,13.51,6.315447,,
101, 2024/5/3 16:47:19,100.19,12.45,24.24,18.1,18.53,--,--,--,--,24.4,23.14,18.1,31.69,13.59,6.350544,,
102, 2024/5/3 16:47:20,101.19,12.51,24.18,18.07,18.54,--,--,--,--,24.39,23.12,18.07,31.69,13.62,6.352654,,
103, 2024/5/3 16:47:21,102.19,12.49,24.23,18.1,18.54,--,--,--,--,24.41,23.15,18.1,31.72,13.62,6.361016,,
104, 2024/5/3 16:47:22,103.2,12.5,24.21,18.09,18.54,--,--,--,--,24.4,23.14,18.09,31.71,13.62,6.358033,,
105, 2024/5/3 16:47:23,104.2,12.52,24.21,18.1,18.53,--,--,--,--,24.4,23.15,18.1,31.73,13.63,6.36679,,
106, 2024/5/3 16:47:24,105.2,12.51,24.23,18.05,18.51,--,--,--,--,24.39,23.14,18.05,31.74,13.69,6.390485,,
107, 2024/5/3 16:47:25,106.2,12.5,24.24,18.09,18.56,--,--,--,--,24.4,23.16,18.09,31.74,13.65,6.368396,,
108, 2024/5/3 16:47:26,107.2,12.58,24.2,18.1,18.55,--,--,--,--,24.4,23.16,18.1,31.78,13.68,6.383903,,
109, 2024/5/3 16:47:27,108.2,12.57,24.22,18.08,18.53,--,--,--,--,24.4,23.16,18.08,31.79,13.71,6.399612,,
110, 2024/5/3 16:47:28,109.2,12.62,24.19,18.1,18.56,--,--,--,--,24.41,23.17,18.1,31.81,13.71,6.394462,,
111, 2024/5/3 16:47:29,110.21,12.61,24.18,18.11,18.56,--,--,--,--,24.41,23.16,18.11,31.79,13.68,6.382275,,
112, 2024/5/3 16:47:30,111.21,12.6,24.18,18.1,18.52,--,--,--,--,24.4,23.15,18.1,31.78,13.68,6.390041,,
113, 2024/5/3 16:47:31,112.21,12.64,24.17,18.07,18.54,--,--,--,--,24.4,23.15,18.07,31.81,13.74,6.406116,,
114, 2024/5/3 16:47:32,113.21,12.69,24.14,18.04,18.53,--,--,--,--,24.41,23.14,18.04,31.83,13.79,6.423867,,
115, 2024/5/3 16:47:33,114.21,12.69,24.18,18.05,18.55,--,--,--,--,24.41,23.17,18.05,31.87,13.82,6.436592,,
116, 2024/5/3 16:47:34,115.21,12.71,24.14,18.07,18.54,--,--,--,--,24.41,23.15,18.07,31.85,13.78,6.422577,,
117, 2024/5/3 16:47:35,116.21,12.7,24.15,18.09,18.53,--,--,--,--,24.41,23.16,18.09,31.85,13.76,6.420225,,
118, 2024/5/3 16:47:36,117.22,12.73,24.16,18.07,18.54,--,--,--,--,24.41,23.17,18.07,31.89,13.82,6.441668,,
119, 2024/5/3 16:47:37,118.22,12.73,24.19,18.09,18.54,--,--,--,--,24.41,23.19,18.09,31.92,13.83,6.451497,,
120, 2024/5/3 16:47:38,119.22,12.75,24.15,18.05,18.57,--,--,--,--,24.41,23.17,18.05,31.9,13.85,6.443792,,
121, 2024/5/3 16:47:39,120.22,12.78,24.13,18.1,18.56,--,--,--,--,24.41,23.18,18.1,31.91,13.81,6.436491,,
122, 2024/5/3 16:47:40,121.22,12.79,24.15,18.1,18.54,--,--,--,--,24.41,23.19,18.1,31.94,13.84,6.455847,,
123, 2024/5/3 16:47:41,122.22,12.81,24.11,18.1,18.57,--,--,--,--,24.41,23.18,18.1,31.92,13.82,6.437641,,
124, 2024/5/3 16:47:42,123.22,12.82,24.14,18.08,18.56,--,--,--,--,24.42,23.19,18.08,31.96,13.88,6.464865,,
125, 2024/5/3 16:47:43,124.23,12.78,24.16,18.09,18.57,--,--,--,--,24.42,23.19,18.09,31.94,13.85,6.451803,,
126, 2024/5/3 16:47:44,125.23,12.83,24.12,18.11,18.55,--,--,--,--,24.42,23.19,18.11,31.95,13.84,6.453864,,
127, 2024/5/3 16:47:45,126.23,12.89,24.11,18.09,18.56,--,--,--,--,24.42,23.19,18.09,32,13.91,6.478885,,
128, 2024/5/3 16:47:46,127.23,12.83,24.15,18.1,18.55,--,--,--,--,24.42,23.2,18.1,31.98,13.88,6.471539,,
129, 2024/5/3 16:47:47,128.23,12.87,24.14,18.1,18.53,--,--,--,--,24.42,23.2,18.1,32.01,13.91,6.489413,,
130, 2024/5/3 16:47:48,129.23,12.91,24.1,18.05,18.57,--,--,--,--,24.42,23.19,18.05,32.01,13.96,6.491088,,
131, 2024/5/3 16:47:49,130.23,12.92,24.1,18.1,18.54,--,--,--,--,24.42,23.19,18.1,32.02,13.92,6.489628,,
132, 2024/5/3 16:47:50,131.23,12.96,24.08,18.07,18.56,--,--,--,--,24.42,23.19,18.07,32.04,13.97,6.500867,,
133, 2024/5/3 16:47:51,132.24,12.95,24.1,18.09,18.55,--,--,--,--,24.42,23.2,18.09,32.05,13.96,6.503464,,
134, 2024/5/3 16:47:52,133.24,12.96,24.09,18.11,18.57,--,--,--,--,24.43,23.21,18.11,32.05,13.94,6.493,,
135, 2024/5/3 16:47:53,134.24,12.95,24.13,18.12,18.58,--,--,--,--,24.44,23.23,18.12,32.08,13.96,6.503465,,
136, 2024/5/3 16:47:54,135.24,12.93,24.12,18.1,18.56,--,--,--,--,24.43,23.21,18.1,32.05,13.95,6.499397,,
137, 2024/5/3 16:47:55,136.24,13,24.1,18.12,18.55,--,--,--,--,24.42,23.22,18.12,32.1,13.98,6.518317,,
138, 2024/5/3 16:47:56,137.24,13,24.09,18.1,18.56,--,--,--,--,24.42,23.21,18.1,32.09,13.99,6.51616,,
139, 2024/5/3 16:47:57,138.24,13.02,24.07,18.12,18.58,--,--,--,--,24.43,23.22,18.12,32.09,13.97,6.50528,,
140, 2024/5/3 16:47:58,139.25,13.02,24.06,18.12,18.56,--,--,--,--,24.42,23.21,18.12,32.08,13.96,6.50505,,
141, 2024/5/3 16:47:59,140.25,13.05,24.07,18.12,18.57,--,--,--,--,24.42,23.22,18.12,32.12,14,6.521299,,
142, 2024/5/3 16:48:00,141.25,13.01,24.08,18.09,18.56,--,--,--,--,24.43,23.21,18.09,32.09,14,6.518324,,
143, 2024/5/3 16:48:01,142.25,13.09,24.06,18.11,18.53,--,--,--,--,24.42,23.22,18.11,32.15,14.04,6.546639,,
144, 2024/5/3 16:48:02,143.25,13.09,24.06,18.09,18.55,--,--,--,--,24.43,23.22,18.09,32.15,14.06,6.547088,,
145, 2024/5/3 16:48:03,144.25,13.1,24.05,18.1,18.55,--,--,--,--,24.43,23.22,18.1,32.15,14.05,6.544047,,
146, 2024/5/3 16:48:04,145.25,13.14,24.06,18.1,18.6,--,--,--,--,24.44,23.24,18.1,32.2,14.1,6.555398,,
147, 2024/5/3 16:48:05,146.26,13.11,24.07,18.09,18.59,--,--,--,--,24.43,23.24,18.09,32.18,14.09,6.551692,,
148, 2024/5/3 16:48:06,147.26,13.14,24.07,18.1,18.54,--,--,--,--,24.43,23.23,18.1,32.21,14.11,6.574592,,
149, 2024/5/3 16:48:07,148.26,13.12,24.08,18.09,18.56,--,--,--,--,24.44,23.24,18.09,32.2,14.11,6.568332,,
150, 2024/5/3 16:48:08,149.26,13.15,24.06,18.09,18.56,--,--,--,--,24.43,23.23,18.09,32.21,14.12,6.572021,,
151, 2024/5/3 16:48:09,150.26,13.2,24.03,18.09,18.59,--,--,--,--,24.44,23.24,18.09,32.23,14.14,6.572798,,
152, 2024/5/3 16:48:10,151.26,13.17,24.09,18.07,18.53,--,--,--,--,24.44,23.24,18.07,32.26,14.19,6.608404,,
153, 2024/5/3 16:48:11,152.26,13.16,24.07,18.08,18.59,--,--,--,--,24.44,23.25,18.08,32.23,14.15,6.577072,,
154, 2024/5/3 16:48:12,153.27,13.21,24.02,18.08,18.53,--,--,--,--,24.43,23.22,18.08,32.23,14.15,6.589178,,
155, 2024/5/3 16:48:13,154.27,13.22,24.05,18.12,18.56,--,--,--,--,24.45,23.25,18.12,32.27,14.15,6.591141,,
156, 2024/5/3 16:48:14,155.27,13.24,24.03,18.11,18.53,--,--,--,--,24.44,23.24,18.11,32.27,14.16,6.600046,,
157, 2024/5/3 16:48:15,156.27,13.27,24.05,18.1,18.54,--,--,--,--,24.45,23.26,18.1,32.32,14.22,6.623883,,
158, 2024/5/3 16:48:16,157.27,13.25,24.04,18.05,18.57,--,--,--,--,24.44,23.24,18.05,32.29,14.24,6.615729,,
159, 2024/5/3 16:48:17,158.27,13.25,24.03,18.08,18.54,--,--,--,--,24.44,23.24,18.08,32.28,14.2,6.610018,,
160, 2024/5/3 16:48:18,159.27,13.3,24.03,18.06,18.53,--,--,--,--,24.44,23.24,18.06,32.33,14.27,6.640397,,
161, 2024/5/3 16:48:19,160.28,13.28,24.04,18.11,18.54,--,--,--,--,24.45,23.26,18.11,32.32,14.21,6.620888,,
162, 2024/5/3 16:48:20,161.28,13.33,24.01,18.11,18.52,--,--,--,--,24.44,23.25,18.11,32.34,14.23,6.633588,,
163, 2024/5/3 16:48:21,162.28,13.27,24.05,18.07,18.53,--,--,--,--,24.45,23.25,18.07,32.32,14.25,6.634046,,
164, 2024/5/3 16:48:22,163.28,13.31,24.06,18.08,18.51,--,--,--,--,24.45,23.26,18.08,32.37,14.29,6.659404,,
165, 2024/5/3 16:48:23,164.28,13.36,24.01,18.06,18.55,--,--,--,--,24.45,23.25,18.06,32.37,14.31,6.653154,,
166, 2024/5/3 16:48:24,165.28,13.33,24.02,18.05,18.51,--,--,--,--,24.44,23.24,18.05,32.35,14.3,6.656454,,
167, 2024/5/3 16:48:25,166.28,13.34,24.03,18.08,18.5,--,--,--,--,24.45,23.25,18.08,32.37,14.29,6.660575,,
168, 2024/5/3 16:48:26,167.29,13.39,24.01,18.09,18.54,--,--,--,--,24.45,23.26,18.09,32.4,14.31,6.661445,,
169, 2024/5/3 16:48:27,168.29,13.39,24.04,18.08,18.55,--,--,--,--,24.47,23.28,18.08,32.43,14.35,6.676534,,
170, 2024/5/3 16:48:28,169.29,13.37,24.03,18.08,18.52,--,--,--,--,24.45,23.26,18.08,32.4,14.32,6.669534,,
171, 2024/5/3 16:48:29,170.29,13.42,23.99,18.11,18.54,--,--,--,--,24.45,23.27,18.11,32.41,14.3,6.660101,,
172, 2024/5/3 16:48:30,171.29,13.38,24.02,18.07,18.55,--,--,--,--,24.45,23.26,18.07,32.4,14.33,6.664652,,
173, 2024/5/3 16:48:31,172.29,13.4,24.01,18.1,18.53,--,--,--,--,24.45,23.27,18.1,32.41,14.31,6.665796,,
174, 2024/5/3 16:48:32,173.3,13.46,24,18.05,18.57,--,--,--,--,24.45,23.27,18.05,32.46,14.41,6.691835,,
175, 2024/5/3 16:48:33,174.29,13.41,24.01,18.08,18.55,--,--,--,--,24.45,23.27,18.08,32.42,14.34,6.670819,,
176, 2024/5/3 16:48:34,175.3,13.47,23.97,18.12,18.65,--,--,--,--,24.45,23.3,18.12,32.44,14.32,6.644719,,
177, 2024/5/3 16:48:35,176.3,13.49,23.97,18.16,18.63,--,--,--,--,24.47,23.31,18.16,32.46,14.3,6.648214,,
178, 2024/5/3 16:48:36,177.3,13.47,23.98,18.12,18.66,--,--,--,--,24.45,23.31,18.12,32.45,14.33,6.647318,,
179, 2024/5/3 16:48:37,178.3,13.49,23.97,18.13,18.7,--,--,--,--,24.45,23.32,18.13,32.46,14.33,6.639669,,
180, 2024/5/3 16:48:38,179.3,13.47,23.97,18.17,18.8,--,--,--,--,24.46,23.35,18.17,32.44,14.27,6.596966,,
181, 2024/5/3 16:48:39,180.3,13.47,23.97,18.2,18.9,--,--,--,--,24.46,23.38,18.2,32.44,14.24,6.566237,,
182, 2024/5/3 16:48:40,181.3,13.48,23.96,18.16,18.86,--,--,--,--,24.46,23.36,18.16,32.44,14.28,6.58555,,
183, 2024/5/3 16:48:41,182.31,13.49,23.97,18.23,18.92,--,--,--,--,24.46,23.4,18.23,32.46,14.23,6.563008,,
184, 2024/5/3 16:48:42,183.31,13.47,23.96,18.21,18.93,--,--,--,--,24.45,23.39,18.21,32.43,14.22,6.551894,,
185, 2024/5/3 16:48:43,184.31,13.44,23.97,18.27,19,--,--,--,--,24.45,23.42,18.27,32.41,14.14,6.511336,,
186, 2024/5/3 16:48:44,185.31,13.52,23.97,18.29,19.1,--,--,--,--,24.47,23.47,18.29,32.49,14.2,6.520475,,
187, 2024/5/3 16:48:45,186.31,13.46,23.97,18.28,19.15,--,--,--,--,24.45,23.46,18.28,32.43,14.15,6.484336,,
188, 2024/5/3 16:48:46,187.31,13.44,23.98,18.3,19.08,--,--,--,--,24.46,23.45,18.3,32.42,14.12,6.490296,,
189, 2024/5/3 16:48:47,188.31,13.5,23.98,18.34,18.98,--,--,--,--,24.47,23.45,18.34,32.48,14.14,6.530069,,
190, 2024/5/3 16:48:48,189.32,13.52,23.97,18.28,18.92,--,--,--,--,24.46,23.42,18.28,32.49,14.21,6.563742,,
191, 2024/5/3 16:48:49,190.32,13.53,23.97,18.28,18.83,--,--,--,--,24.46,23.4,18.28,32.5,14.22,6.589024,,
192, 2024/5/3 16:48:50,191.32,13.51,23.99,18.23,18.83,--,--,--,--,24.47,23.39,18.23,32.5,14.27,6.602611,,
193, 2024/5/3 16:48:51,192.32,13.52,23.98,18.25,18.82,--,--,--,--,24.46,23.39,18.25,32.5,14.25,6.599409,,
194, 2024/5/3 16:48:52,193.32,13.6,23.94,18.23,18.79,--,--,--,--,24.48,23.38,18.23,32.54,14.31,6.628754,,
195, 2024/5/3 16:48:53,194.32,13.58,23.98,18.25,18.77,--,--,--,--,24.46,23.39,18.25,32.56,14.31,6.638597,,
196, 2024/5/3 16:48:54,195.32,13.52,23.98,18.21,18.77,--,--,--,--,24.46,23.37,18.21,32.5,14.29,6.621351,,
197, 2024/5/3 16:48:55,196.33,13.61,23.94,18.22,18.74,--,--,--,--,24.46,23.37,18.22,32.55,14.33,6.647508,,
198, 2024/5/3 16:48:56,197.33,13.61,23.97,18.25,18.74,--,--,--,--,24.46,23.39,18.25,32.58,14.33,6.654481,,
199, 2024/5/3 16:48:57,198.33,13.64,23.99,18.24,18.71,--,--,--,--,24.47,23.4,18.24,32.63,14.39,6.687662,,
200, 2024/5/3 16:48:58,199.33,13.66,23.98,18.22,18.69,--,--,--,--,24.47,23.39,18.22,32.64,14.42,6.701772,,
201, 2024/5/3 16:48:59,200.33,13.76,23.92,18.21,18.67,--,--,--,--,24.47,23.37,18.21,32.68,14.47,6.725704,,
202, 2024/5/3 16:49:00,201.33,13.7,23.98,18.19,18.66,--,--,--,--,24.47,23.38,18.19,32.68,14.49,6.734899,,
203, 2024/5/3 16:49:01,202.33,13.74,23.93,18.19,18.67,--,--,--,--,24.46,23.37,18.19,32.67,14.48,6.726494,,
204, 2024/5/3 16:49:02,203.34,13.73,24,18.18,18.64,--,--,--,--,24.47,23.39,18.18,32.73,14.55,6.765763,,
205, 2024/5/3 16:49:03,204.34,13.8,23.93,18.15,18.67,--,--,--,--,24.47,23.37,18.15,32.73,14.58,6.764439,,
206, 2024/5/3 16:49:04,205.34,13.77,23.96,18.18,18.66,--,--,--,--,24.47,23.39,18.18,32.73,14.55,6.759905,,
207, 2024/5/3 16:49:05,206.34,13.82,23.96,18.16,18.64,--,--,--,--,24.46,23.39,18.16,32.78,14.62,6.792737,,
208, 2024/5/3 16:49:06,207.34,13.81,23.96,18.15,18.67,--,--,--,--,24.47,23.39,18.15,32.77,14.62,6.783726,,
209, 2024/5/3 16:49:07,208.34,13.82,23.95,18.14,18.64,--,--,--,--,24.47,23.38,18.14,32.77,14.63,6.792979,,
210, 2024/5/3 16:49:08,209.35,13.81,23.95,18.16,18.64,--,--,--,--,24.47,23.38,18.16,32.76,14.6,6.783234,,
211, 2024/5/3 16:49:09,210.35,13.85,23.97,18.17,18.65,--,--,--,--,24.48,23.41,18.17,32.82,14.65,6.806567,,
212, 2024/5/3 16:49:10,211.35,13.84,23.94,18.14,18.63,--,--,--,--,24.47,23.38,18.14,32.78,14.64,6.79963,,
213, 2024/5/3 16:49:11,212.35,13.88,23.94,18.13,18.62,--,--,--,--,24.47,23.38,18.13,32.82,14.69,6.822965,,
214, 2024/5/3 16:49:12,213.35,13.89,23.93,18.15,18.58,--,--,--,--,24.47,23.37,18.15,32.82,14.67,6.826903,,
215, 2024/5/3 16:49:13,214.35,13.97,23.89,18.14,18.58,--,--,--,--,24.48,23.37,18.14,32.86,14.72,6.846849,,
216, 2024/5/3 16:49:14,215.35,13.92,23.92,18.15,18.6,--,--,--,--,24.48,23.38,18.15,32.84,14.69,6.831187,,
217, 2024/5/3 16:49:15,216.35,13.92,23.97,18.13,18.58,--,--,--,--,24.48,23.4,18.13,32.89,14.76,6.865414,,
218, 2024/5/3 16:49:16,217.35,13.91,23.95,18.14,18.59,--,--,--,--,24.47,23.39,18.14,32.86,14.72,6.846125,,
219, 2024/5/3 16:49:17,218.36,13.96,23.93,18.11,18.6,--,--,--,--,24.47,23.39,18.11,32.89,14.78,6.864762,,
220, 2024/5/3 16:49:18,219.36,13.96,23.94,18.14,18.6,--,--,--,--,24.48,23.4,18.14,32.9,14.76,6.861977,,
221, 2024/5/3 16:49:19,220.36,13.97,23.93,18.14,18.62,--,--,--,--,24.48,23.4,18.14,32.9,14.76,6.857056,,
222, 2024/5/3 16:49:20,221.36,13.99,23.92,18.14,18.61,--,--,--,--,24.48,23.4,18.14,32.91,14.77,6.863738,,
223, 2024/5/3 16:49:21,222.36,14,23.92,18.11,18.64,--,--,--,--,24.48,23.4,18.11,32.92,14.81,6.869085,,
224, 2024/5/3 16:49:22,223.36,14.03,23.92,18.14,18.61,--,--,--,--,24.48,23.41,18.14,32.95,14.81,6.882219,,
225, 2024/5/3 16:49:23,224.36,14.03,23.91,18.12,18.6,--,--,--,--,24.48,23.4,18.12,32.94,14.82,6.884771,,
226, 2024/5/3 16:49:24,225.37,13.98,23.95,18.14,18.55,--,--,--,--,24.48,23.4,18.14,32.93,14.79,6.887778,,
227, 2024/5/3 16:49:25,226.37,14.05,23.91,18.14,18.59,--,--,--,--,24.49,23.4,18.14,32.96,14.82,6.891243,,
228, 2024/5/3 16:49:26,227.37,14.04,23.94,18.13,18.56,--,--,--,--,24.48,23.41,18.13,32.98,14.85,6.910797,,
229, 2024/5/3 16:49:27,228.37,14.09,23.89,18.09,18.57,--,--,--,--,24.47,23.39,18.09,32.98,14.89,6.917382,,
230, 2024/5/3 16:49:28,229.37,14.1,23.9,18.09,18.56,--,--,--,--,24.47,23.39,18.09,33,14.91,6.929199,,
231, 2024/5/3 16:49:29,230.37,14.07,23.93,18.13,18.55,--,--,--,--,24.48,23.41,18.13,33,14.87,6.922112,,
232, 2024/5/3 16:49:30,231.37,14.1,23.89,18.13,18.55,--,--,--,--,24.47,23.39,18.13,32.99,14.86,6.916485,,
233, 2024/5/3 16:49:31,232.38,14.05,23.95,18.14,18.54,--,--,--,--,24.48,23.41,18.14,33,14.86,6.922436,,
234, 2024/5/3 16:49:32,233.38,14.12,23.89,18.11,18.55,--,--,--,--,24.48,23.39,18.11,33.01,14.9,6.930812,,
235, 2024/5/3 16:49:33,234.38,14.15,23.89,18.15,18.57,--,--,--,--,24.5,23.42,18.15,33.04,14.89,6.929888,,
236, 2024/5/3 16:49:34,235.38,14.18,23.87,18.11,18.55,--,--,--,--,24.47,23.4,18.11,33.05,14.94,6.948848,,
237, 2024/5/3 16:49:35,236.38,14.14,23.9,18.14,18.55,--,--,--,--,24.48,23.41,18.14,33.04,14.9,6.937324,,
238, 2024/5/3 16:49:36,237.38,14.17,23.89,18.15,18.53,--,--,--,--,24.48,23.41,18.15,33.06,14.91,6.948493,,
239, 2024/5/3 16:49:37,238.38,14.12,23.93,18.14,18.54,--,--,--,--,24.49,23.42,18.14,33.05,14.91,6.945024,,
240, 2024/5/3 16:49:38,239.39,14.16,23.9,18.13,18.58,--,--,--,--,24.49,23.42,18.13,33.06,14.93,6.94213,,
241, 2024/5/3 16:49:39,240.39,14.25,23.84,18.11,18.56,--,--,--,--,24.48,23.4,18.11,33.09,14.98,6.964392,,
242, 2024/5/3 16:49:40,241.39,14.21,23.87,18.09,18.54,--,--,--,--,24.48,23.4,18.09,33.08,14.99,6.970138,,
243, 2024/5/3 16:49:41,242.39,14.16,23.9,18.1,18.54,--,--,--,--,24.48,23.4,18.1,33.06,14.96,6.959055,,
244, 2024/5/3 16:49:42,243.39,14.2,23.87,18.1,18.56,--,--,--,--,24.49,23.4,18.1,33.07,14.97,6.958324,,
245, 2024/5/3 16:49:43,244.39,14.22,23.87,18.14,18.56,--,--,--,--,24.49,23.42,18.14,33.09,14.95,6.957453,,
246, 2024/5/3 16:49:44,245.39,14.24,23.84,18.11,18.56,--,--,--,--,24.48,23.4,18.11,33.08,14.97,6.959755,,
247, 2024/5/3 16:49:45,246.4,14.23,23.89,18.1,18.52,--,--,--,--,24.47,23.41,18.1,33.12,15.02,6.991241,,
248, 2024/5/3 16:49:46,247.4,14.21,23.88,18.11,18.52,--,--,--,--,24.49,23.4,18.11,33.09,14.98,6.974588,,
249, 2024/5/3 16:49:47,248.4,14.24,23.85,18.12,18.55,--,--,--,--,24.48,23.41,18.12,33.09,14.97,6.964398,,
250, 2024/5/3 16:49:48,249.4,14.25,23.88,18.1,18.54,--,--,--,--,24.48,23.42,18.1,33.13,15.03,6.990986,,
251, 2024/5/3 16:49:49,250.4,14.27,23.86,18.1,18.55,--,--,--,--,24.48,23.41,18.1,33.13,15.03,6.98822,,
252, 2024/5/3 16:49:50,251.4,14.29,23.86,18.13,18.57,--,--,--,--,24.48,23.43,18.13,33.15,15.02,6.985261,,
253, 2024/5/3 16:49:51,252.4,14.34,23.81,18.14,18.57,--,--,--,--,24.48,23.42,18.14,33.15,15.01,6.981734,,
254, 2024/5/3 16:49:52,253.4,14.3,23.85,18.11,18.6,--,--,--,--,24.49,23.43,18.11,33.15,15.04,6.983185,,
255, 2024/5/3 16:49:53,254.41,14.34,23.85,18.13,18.56,--,--,--,--,24.49,23.44,18.13,33.19,15.06,7.005933,,
256, 2024/5/3 16:49:54,255.41,14.33,23.86,18.13,18.56,--,--,--,--,24.49,23.44,18.13,33.19,15.06,7.006137,,
257, 2024/5/3 16:49:55,256.41,14.33,23.87,18.11,18.55,--,--,--,--,24.49,23.44,18.11,33.2,15.09,7.018357,,
258, 2024/5/3 16:49:56,257.41,14.36,23.86,18.11,18.57,--,--,--,--,24.49,23.44,18.11,33.22,15.11,7.022798,,
259, 2024/5/3 16:49:57,258.41,14.36,23.84,18.12,18.56,--,--,--,--,24.49,23.43,18.12,33.2,15.08,7.012898,,
260, 2024/5/3 16:49:58,259.41,14.34,23.85,18.15,18.56,--,--,--,--,24.48,23.44,18.15,33.19,15.04,7.000891,,
261, 2024/5/3 16:49:59,260.41,14.38,23.82,18.12,18.57,--,--,--,--,24.48,23.43,18.12,33.2,15.08,7.010196,,
262, 2024/5/3 16:50:00,261.42,14.38,23.82,18.15,18.58,--,--,--,--,24.49,23.44,18.15,33.2,15.05,7.000318,,
263, 2024/5/3 16:50:01,262.42,14.4,23.81,18.13,18.56,--,--,--,--,24.48,23.43,18.13,33.21,15.08,7.014447,,
264, 2024/5/3 16:50:02,263.42,14.4,23.86,18.13,18.58,--,--,--,--,24.5,23.46,18.13,33.26,15.13,7.033998,,
265, 2024/5/3 16:50:03,264.42,14.42,23.84,18.12,18.54,--,--,--,--,24.49,23.44,18.12,33.26,15.14,7.045397,,
266, 2024/5/3 16:50:04,265.42,14.34,23.88,18.09,18.55,--,--,--,--,24.48,23.44,18.09,33.22,15.13,7.032911,,
267, 2024/5/3 16:50:05,266.42,14.4,23.84,18.12,18.57,--,--,--,--,24.48,23.45,18.12,33.24,15.12,7.029161,,
268, 2024/5/3 16:50:06,267.42,14.48,23.8,18.14,18.57,--,--,--,--,24.49,23.45,18.14,33.28,15.14,7.041993,,
269, 2024/5/3 16:50:07,268.43,14.49,23.79,18.11,18.54,--,--,--,--,24.49,23.43,18.11,33.28,15.17,7.056293,,
270, 2024/5/3 16:50:08,269.43,14.42,23.83,18.1,18.56,--,--,--,--,24.49,23.44,18.1,33.25,15.15,7.040977,,
271, 2024/5/3 16:50:09,270.43,14.43,23.84,18.11,18.55,--,--,--,--,24.49,23.45,18.11,33.27,15.16,7.050246,,
272, 2024/5/3 16:50:10,271.43,14.43,23.84,18.1,18.55,--,--,--,--,24.49,23.44,18.1,33.27,15.17,7.05277,,
273, 2024/5/3 16:50:11,272.43,14.42,23.82,18.07,18.54,--,--,--,--,24.48,23.42,18.07,33.24,15.17,7.048343,,
274, 2024/5/3 16:50:12,273.43,14.47,23.83,18.11,18.54,--,--,--,--,24.49,23.45,18.11,33.3,15.19,7.066308,,
275, 2024/5/3 16:50:13,274.43,14.51,23.78,18.08,18.53,--,--,--,--,24.48,23.42,18.08,33.29,15.21,7.070631,,
276, 2024/5/3 16:50:14,275.44,14.44,23.85,18.1,18.54,--,--,--,--,24.48,23.45,18.1,33.29,15.19,7.064565,,
277, 2024/5/3 16:50:15,276.44,14.47,23.82,18.1,18.51,--,--,--,--,24.48,23.43,18.1,33.29,15.19,7.070947,,
278, 2024/5/3 16:50:16,277.44,14.45,23.84,18.09,18.51,--,--,--,--,24.5,23.44,18.09,33.29,15.2,7.073846,,
279, 2024/5/3 16:50:17,278.44,14.48,23.83,18.07,18.51,--,--,--,--,24.49,23.43,18.07,33.31,15.24,7.087982,,
280, 2024/5/3 16:50:18,279.44,14.57,23.78,18.08,18.52,--,--,--,--,24.49,23.44,18.08,33.35,15.27,7.100857,,
281, 2024/5/3 16:50:19,280.44,14.48,23.83,18.1,18.51,--,--,--,--,24.49,23.44,18.1,33.31,15.21,7.080428,,
282, 2024/5/3 16:50:20,281.44,14.52,23.82,18.07,18.56,--,--,--,--,24.5,23.45,18.07,33.34,15.27,7.090206,,
283, 2024/5/3 16:50:21,282.45,14.55,23.81,18.08,18.57,--,--,--,--,24.48,23.46,18.08,33.36,15.28,7.094507,,
284, 2024/5/3 16:50:22,283.45,14.53,23.81,18.11,18.56,--,--,--,--,24.49,23.46,18.11,33.34,15.23,7.079937,,
285, 2024/5/3 16:50:23,284.45,14.58,23.77,18.12,18.53,--,--,--,--,24.49,23.45,18.12,33.35,15.23,7.088348,,
286, 2024/5/3 16:50:24,285.45,14.55,23.81,18.09,18.53,--,--,--,--,24.48,23.45,18.09,33.36,15.27,7.101198,,
287, 2024/5/3 16:50:25,286.45,14.58,23.79,18.12,18.53,--,--,--,--,24.49,23.46,18.12,33.37,15.25,7.097984,,
288, 2024/5/3 16:50:26,287.45,14.58,23.81,18.13,18.51,--,--,--,--,24.5,23.46,18.13,33.39,15.26,7.109756,,
289, 2024/5/3 16:50:27,288.46,14.56,23.8,18.11,18.52,--,--,--,--,24.49,23.45,18.11,33.36,15.25,7.098314,,
290, 2024/5/3 16:50:28,289.46,14.6,23.77,18.1,18.56,--,--,--,--,24.49,23.45,18.1,33.37,15.27,7.09577,,
291, 2024/5/3 16:50:29,290.46,14.58,23.8,18.11,18.55,--,--,--,--,24.49,23.46,18.11,33.38,15.27,7.100693,,
292, 2024/5/3 16:50:30,291.46,14.55,23.85,18.11,18.58,--,--,--,--,24.5,23.49,18.11,33.4,15.29,7.10393,,
293, 2024/5/3 16:50:31,292.46,14.63,23.79,18.14,18.54,--,--,--,--,24.49,23.48,18.14,33.42,15.28,7.113953,,
294, 2024/5/3 16:50:32,293.46,14.6,23.76,18.15,18.55,--,--,--,--,24.48,23.46,18.15,33.36,15.21,7.080733,,
295, 2024/5/3 16:50:33,294.46,14.6,23.8,18.16,18.59,--,--,--,--,24.5,23.49,18.16,33.4,15.24,7.088239,,
296, 2024/5/3 16:50:34,295.46,14.6,23.83,18.12,18.56,--,--,--,--,24.49,23.49,18.12,33.43,15.31,7.119641,,
297, 2024/5/3 16:50:35,296.46,14.66,23.77,18.11,18.55,--,--,--,--,24.49,23.47,18.11,33.43,15.32,7.123521,,
298, 2024/5/3 16:50:36,297.47,14.63,23.79,18.13,18.58,--,--,--,--,24.5,23.48,18.13,33.42,15.29,7.107235,,
299, 2024/5/3 16:50:37,298.47,14.61,23.81,18.15,18.52,--,--,--,--,24.49,23.48,18.15,33.42,15.27,7.116404,,
300, 2024/5/3 16:50:38,299.47,14.67,23.76,18.11,18.51,--,--,--,--,24.48,23.46,18.11,33.43,15.32,7.132599,,
301, 2024/5/3 16:50:39,300.47,14.66,23.79,18.11,18.59,--,--,--,--,24.49,23.49,18.11,33.45,15.34,7.123952,,
302, 2024/5/3 16:50:40,301.47,14.7,23.76,18.12,18.6,--,--,--,--,24.49,23.49,18.12,33.46,15.34,7.123395,,
303, 2024/5/3 16:50:41,302.47,14.63,23.8,18.13,18.59,--,--,--,--,24.49,23.49,18.13,33.43,15.3,7.10975,,
304, 2024/5/3 16:50:42,303.47,14.69,23.76,18.12,18.61,--,--,--,--,24.49,23.49,18.12,33.45,15.33,7.116445,,
305, 2024/5/3 16:50:43,304.48,14.68,23.76,18.17,18.55,--,--,--,--,24.49,23.48,18.17,33.44,15.27,7.113056,,
306, 2024/5/3 16:50:44,305.48,14.68,23.78,18.11,18.61,--,--,--,--,24.49,23.49,18.11,33.46,15.35,7.123895,,
307, 2024/5/3 16:50:45,306.48,14.76,23.75,18.11,18.58,--,--,--,--,24.49,23.49,18.11,33.51,15.4,7.153689,,
308, 2024/5/3 16:50:46,307.48,14.72,23.78,18.11,18.59,--,--,--,--,24.49,23.5,18.11,33.5,15.39,7.147127,,
309, 2024/5/3 16:50:47,308.48,14.73,23.75,18.13,18.59,--,--,--,--,24.49,23.49,18.13,33.48,15.35,7.132382,,
310, 2024/5/3 16:50:48,309.48,14.74,23.76,18.1,18.57,--,--,--,--,24.49,23.49,18.1,33.5,15.4,7.153948,,
311, 2024/5/3 16:50:49,310.48,14.78,23.73,18.13,18.56,--,--,--,--,24.49,23.49,18.13,33.51,15.38,7.153026,,
312, 2024/5/3 16:50:50,311.49,14.74,23.74,18.13,18.59,--,--,--,--,24.49,23.49,18.13,33.48,15.35,7.132258,,
313, 2024/5/3 16:50:51,312.49,14.77,23.74,18.13,18.53,--,--,--,--,24.49,23.48,18.13,33.51,15.38,7.160047,,
314, 2024/5/3 16:50:52,313.49,14.76,23.75,18.16,18.62,--,--,--,--,24.49,23.51,18.16,33.51,15.35,7.132019,,
315, 2024/5/3 16:50:53,314.49,14.78,23.77,18.13,18.6,--,--,--,--,24.49,23.52,18.13,33.55,15.42,7.163026,,
316, 2024/5/3 16:50:54,315.49,14.77,23.76,18.15,18.63,--,--,--,--,24.49,23.52,18.15,33.53,15.38,7.1417,,
317, 2024/5/3 16:50:55,316.49,14.73,23.76,18.17,18.61,--,--,--,--,24.49,23.51,18.17,33.49,15.32,7.122584,,
318, 2024/5/3 16:50:56,317.49,14.79,23.76,18.15,18.58,--,--,--,--,24.5,23.51,18.15,33.55,15.4,7.162487,,
319, 2024/5/3 16:50:57,318.5,14.81,23.74,18.13,18.62,--,--,--,--,24.5,23.51,18.13,33.55,15.42,7.158111,,
320, 2024/5/3 16:50:58,319.5,14.78,23.73,18.13,18.55,--,--,--,--,24.49,23.48,18.13,33.51,15.38,7.155323,,
321, 2024/5/3 16:50:59,320.5,14.81,23.73,18.15,18.59,--,--,--,--,24.49,23.51,18.15,33.54,15.39,7.155178,,
322, 2024/5/3 16:51:00,321.5,14.85,23.72,18.12,18.58,--,--,--,--,24.49,23.5,18.12,33.57,15.45,7.17887,,
323, 2024/5/3 16:51:01,322.5,14.8,23.77,18.15,18.6,--,--,--,--,24.5,23.53,18.15,33.57,15.42,7.167362,,
324, 2024/5/3 16:51:02,323.5,14.82,23.75,18.13,18.57,--,--,--,--,24.49,23.51,18.13,33.57,15.44,7.178997,,
325, 2024/5/3 16:51:03,324.5,14.84,23.73,18.15,18.62,--,--,--,--,24.49,23.52,18.15,33.57,15.42,7.162349,,
326, 2024/5/3 16:51:04,325.51,14.87,23.72,18.13,18.6,--,--,--,--,24.49,23.51,18.13,33.59,15.46,7.181161,,
327, 2024/5/3 16:51:05,326.51,14.81,23.76,18.14,18.54,--,--,--,--,24.49,23.51,18.14,33.57,15.43,7.183519,,
328, 2024/5/3 16:51:06,327.51,14.86,23.74,18.09,18.59,--,--,--,--,24.49,23.51,18.09,33.6,15.51,7.198342,,
329, 2024/5/3 16:51:07,328.51,14.85,23.73,18.15,18.55,--,--,--,--,24.5,23.51,18.15,33.58,15.43,7.183059,,
330, 2024/5/3 16:51:08,329.51,14.86,23.76,18.11,18.59,--,--,--,--,24.5,23.52,18.11,33.62,15.51,7.202903,,
331, 2024/5/3 16:51:09,330.51,14.86,23.76,18.12,18.57,--,--,--,--,24.49,23.52,18.12,33.62,15.5,7.204975,,
332, 2024/5/3 16:51:10,331.51,14.88,23.72,18.14,18.57,--,--,--,--,24.49,23.51,18.14,33.6,15.46,7.190199,,
333, 2024/5/3 16:51:11,332.51,14.91,23.72,18.11,18.52,--,--,--,--,24.49,23.5,18.11,33.63,15.52,7.223162,,
334, 2024/5/3 16:51:12,333.52,14.86,23.74,18.1,18.56,--,--,--,--,24.48,23.5,18.1,33.6,15.5,7.202684,,
335, 2024/5/3 16:51:13,334.52,14.92,23.71,18.11,18.58,--,--,--,--,24.49,23.51,18.11,33.63,15.52,7.209331,,
336, 2024/5/3 16:51:14,335.52,14.88,23.76,18.1,18.59,--,--,--,--,24.5,23.53,18.1,33.64,15.54,7.214755,,
337, 2024/5/3 16:51:15,336.52,14.91,23.74,18.11,18.57,--,--,--,--,24.49,23.52,18.11,33.65,15.54,7.221275,,
338, 2024/5/3 16:51:16,337.52,14.92,23.73,18.11,18.6,--,--,--,--,24.49,23.53,18.11,33.65,15.54,7.214332,,
339, 2024/5/3 16:51:17,338.52,14.96,23.7,18.1,18.59,--,--,--,--,24.48,23.52,18.1,33.66,15.56,7.223501,,
340, 2024/5/3 16:51:18,339.52,14.93,23.73,18.07,18.59,--,--,--,--,24.49,23.52,18.07,33.66,15.59,7.231305,,
341, 2024/5/3 16:51:19,340.53,14.96,23.71,18.1,18.57,--,--,--,--,24.49,23.52,18.1,33.67,15.57,7.232826,,
342, 2024/5/3 16:51:20,341.53,14.99,23.71,18.09,18.55,--,--,--,--,24.49,23.52,18.09,33.7,15.61,7.253922,,
343, 2024/5/3 16:51:21,342.53,14.98,23.7,18.13,18.58,--,--,--,--,24.49,23.53,18.13,33.68,15.55,7.227663,,
344, 2024/5/3 16:51:22,343.53,14.99,23.71,18.1,18.56,--,--,--,--,24.49,23.52,18.1,33.7,15.6,7.249147,,
345, 2024/5/3 16:51:23,344.53,14.97,23.72,18.12,18.57,--,--,--,--,24.5,23.53,18.12,33.69,15.57,7.237292,,
346, 2024/5/3 16:51:24,345.53,15.03,23.69,18.08,18.52,--,--,--,--,24.48,23.51,18.08,33.72,15.64,7.272439,,
347, 2024/5/3 16:51:25,346.53,15.01,23.74,18.11,18.6,--,--,--,--,24.5,23.55,18.11,33.75,15.64,7.261222,,
348, 2024/5/3 16:51:26,347.54,14.99,23.72,18.07,18.57,--,--,--,--,24.49,23.52,18.07,33.71,15.64,7.259135,,
349, 2024/5/3 16:51:27,348.54,15.03,23.69,18.11,18.58,--,--,--,--,24.49,23.53,18.11,33.72,15.61,7.251296,,
350, 2024/5/3 16:51:28,349.54,15,23.74,18.08,18.52,--,--,--,--,24.5,23.52,18.08,33.74,15.66,7.282281,,
351, 2024/5/3 16:51:29,350.54,15.02,23.7,18.09,18.56,--,--,--,--,24.49,23.52,18.09,33.72,15.63,7.260913,,
352, 2024/5/3 16:51:30,351.54,15.02,23.67,18.08,18.57,--,--,--,--,24.49,23.51,18.08,33.69,15.61,7.24683,,
353, 2024/5/3 16:51:31,352.54,15.06,23.69,18.11,18.56,--,--,--,--,24.5,23.53,18.11,33.75,15.64,7.269906,,
354, 2024/5/3 16:51:32,353.54,15.02,23.71,18.1,18.55,--,--,--,--,24.49,23.53,18.1,33.73,15.63,7.265474,,
355, 2024/5/3 16:51:33,354.55,15.04,23.7,18.1,18.56,--,--,--,--,24.49,23.53,18.1,33.74,15.64,7.267789,,
356, 2024/5/3 16:51:34,355.55,15.09,23.7,18.12,18.56,--,--,--,--,24.5,23.55,18.12,33.79,15.67,7.286245,,
357, 2024/5/3 16:51:35,356.55,15.01,23.74,18.14,18.57,--,--,--,--,24.5,23.55,18.14,33.75,15.61,7.260589,,
358, 2024/5/3 16:51:36,357.55,15.07,23.69,18.1,18.56,--,--,--,--,24.48,23.53,18.1,33.76,15.66,7.277077,,
359, 2024/5/3 16:51:37,358.55,15.1,23.68,18.1,18.56,--,--,--,--,24.49,23.53,18.1,33.78,15.68,7.286375,,
360, 2024/5/3 16:51:38,359.55,15.12,23.67,18.1,18.52,--,--,--,--,24.49,23.52,18.1,33.79,15.69,7.300112,,
361, 2024/5/3 16:51:39,360.55,15.09,23.7,18.08,18.57,--,--,--,--,24.49,23.54,18.08,33.79,15.71,7.293921,,
362, 2024/5/3 16:51:40,361.56,15.11,23.69,18.1,18.55,--,--,--,--,24.49,23.54,18.1,33.8,15.7,7.298102,,
363, 2024/5/3 16:51:41,362.56,15.13,23.67,18.08,18.55,--,--,--,--,24.48,23.53,18.08,33.8,15.72,7.302928,,
364, 2024/5/3 16:51:42,363.56,15.16,23.66,18.12,18.56,--,--,--,--,24.49,23.54,18.12,33.82,15.7,7.300047,,
365, 2024/5/3 16:51:43,364.56,15.16,23.67,18.1,18.55,--,--,--,--,24.49,23.54,18.1,33.83,15.73,7.312032,,
366, 2024/5/3 16:51:44,365.56,15.12,23.68,18.1,18.53,--,--,--,--,24.49,23.53,18.1,33.8,15.7,7.302588,,
367, 2024/5/3 16:51:45,366.56,15.08,23.72,18.09,18.56,--,--,--,--,24.49,23.55,18.09,33.8,15.71,7.298549,,
368, 2024/5/3 16:51:46,367.57,15.19,23.66,18.09,18.54,--,--,--,--,24.49,23.54,18.09,33.85,15.76,7.326105,,
369, 2024/5/3 16:51:47,368.56,15.11,23.7,18.1,18.55,--,--,--,--,24.49,23.54,18.1,33.81,15.71,7.302866,,
370, 2024/5/3 16:51:48,369.57,15.17,23.66,18.14,18.53,--,--,--,--,24.49,23.54,18.14,33.83,15.69,7.306643,,
371, 2024/5/3 16:51:49,370.57,15.18,23.67,18.09,18.52,--,--,--,--,24.49,23.54,18.09,33.85,15.76,7.330722,,
372, 2024/5/3 16:51:50,371.57,15.14,23.71,18.13,18.52,--,--,--,--,24.5,23.56,18.13,33.85,15.72,7.321113,,
373, 2024/5/3 16:51:51,372.57,15.21,23.67,18.12,18.56,--,--,--,--,24.49,23.56,18.12,33.88,15.76,7.328266,,
374, 2024/5/3 16:51:52,373.57,15.22,23.67,18.09,18.51,--,--,--,--,24.49,23.54,18.09,33.89,15.8,7.351769,,
375, 2024/5/3 16:51:53,374.57,15.2,23.67,18.07,18.53,--,--,--,--,24.49,23.54,18.07,33.87,15.8,7.342786,,
376, 2024/5/3 16:51:54,375.57,15.23,23.67,18.09,18.56,--,--,--,--,24.49,23.56,18.09,33.9,15.81,7.345087,,
377, 2024/5/3 16:51:55,376.58,15.22,23.63,18.1,18.53,--,--,--,--,24.49,23.53,18.1,33.85,15.75,7.325738,,
378, 2024/5/3 16:51:56,377.58,15.21,23.66,18.07,18.5,--,--,--,--,24.48,23.53,18.07,33.87,15.8,7.349552,,
379, 2024/5/3 16:51:57,378.58,15.23,23.69,18.08,18.53,--,--,--,--,24.5,23.56,18.08,33.92,15.84,7.363886,,
380, 2024/5/3 16:51:58,379.58,15.22,23.66,18.11,18.54,--,--,--,--,24.49,23.55,18.11,33.88,15.77,7.335235,,
381, 2024/5/3 16:51:59,380.58,15.22,23.67,18.09,18.52,--,--,--,--,24.48,23.55,18.09,33.89,15.8,7.349489,,
382, 2024/5/3 16:52:00,381.58,15.22,23.65,18.12,18.53,--,--,--,--,24.49,23.55,18.12,33.87,15.75,7.330297,,
383, 2024/5/3 16:52:01,382.58,15.28,23.64,18.09,18.54,--,--,--,--,24.49,23.55,18.09,33.92,15.83,7.358863,,
384, 2024/5/3 16:52:02,383.59,15.27,23.67,18.09,18.54,--,--,--,--,24.49,23.56,18.09,33.94,15.85,7.368401,,
385, 2024/5/3 16:52:03,384.59,15.25,23.64,18.08,18.54,--,--,--,--,24.48,23.54,18.08,33.89,15.81,7.34725,,
386, 2024/5/3 16:52:04,385.59,15.24,23.66,18.07,18.55,--,--,--,--,24.48,23.55,18.07,33.9,15.83,7.352263,,
387, 2024/5/3 16:52:05,386.59,15.27,23.65,18.11,18.55,--,--,--,--,24.49,23.56,18.11,33.92,15.81,7.351693,,
388, 2024/5/3 16:52:06,387.59,15.25,23.66,18.09,18.58,--,--,--,--,24.48,23.56,18.09,33.91,15.82,7.3452,,
389, 2024/5/3 16:52:07,388.59,15.31,23.64,18.09,18.57,--,--,--,--,24.49,23.57,18.09,33.95,15.86,7.366164,,
390, 2024/5/3 16:52:08,389.59,15.3,23.66,18.11,18.55,--,--,--,--,24.49,23.57,18.11,33.96,15.85,7.370527,,
391, 2024/5/3 16:52:09,390.6,15.32,23.64,18.09,18.55,--,--,--,--,24.49,23.56,18.09,33.96,15.87,7.375388,,
392, 2024/5/3 16:52:10,391.6,15.3,23.68,18.05,18.55,--,--,--,--,24.49,23.57,18.05,33.98,15.93,7.394892,,
393, 2024/5/3 16:52:11,392.6,15.36,23.64,18.09,18.54,--,--,--,--,24.5,23.57,18.09,34,15.91,7.396454,,
394, 2024/5/3 16:52:12,393.6,15.32,23.66,18.1,18.51,--,--,--,--,24.5,23.57,18.1,33.98,15.88,7.391493,,
395, 2024/5/3 16:52:13,394.6,15.29,23.68,18.08,18.52,--,--,--,--,24.5,23.57,18.08,33.97,15.89,7.389562,,
396, 2024/5/3 16:52:14,395.6,15.36,23.62,18.12,18.52,--,--,--,--,24.49,23.56,18.12,33.98,15.86,7.384137,,
397, 2024/5/3 16:52:15,396.6,15.37,23.62,18.07,18.53,--,--,--,--,24.48,23.56,18.07,33.99,15.92,7.39889,,
398, 2024/5/3 16:52:16,397.61,15.34,23.64,18.07,18.53,--,--,--,--,24.48,23.56,18.07,33.98,15.91,7.394266,,
399, 2024/5/3 16:52:17,398.61,15.33,23.66,18.04,18.56,--,--,--,--,24.49,23.57,18.04,33.99,15.95,7.399714,,
400, 2024/5/3 16:52:18,399.61,15.36,23.63,18.11,18.54,--,--,--,--,24.49,23.57,18.11,33.99,15.88,7.386785,,
401, 2024/5/3 16:52:19,400.61,15.41,23.59,18.09,18.55,--,--,--,--,24.48,23.56,18.09,34,15.91,7.394057,,
402, 2024/5/3 16:52:20,401.61,15.37,23.63,18.06,18.49,--,--,--,--,24.49,23.55,18.06,34,15.94,7.415171,,
403, 2024/5/3 16:52:21,402.61,15.37,23.64,18.05,18.53,--,--,--,--,24.48,23.56,18.05,34.01,15.96,7.413311,,
404, 2024/5/3 16:52:22,403.61,15.41,23.61,18.07,18.53,--,--,--,--,24.48,23.56,18.07,34.02,15.95,7.412967,,
405, 2024/5/3 16:52:23,404.61,15.39,23.63,18.07,18.54,--,--,--,--,24.48,23.57,18.07,34.02,15.95,7.410765,,
406, 2024/5/3 16:52:24,405.62,15.36,23.64,18.07,18.53,--,--,--,--,24.48,23.56,18.07,34,15.93,7.403664,,
407, 2024/5/3 16:52:25,406.62,15.4,23.62,18.11,18.56,--,--,--,--,24.48,23.58,18.11,34.02,15.91,7.396337,,
408, 2024/5/3 16:52:26,407.62,15.41,23.62,18.05,18.52,--,--,--,--,24.48,23.56,18.05,34.03,15.98,7.424899,,
409, 2024/5/3 16:52:27,408.62,15.4,23.63,18.08,18.51,--,--,--,--,24.49,23.57,18.08,34.03,15.95,7.419793,,
410, 2024/5/3 16:52:28,409.62,15.39,23.64,18.07,18.51,--,--,--,--,24.48,23.57,18.07,34.03,15.96,7.422297,,
411, 2024/5/3 16:52:29,410.62,15.38,23.65,18.08,18.54,--,--,--,--,24.49,23.58,18.08,34.03,15.95,7.41306,,
412, 2024/5/3 16:52:30,411.62,15.43,23.62,18.08,18.55,--,--,--,--,24.48,23.58,18.08,34.05,15.97,7.420114,,
413, 2024/5/3 16:52:31,412.63,15.38,23.66,18.04,18.53,--,--,--,--,24.48,23.57,18.04,34.04,16,7.429972,,
414, 2024/5/3 16:52:32,413.63,15.46,23.62,18.05,18.52,--,--,--,--,24.48,23.57,18.05,34.08,16.03,7.448414,,
415, 2024/5/3 16:52:33,414.63,15.47,23.61,18.07,18.52,--,--,--,--,24.48,23.57,18.07,34.08,16.01,7.443456,,
416, 2024/5/3 16:52:34,415.63,15.45,23.64,18.08,18.56,--,--,--,--,24.48,23.6,18.08,34.09,16.01,7.436721,,
417, 2024/5/3 16:52:35,416.63,15.45,23.61,18.13,18.52,--,--,--,--,24.48,23.58,18.13,34.06,15.93,7.419302,,
418, 2024/5/3 16:52:36,417.63,15.48,23.62,18.04,18.54,--,--,--,--,24.49,23.58,18.04,34.1,16.06,7.455781,,
419, 2024/5/3 16:52:37,418.63,15.45,23.63,18.08,18.52,--,--,--,--,24.49,23.58,18.08,34.08,16,7.44104,,
420, 2024/5/3 16:52:38,419.64,15.51,23.6,18.05,18.51,--,--,--,--,24.48,23.57,18.05,34.11,16.06,7.464745,,
421, 2024/5/3 16:52:39,420.64,15.5,23.61,18.08,18.53,--,--,--,--,24.49,23.59,18.08,34.11,16.03,7.45285,,
422, 2024/5/3 16:52:40,421.64,15.47,23.63,18.09,18.52,--,--,--,--,24.49,23.59,18.09,34.1,16.01,7.447985,,
423, 2024/5/3 16:52:41,422.64,15.5,23.6,18.05,18.5,--,--,--,--,24.48,23.57,18.05,34.1,16.05,7.462299,,
424, 2024/5/3 16:52:42,423.64,15.46,23.62,18.07,18.53,--,--,--,--,24.48,23.58,18.07,34.08,16.01,7.441216,,
425, 2024/5/3 16:52:43,424.64,15.53,23.59,18.1,18.52,--,--,--,--,24.48,23.59,18.1,34.12,16.02,7.454884,,
426, 2024/5/3 16:52:44,425.64,15.48,23.62,18.07,18.5,--,--,--,--,24.49,23.58,18.07,34.1,16.03,7.457419,,
427, 2024/5/3 16:52:45,426.65,15.53,23.58,18.06,18.48,--,--,--,--,24.48,23.56,18.06,34.11,16.05,7.469044,,
428, 2024/5/3 16:52:46,427.65,15.52,23.6,18.08,18.46,--,--,--,--,24.48,23.57,18.08,34.12,16.04,7.473425,,
429, 2024/5/3 16:52:47,428.65,15.53,23.6,18.07,18.51,--,--,--,--,24.48,23.58,18.07,34.13,16.06,7.469235,,
430, 2024/5/3 16:52:48,429.65,15.5,23.61,18.09,18.53,--,--,--,--,24.48,23.59,18.09,34.11,16.02,7.450389,,
431, 2024/5/3 16:52:49,430.65,15.51,23.62,18.08,18.54,--,--,--,--,24.49,23.6,18.08,34.13,16.05,7.460019,,
432, 2024/5/3 16:52:50,431.65,15.58,23.59,18.1,18.51,--,--,--,--,24.49,23.6,18.1,34.17,16.07,7.480705,,
433, 2024/5/3 16:52:51,432.65,15.58,23.59,18.08,18.54,--,--,--,--,24.49,23.6,18.08,34.17,16.09,7.478832,,
434, 2024/5/3 16:52:52,433.66,15.55,23.6,18.06,18.55,--,--,--,--,24.48,23.59,18.06,34.15,16.09,7.472094,,
435, 2024/5/3 16:52:53,434.66,15.55,23.6,18.05,18.52,--,--,--,--,24.48,23.58,18.05,34.15,16.1,7.481318,,
436, 2024/5/3 16:52:54,435.66,15.59,23.61,18.05,18.48,--,--,--,--,24.48,23.59,18.05,34.2,16.15,7.513912,,
437, 2024/5/3 16:52:55,436.66,15.56,23.6,18.06,18.52,--,--,--,--,24.48,23.59,18.06,34.16,16.1,7.483562,,
438, 2024/5/3 16:52:56,437.66,15.59,23.58,18.06,18.49,--,--,--,--,24.47,23.58,18.06,34.17,16.11,7.495034,,
439, 2024/5/3 16:52:57,438.66,15.65,23.55,18.06,18.53,--,--,--,--,24.47,23.59,18.06,34.2,16.14,7.500165,,
440, 2024/5/3 16:52:58,439.66,15.61,23.63,18.06,18.54,--,--,--,--,24.49,23.62,18.06,34.24,16.18,7.516754,,
441, 2024/5/3 16:52:59,440.67,15.59,23.58,18.05,18.5,--,--,--,--,24.48,23.58,18.05,34.17,16.12,7.495229,,
442, 2024/5/3 16:53:00,441.67,15.63,23.58,18.08,18.51,--,--,--,--,24.48,23.6,18.08,34.21,16.13,7.504458,,
443, 2024/5/3 16:53:01,442.67,15.64,23.58,18.05,18.52,--,--,--,--,24.48,23.6,18.05,34.22,16.17,7.514281,,
444, 2024/5/3 16:53:02,443.67,15.59,23.64,18.08,18.51,--,--,--,--,24.49,23.62,18.08,34.23,16.15,7.513914,,
445, 2024/5/3 16:53:03,444.67,15.56,23.61,18.07,18.53,--,--,--,--,24.48,23.6,18.07,34.17,16.1,7.48356,,
446, 2024/5/3 16:53:04,445.67,15.6,23.57,18.08,18.51,--,--,--,--,24.48,23.59,18.08,34.17,16.09,7.485605,,
447, 2024/5/3 16:53:05,446.68,15.61,23.59,18.09,18.49,--,--,--,--,24.48,23.6,18.09,34.2,16.11,7.501824,,
448, 2024/5/3 16:53:06,447.67,15.64,23.6,18.06,18.52,--,--,--,--,24.48,23.61,18.06,34.24,16.18,7.521247,,
449, 2024/5/3 16:53:07,448.68,15.61,23.6,18.06,18.48,--,--,--,--,24.49,23.59,18.06,34.21,16.15,7.516157,,
450, 2024/5/3 16:53:08,449.68,15.62,23.59,18.04,18.53,--,--,--,--,24.48,23.6,18.04,34.21,16.17,7.509783,,
451, 2024/5/3 16:53:09,450.68,15.66,23.59,18.08,18.5,--,--,--,--,24.48,23.61,18.08,34.25,16.17,7.525571,,
452, 2024/5/3 16:53:10,451.68,15.64,23.6,18.08,18.52,--,--,--,--,24.48,23.61,18.08,34.24,16.16,7.516335,,
453, 2024/5/3 16:53:11,452.68,15.65,23.57,18.05,18.5,--,--,--,--,24.48,23.59,18.05,34.22,16.17,7.518791,,
454, 2024/5/3 16:53:12,453.68,15.7,23.57,18.09,18.49,--,--,--,--,24.49,23.61,18.09,34.27,16.18,7.534838,,
455, 2024/5/3 16:53:13,454.68,15.65,23.59,18.09,18.49,--,--,--,--,24.48,23.61,18.09,34.24,16.15,7.520676,,
456, 2024/5/3 16:53:14,455.69,15.67,23.58,18.04,18.5,--,--,--,--,24.49,23.6,18.04,34.25,16.21,7.535385,,
457, 2024/5/3 16:53:15,456.69,15.72,23.55,18.05,18.51,--,--,--,--,24.48,23.6,18.05,34.27,16.22,7.54014,,
458, 2024/5/3 16:53:16,457.69,15.69,23.55,18.06,18.51,--,--,--,--,24.48,23.59,18.06,34.24,16.18,7.523533,,
459, 2024/5/3 16:53:17,458.69,15.66,23.6,18.05,18.52,--,--,--,--,24.49,23.61,18.05,34.26,16.21,7.533129,,
460, 2024/5/3 16:53:18,459.69,15.68,23.57,18.07,18.55,--,--,--,--,24.48,23.61,18.07,34.25,16.18,7.516775,,
461, 2024/5/3 16:53:19,460.69,15.73,23.56,18.03,18.52,--,--,--,--,24.48,23.6,18.03,34.29,16.26,7.552225,,
462, 2024/5/3 16:53:20,461.69,15.73,23.58,18.05,18.51,--,--,--,--,24.48,23.62,18.05,34.31,16.26,7.558965,,
463, 2024/5/3 16:53:21,462.7,15.69,23.59,18.07,18.51,--,--,--,--,24.47,23.62,18.07,34.28,16.21,7.539904,,
464, 2024/5/3 16:53:22,463.7,15.69,23.59,18.05,18.51,--,--,--,--,24.48,23.61,18.05,34.28,16.23,7.544812,,
465, 2024/5/3 16:53:23,464.7,15.71,23.59,18.08,18.51,--,--,--,--,24.48,23.62,18.08,34.3,16.22,7.546887,,
466, 2024/5/3 16:53:24,465.7,15.72,23.59,18.03,18.55,--,--,--,--,24.49,23.62,18.03,34.31,16.28,7.554899,,
467, 2024/5/3 16:53:25,466.7,15.76,23.56,18.06,18.52,--,--,--,--,24.48,23.62,18.06,34.32,16.26,7.559014,,
468, 2024/5/3 16:53:26,467.7,15.78,23.58,18.06,18.52,--,--,--,--,24.48,23.63,18.06,34.36,16.3,7.57785,,
469, 2024/5/3 16:53:27,468.7,15.77,23.54,18.09,18.51,--,--,--,--,24.49,23.62,18.09,34.31,16.22,7.549258,,
470, 2024/5/3 16:53:28,469.71,15.75,23.56,18.09,18.53,--,--,--,--,24.48,23.63,18.09,34.31,16.22,7.544699,,
471, 2024/5/3 16:53:29,470.71,15.78,23.57,18.07,18.57,--,--,--,--,24.49,23.64,18.07,34.35,16.28,7.559485,,
472, 2024/5/3 16:53:30,471.71,15.78,23.57,18.08,18.55,--,--,--,--,24.48,23.64,18.08,34.35,16.27,7.561511,,
473, 2024/5/3 16:53:31,472.71,15.79,23.55,18.07,18.52,--,--,--,--,24.49,23.62,18.07,34.34,16.27,7.566031,,
474, 2024/5/3 16:53:32,473.71,15.78,23.57,18.09,18.5,--,--,--,--,24.49,23.63,18.09,34.35,16.26,7.570323,,
475, 2024/5/3 16:53:33,474.71,15.79,23.58,18.08,18.49,--,--,--,--,24.48,23.63,18.08,34.37,16.29,7.584442,,
476, 2024/5/3 16:53:34,475.71,15.76,23.59,18.07,18.5,--,--,--,--,24.48,23.63,18.07,34.35,16.28,7.575173,,
477, 2024/5/3 16:53:35,476.72,15.79,23.56,18.07,18.5,--,--,--,--,24.48,23.62,18.07,34.35,16.28,7.575227,,
478, 2024/5/3 16:53:36,477.72,15.82,23.55,18.06,18.56,--,--,--,--,24.48,23.64,18.06,34.37,16.31,7.573684,,
479, 2024/5/3 16:53:37,478.72,15.79,23.57,18.06,18.53,--,--,--,--,24.48,23.63,18.06,34.36,16.3,7.575625,,
480, 2024/5/3 16:53:38,479.72,15.81,23.57,18.07,18.54,--,--,--,--,24.49,23.64,18.07,34.38,16.31,7.580373,,
481, 2024/5/3 16:53:39,480.72,15.83,23.54,18.09,18.58,--,--,--,--,24.49,23.65,18.09,34.37,16.28,7.561898,,
482, 2024/5/3 16:53:40,481.72,15.82,23.55,18.08,18.54,--,--,--,--,24.48,23.64,18.08,34.37,16.29,7.573261,,
483, 2024/5/3 16:53:41,482.72,15.81,23.57,18.08,18.56,--,--,--,--,24.47,23.65,18.08,34.38,16.3,7.573437,,
484, 2024/5/3 16:53:42,483.72,15.87,23.55,18.08,18.56,--,--,--,--,24.49,23.66,18.08,34.42,16.34,7.592406,,
485, 2024/5/3 16:53:43,484.73,15.84,23.55,18.09,18.55,--,--,--,--,24.48,23.65,18.09,34.39,16.3,7.578021,,
486, 2024/5/3 16:53:44,485.73,15.85,23.55,18.05,18.57,--,--,--,--,24.48,23.65,18.05,34.4,16.35,7.58808,,
487, 2024/5/3 16:53:45,486.73,15.83,23.56,18.1,18.56,--,--,--,--,24.48,23.66,18.1,34.39,16.29,7.573295,,
488, 2024/5/3 16:53:46,487.73,15.84,23.57,18.08,18.55,--,--,--,--,24.48,23.66,18.08,34.41,16.33,7.589847,,
489, 2024/5/3 16:53:47,488.73,15.84,23.54,18.1,18.57,--,--,--,--,24.48,23.65,18.1,34.38,16.28,7.566414,,
490, 2024/5/3 16:53:48,489.73,15.88,23.55,18.11,18.55,--,--,--,--,24.48,23.66,18.11,34.43,16.32,7.592045,,
491, 2024/5/3 16:53:49,490.73,15.84,23.54,18.09,18.54,--,--,--,--,24.48,23.64,18.09,34.38,16.29,7.57558,,
492, 2024/5/3 16:53:50,491.74,15.88,23.54,18.12,18.58,--,--,--,--,24.48,23.67,18.12,34.42,16.3,7.578204,,
493, 2024/5/3 16:53:51,492.74,15.91,23.54,18.1,18.55,--,--,--,--,24.48,23.66,18.1,34.45,16.35,7.60399,,
494, 2024/5/3 16:53:52,493.74,15.83,23.56,18.09,18.58,--,--,--,--,24.48,23.66,18.09,34.39,16.3,7.571265,,
495, 2024/5/3 16:53:53,494.74,15.86,23.56,18.07,18.56,--,--,--,--,24.48,23.66,18.07,34.42,16.35,7.594816,,
496, 2024/5/3 16:53:54,495.74,15.87,23.57,18.07,18.54,--,--,--,--,24.48,23.66,18.07,34.44,16.37,7.608707,,
497, 2024/5/3 16:53:55,496.74,15.83,23.57,18.08,18.56,--,--,--,--,24.48,23.66,18.08,34.4,16.32,7.582883,,
498, 2024/5/3 16:53:56,497.74,15.88,23.53,18.08,18.55,--,--,--,--,24.47,23.65,18.08,34.41,16.33,7.590004,,
499, 2024/5/3 16:53:57,498.75,15.83,23.57,18.05,18.56,--,--,--,--,24.48,23.65,18.05,34.4,16.35,7.590247,,
500, 2024/5/3 16:53:58,499.75,15.9,23.57,18.06,18.54,--,--,--,--,24.48,23.66,18.06,34.47,16.41,7.625329,,
501, 2024/5/3 16:53:59,500.75,15.88,23.56,18.09,18.53,--,--,--,--,24.48,23.66,18.09,34.44,16.35,7.606099,,
502, 2024/5/3 16:54:00,501.75,15.91,23.53,18.07,18.53,--,--,--,--,24.47,23.65,18.07,34.44,16.37,7.611108,,
503, 2024/5/3 16:54:01,502.75,15.86,23.56,18.08,18.54,--,--,--,--,24.47,23.65,18.08,34.42,16.34,7.596847,,
504, 2024/5/3 16:54:02,503.75,15.95,23.51,18.07,18.51,--,--,--,--,24.48,23.64,18.07,34.46,16.39,7.625148,,
505, 2024/5/3 16:54:03,504.75,15.93,23.56,18.06,18.51,--,--,--,--,24.48,23.66,18.06,34.49,16.43,7.641541,,
506, 2024/5/3 16:54:04,505.76,15.96,23.52,18.09,18.51,--,--,--,--,24.48,23.65,18.09,34.48,16.39,7.629689,,
507, 2024/5/3 16:54:05,506.76,15.93,23.54,18.07,18.53,--,--,--,--,24.47,23.66,18.07,34.47,16.4,7.625247,,
508, 2024/5/3 16:54:06,507.76,15.95,23.54,18.06,18.5,--,--,--,--,24.48,23.65,18.06,34.49,16.43,7.643869,,
509, 2024/5/3 16:54:07,508.76,15.95,23.53,18.06,18.52,--,--,--,--,24.48,23.65,18.06,34.48,16.42,7.634701,,
510, 2024/5/3 16:54:08,509.76,15.96,23.51,18.09,18.53,--,--,--,--,24.48,23.65,18.09,34.47,16.38,7.620528,,
511, 2024/5/3 16:54:09,510.76,15.95,23.52,18.13,18.51,--,--,--,--,24.47,23.66,18.13,34.47,16.34,7.615259,,
512, 2024/5/3 16:54:10,511.76,15.95,23.55,18.1,18.52,--,--,--,--,24.47,23.67,18.1,34.5,16.4,7.634316,,
513, 2024/5/3 16:54:11,512.77,15.93,23.54,18.09,18.54,--,--,--,--,24.48,23.66,18.09,34.47,16.38,7.618126,,
514, 2024/5/3 16:54:12,513.77,16,23.5,18.08,18.5,--,--,--,--,24.46,23.65,18.08,34.5,16.42,7.643939,,
515, 2024/5/3 16:54:13,514.77,15.98,23.52,18.1,18.52,--,--,--,--,24.47,23.66,18.1,34.5,16.4,7.634476,,
516, 2024/5/3 16:54:14,515.77,16.01,23.53,18.06,18.51,--,--,--,--,24.47,23.66,18.06,34.54,16.48,7.665319,,
517, 2024/5/3 16:54:15,516.77,15.99,23.52,18.1,18.51,--,--,--,--,24.47,23.66,18.1,34.51,16.41,7.641453,,
518, 2024/5/3 16:54:16,517.77,16.01,23.54,18.06,18.53,--,--,--,--,24.49,23.67,18.06,34.55,16.49,7.665516,,
519, 2024/5/3 16:54:17,518.77,16,23.53,18.06,18.57,--,--,--,--,24.48,23.68,18.06,34.53,16.47,7.647188,,
520, 2024/5/3 16:54:18,519.78,16.01,23.53,18.12,18.54,--,--,--,--,24.48,23.69,18.12,34.54,16.42,7.644003,,
521, 2024/5/3 16:54:19,520.78,16.03,23.52,18.08,18.54,--,--,--,--,24.48,23.68,18.08,34.55,16.47,7.658521,,
522, 2024/5/3 16:54:20,521.78,15.98,23.52,18.06,18.52,--,--,--,--,24.47,23.65,18.06,34.5,16.44,7.644211,,
523, 2024/5/3 16:54:21,522.78,16.01,23.53,18.07,18.52,--,--,--,--,24.48,23.67,18.07,34.54,16.47,7.660644,,
524, 2024/5/3 16:54:22,523.78,16.04,23.52,18.07,18.5,--,--,--,--,24.47,23.67,18.07,34.56,16.49,7.674645,,
525, 2024/5/3 16:54:23,524.78,16.03,23.52,18.1,18.57,--,--,--,--,24.47,23.69,18.1,34.55,16.45,7.646952,,
526, 2024/5/3 16:54:24,525.79,16.05,23.49,18.09,18.54,--,--,--,--,24.47,23.67,18.09,34.54,16.45,7.65156,,
527, 2024/5/3 16:54:25,526.78,16.01,23.53,18.08,18.52,--,--,--,--,24.47,23.67,18.08,34.54,16.46,7.658208,,
528, 2024/5/3 16:54:26,527.79,15.99,23.52,18.08,18.57,--,--,--,--,24.48,23.67,18.08,34.51,16.43,7.632894,,
529, 2024/5/3 16:54:28,528.79,16.03,23.51,18.06,18.51,--,--,--,--,24.47,23.66,18.06,34.54,16.48,7.665432,,
530, 2024/5/3 16:54:29,529.79,16.05,23.53,18.06,18.51,--,--,--,--,24.48,23.67,18.06,34.58,16.52,7.684241,,
531, 2024/5/3 16:54:30,530.79,16.02,23.54,18.06,18.53,--,--,--,--,24.48,23.68,18.06,34.56,16.5,7.670248,,
532, 2024/5/3 16:54:31,531.79,16.09,23.5,18.06,18.54,--,--,--,--,24.47,23.68,18.06,34.59,16.53,7.682467,,
533, 2024/5/3 16:54:32,532.79,16.11,23.49,18.07,18.51,--,--,--,--,24.47,23.67,18.07,34.6,16.53,7.691541,,
534, 2024/5/3 16:54:33,533.79,16,23.55,18.08,18.54,--,--,--,--,24.48,23.68,18.08,34.55,16.47,7.658345,,
535, 2024/5/3 16:54:34,534.8,16.08,23.48,18.08,18.49,--,--,--,--,24.47,23.66,18.08,34.56,16.48,7.674723,,
536, 2024/5/3 16:54:35,535.8,16.06,23.51,18.07,18.51,--,--,--,--,24.47,23.67,18.07,34.57,16.5,7.677197,,
537, 2024/5/3 16:54:36,536.8,16.05,23.55,18.09,18.52,--,--,--,--,24.48,23.69,18.09,34.6,16.51,7.684049,,
538, 2024/5/3 16:54:37,537.8,16.08,23.52,18.09,18.55,--,--,--,--,24.48,23.69,18.09,34.6,16.51,7.677527,,
539, 2024/5/3 16:54:38,538.8,16.07,23.51,18.09,18.54,--,--,--,--,24.47,23.68,18.09,34.58,16.49,7.67036,,
540, 2024/5/3 16:54:39,539.8,16.05,23.54,18.08,18.54,--,--,--,--,24.48,23.69,18.08,34.59,16.51,7.67733,,
541, 2024/5/3 16:54:40,540.8,16.12,23.5,18.09,18.53,--,--,--,--,24.48,23.69,18.09,34.62,16.53,7.691615,,
542, 2024/5/3 16:54:41,541.81,16.06,23.51,18.1,18.51,--,--,--,--,24.47,23.68,18.1,34.57,16.47,7.669917,,
543, 2024/5/3 16:54:42,542.81,16.07,23.53,18.11,18.52,--,--,--,--,24.48,23.69,18.11,34.6,16.49,7.679319,,
544, 2024/5/3 16:54:43,543.81,16.08,23.52,18.07,18.52,--,--,--,--,24.48,23.68,18.07,34.6,16.53,7.689096,,
545, 2024/5/3 16:54:44,544.81,16.09,23.51,18.09,18.52,--,--,--,--,24.47,23.68,18.09,34.6,16.51,7.684306,,
546, 2024/5/3 16:54:45,545.81,16.1,23.49,18.07,18.52,--,--,--,--,24.47,23.67,18.07,34.59,16.52,7.68457,,
547, 2024/5/3 16:54:46,546.81,16.09,23.54,18.05,18.53,--,--,--,--,24.48,23.69,18.05,34.63,16.58,7.705807,,
548, 2024/5/3 16:54:47,547.81,16.1,23.51,18.06,18.52,--,--,--,--,24.47,23.68,18.06,34.61,16.55,7.696331,,
549, 2024/5/3 16:54:48,548.82,16.06,23.53,18.04,18.55,--,--,--,--,24.47,23.68,18.04,34.59,16.55,7.684926,,
550, 2024/5/3 16:54:49,549.82,16.12,23.5,18.09,18.51,--,--,--,--,24.47,23.68,18.09,34.62,16.53,7.696091,,
551, 2024/5/3 16:54:50,550.82,16.11,23.51,18.08,18.54,--,--,--,--,24.47,23.69,18.08,34.62,16.54,7.691735,,
552, 2024/5/3 16:54:51,551.82,16.1,23.53,18.09,18.53,--,--,--,--,24.47,23.7,18.09,34.63,16.54,7.696135,,
553, 2024/5/3 16:54:52,552.82,16.13,23.51,18.09,18.55,--,--,--,--,24.47,23.7,18.09,34.64,16.55,7.696549,,
554, 2024/5/3 16:54:53,553.82,16.16,23.48,18.07,18.53,--,--,--,--,24.46,23.68,18.07,34.64,16.57,7.706108,,
555, 2024/5/3 16:54:54,554.82,16.13,23.5,18.08,18.55,--,--,--,--,24.48,23.69,18.08,34.63,16.55,7.694319,,
556, 2024/5/3 16:54:55,555.83,16.13,23.5,18.05,18.48,--,--,--,--,24.47,23.67,18.05,34.63,16.58,7.717246,,
557, 2024/5/3 16:54:56,556.83,16.18,23.49,18.06,18.48,--,--,--,--,24.47,23.68,18.06,34.67,16.61,7.73384,,
558, 2024/5/3 16:54:57,557.83,16.1,23.53,18.11,18.52,--,--,--,--,24.47,23.7,18.11,34.63,16.52,7.693525,,
559, 2024/5/3 16:54:58,558.83,16.16,23.49,18.08,18.52,--,--,--,--,24.48,23.69,18.08,34.65,16.57,7.710569,,
560, 2024/5/3 16:54:59,559.83,16.13,23.51,18.06,18.46,--,--,--,--,24.47,23.67,18.06,34.64,16.58,7.72398,,
561, 2024/5/3 16:55:00,560.83,16.15,23.51,18.08,18.5,--,--,--,--,24.47,23.69,18.08,34.66,16.58,7.719628,,
562, 2024/5/3 16:55:01,561.83,16.13,23.52,18.12,18.52,--,--,--,--,24.47,23.71,18.12,34.65,16.53,7.700652,,
563, 2024/5/3 16:55:02,562.84,16.17,23.5,18.07,18.55,--,--,--,--,24.47,23.7,18.07,34.67,16.6,7.715707,,
564, 2024/5/3 16:55:03,563.84,16.19,23.5,18.08,18.51,--,--,--,--,24.47,23.7,18.08,34.69,16.61,7.731679,,
565, 2024/5/3 16:55:04,564.84,16.16,23.51,18.12,18.54,--,--,--,--,24.47,23.71,18.12,34.67,16.55,7.705726,,
566, 2024/5/3 16:55:05,565.84,16.18,23.51,18.07,18.54,--,--,--,--,24.47,23.71,18.07,34.69,16.62,7.72733,,
567, 2024/5/3 16:55:06,566.84,16.23,23.47,18.07,18.49,--,--,--,--,24.47,23.69,18.07,34.7,16.63,7.743568,,
568, 2024/5/3 16:55:07,567.84,16.21,23.49,18.07,18.52,--,--,--,--,24.46,23.7,18.07,34.7,16.63,7.736695,,
569, 2024/5/3 16:55:08,568.84,16.21,23.49,18.06,18.5,--,--,--,--,24.46,23.69,18.06,34.7,16.64,7.743583,,
570, 2024/5/3 16:55:09,569.84,16.2,23.48,18.07,18.5,--,--,--,--,24.47,23.69,18.07,34.68,16.61,7.731763,,
571, 2024/5/3 16:55:10,570.85,16.22,23.5,18.1,18.52,--,--,--,--,24.48,23.71,18.1,34.72,16.62,7.738827,,
572, 2024/5/3 16:55:11,571.85,16.18,23.51,18.06,18.49,--,--,--,--,24.47,23.69,18.06,34.69,16.63,7.740925,,
573, 2024/5/3 16:55:12,572.85,16.23,23.48,18.08,18.5,--,--,--,--,24.47,23.7,18.08,34.71,16.63,7.743567,,
574, 2024/5/3 16:55:13,573.85,16.18,23.52,18.06,18.5,--,--,--,--,24.47,23.7,18.06,34.7,16.64,7.743353,,
575, 2024/5/3 16:55:14,574.85,16.21,23.51,18.08,18.53,--,--,--,--,24.47,23.71,18.08,34.72,16.64,7.741351,,
576, 2024/5/3 16:55:15,575.85,16.24,23.5,18.11,18.52,--,--,--,--,24.47,23.72,18.11,34.74,16.63,7.745893,,
577, 2024/5/3 16:55:16,576.85,16.23,23.49,18.07,18.52,--,--,--,--,24.46,23.7,18.07,34.72,16.65,7.746176,,
578, 2024/5/3 16:55:17,577.86,16.25,23.47,18.06,18.54,--,--,--,--,24.47,23.7,18.06,34.72,16.66,7.744332,,
579, 2024/5/3 16:55:18,578.86,16.19,23.51,18.08,18.54,--,--,--,--,24.47,23.71,18.08,34.7,16.62,7.72964,,
580, 2024/5/3 16:55:19,579.86,16.25,23.48,18.08,18.51,--,--,--,--,24.46,23.7,18.08,34.73,16.65,7.750816,,
581, 2024/5/3 16:55:20,580.86,16.26,23.47,18.05,18.54,--,--,--,--,24.46,23.7,18.05,34.73,16.68,7.751502,,
582, 2024/5/3 16:55:21,581.86,16.26,23.48,18.13,18.5,--,--,--,--,24.47,23.72,18.13,34.74,16.61,7.745745,,
583, 2024/5/3 16:55:22,582.86,16.27,23.49,18.1,18.51,--,--,--,--,24.47,23.72,18.1,34.76,16.66,7.76012,,
584, 2024/5/3 16:55:23,583.86,16.25,23.5,18.1,18.52,--,--,--,--,24.47,23.72,18.1,34.75,16.65,7.75305,,
585, 2024/5/3 16:55:24,584.87,16.25,23.48,18.11,18.53,--,--,--,--,24.47,23.72,18.11,34.73,16.62,7.739101,,
586, 2024/5/3 16:55:25,585.87,16.24,23.49,18.05,18.54,--,--,--,--,24.46,23.71,18.05,34.73,16.68,7.751319,,
587, 2024/5/3 16:55:26,586.87,16.24,23.5,18.07,18.54,--,--,--,--,24.46,23.72,18.07,34.74,16.67,7.751113,,
588, 2024/5/3 16:55:27,587.87,16.26,23.49,18.08,18.54,--,--,--,--,24.46,23.72,18.08,34.75,16.67,7.75352,,
589, 2024/5/3 16:55:28,588.87,16.28,23.48,18.07,18.56,--,--,--,--,24.47,23.72,18.07,34.76,16.69,7.756342,,
590, 2024/5/3 16:55:29,589.87,16.27,23.49,18.09,18.55,--,--,--,--,24.47,23.73,18.09,34.76,16.67,7.753615,,
591, 2024/5/3 16:55:30,590.87,16.24,23.53,18.08,18.52,--,--,--,--,24.47,23.73,18.08,34.77,16.69,7.767115,,
592, 2024/5/3 16:55:31,591.88,16.3,23.46,18.08,18.56,--,--,--,--,24.46,23.72,18.08,34.76,16.68,7.754121,,
593, 2024/5/3 16:55:32,592.88,16.32,23.48,18.07,18.52,--,--,--,--,24.47,23.72,18.07,34.8,16.73,7.78421,,
594, 2024/5/3 16:55:33,593.88,16.31,23.48,18.06,18.49,--,--,--,--,24.46,23.71,18.06,34.79,16.73,7.788574,,
595, 2024/5/3 16:55:34,594.88,16.32,23.46,18.07,18.49,--,--,--,--,24.46,23.7,18.07,34.78,16.71,7.781609,,
596, 2024/5/3 16:55:35,595.88,16.28,23.49,18.06,18.52,--,--,--,--,24.46,23.71,18.06,34.77,16.71,7.772306,,
597, 2024/5/3 16:55:36,596.88,16.34,23.46,18.07,18.53,--,--,--,--,24.46,23.72,18.07,34.8,16.73,7.78219,,
598, 2024/5/3 16:55:37,597.88,16.31,23.49,18.09,18.64,--,--,--,--,24.47,23.76,18.09,34.8,16.71,7.752687,,
599, 2024/5/3 16:55:38,598.89,16.31,23.47,18.09,18.68,--,--,--,--,24.47,23.76,18.09,34.78,16.69,7.734642,,
600, 2024/5/3 16:55:39,599.89,16.3,23.46,18.1,18.64,--,--,--,--,24.46,23.74,18.1,34.76,16.66,7.731598,,
601, 2024/5/3 16:55:40,600.89,16.3,23.49,18.09,18.58,--,--,--,--,24.47,23.74,18.09,34.79,16.7,7.761189,,
602, 2024/5/3 16:55:41,601.89,16.31,23.46,18.06,18.6,--,--,--,--,24.46,23.73,18.06,34.77,16.71,7.754888,,
603, 2024/5/3 16:55:42,602.89,16.36,23.44,18.07,18.55,--,--,--,--,24.46,23.72,18.07,34.8,16.73,7.777974,,
604, 2024/5/3 16:55:43,603.89,16.36,23.45,18.07,18.57,--,--,--,--,24.46,23.73,18.07,34.81,16.74,7.778186,,
605, 2024/5/3 16:55:44,604.9,16.33,23.47,18.08,18.55,--,--,--,--,24.47,23.73,18.08,34.8,16.72,7.775222,,
606, 2024/5/3 16:55:45,605.89,16.33,23.49,18.06,18.56,--,--,--,--,24.46,23.74,18.06,34.82,16.76,7.787141,,
607, 2024/5/3 16:55:46,606.9,16.38,23.46,18.1,18.52,--,--,--,--,24.47,23.73,18.1,34.84,16.74,7.796166,,
608, 2024/5/3 16:55:47,607.9,16.33,23.49,18.07,18.55,--,--,--,--,24.46,23.74,18.07,34.82,16.75,7.786932,,
609, 2024/5/3 16:55:48,608.9,16.37,23.44,18.08,18.52,--,--,--,--,24.46,23.72,18.08,34.81,16.73,7.786966,,
610, 2024/5/3 16:55:49,609.9,16.35,23.46,18.08,18.52,--,--,--,--,24.46,23.72,18.08,34.81,16.73,7.786746,,
611, 2024/5/3 16:55:50,610.9,16.37,23.47,18.06,18.52,--,--,--,--,24.47,23.73,18.06,34.84,16.78,7.805712,,
612, 2024/5/3 16:55:51,611.9,16.32,23.5,18.1,18.56,--,--,--,--,24.47,23.75,18.1,34.82,16.72,7.77734,,
613, 2024/5/3 16:55:52,612.9,16.32,23.48,18.05,18.5,--,--,--,--,24.46,23.71,18.05,34.8,16.75,7.793505,,
614, 2024/5/3 16:55:53,613.91,16.37,23.47,18.03,18.52,--,--,--,--,24.46,23.72,18.03,34.84,16.81,7.812981,,
615, 2024/5/3 16:55:54,614.91,16.38,23.44,18.08,18.53,--,--,--,--,24.46,23.72,18.08,34.82,16.74,7.789492,,
616, 2024/5/3 16:55:55,615.91,16.36,23.49,18.04,18.51,--,--,--,--,24.46,23.73,18.04,34.85,16.81,7.817323,,
617, 2024/5/3 16:55:56,616.91,16.4,23.46,18.08,18.48,--,--,--,--,24.46,23.72,18.08,34.86,16.78,7.819404,,
618, 2024/5/3 16:55:57,617.91,16.41,23.46,18.07,18.52,--,--,--,--,24.46,23.73,18.07,34.87,16.8,7.817649,,
619, 2024/5/3 16:55:58,618.91,16.34,23.49,18.07,18.49,--,--,--,--,24.46,23.72,18.07,34.83,16.76,7.80504,,
620, 2024/5/3 16:55:59,619.91,16.37,23.47,18.08,18.48,--,--,--,--,24.46,23.72,18.08,34.84,16.76,7.809804,,
621, 2024/5/3 16:56:00,620.92,16.42,23.44,18.06,18.54,--,--,--,--,24.45,23.73,18.06,34.86,16.8,7.811108,,
622, 2024/5/3 16:56:01,621.92,16.35,23.49,18.05,18.61,--,--,--,--,24.45,23.75,18.05,34.84,16.79,7.788028,,
623, 2024/5/3 16:56:02,622.92,16.38,23.46,18.06,18.69,--,--,--,--,24.46,23.77,18.06,34.84,16.78,7.768425,,
624, 2024/5/3 16:56:03,623.92,16.43,23.46,18.1,18.64,--,--,--,--,24.46,23.78,18.1,34.89,16.79,7.793375,,
625, 2024/5/3 16:56:04,624.92,16.39,23.47,18.14,18.62,--,--,--,--,24.46,23.78,18.14,34.86,16.72,7.773705,,
626, 2024/5/3 16:56:05,625.92,16.4,23.47,18.18,18.62,--,--,--,--,24.47,23.79,18.18,34.87,16.69,7.768816,,
627, 2024/5/3 16:56:06,626.92,16.4,23.46,18.14,18.64,--,--,--,--,24.46,23.78,18.14,34.86,16.72,7.76942,,
628, 2024/5/3 16:56:07,627.93,16.41,23.45,18.19,18.74,--,--,--,--,24.46,23.81,18.19,34.86,16.67,7.735508,,
629, 2024/5/3 16:56:08,628.93,16.4,23.47,18.18,18.74,--,--,--,--,24.45,23.82,18.18,34.87,16.69,7.742396,,
630, 2024/5/3 16:56:09,629.93,16.42,23.45,18.16,18.77,--,--,--,--,24.45,23.82,18.16,34.87,16.71,7.741019,,
631, 2024/5/3 16:56:10,630.93,16.46,23.45,18.13,18.77,--,--,--,--,24.46,23.82,18.13,34.91,16.78,7.767375,,
632, 2024/5/3 16:56:11,631.93,16.41,23.47,18.14,18.74,--,--,--,--,24.46,23.81,18.14,34.88,16.74,7.756882,,
633, 2024/5/3 16:56:12,632.93,16.43,23.46,18.16,18.69,--,--,--,--,24.45,23.8,18.16,34.89,16.73,7.767853,,
634, 2024/5/3 16:56:13,633.93,16.43,23.47,18.17,18.69,--,--,--,--,24.46,23.81,18.17,34.9,16.73,7.77005,,
635, 2024/5/3 16:56:14,634.94,16.46,23.45,18.17,18.69,--,--,--,--,24.46,23.81,18.17,34.91,16.74,7.7751,,
636, 2024/5/3 16:56:15,635.94,16.42,23.46,18.18,18.76,--,--,--,--,24.46,23.82,18.18,34.88,16.7,7.74294,,
637, 2024/5/3 16:56:16,636.94,16.46,23.46,18.21,18.71,--,--,--,--,24.46,23.83,18.21,34.92,16.71,7.76566,,
638, 2024/5/3 16:56:17,637.94,16.47,23.47,18.21,18.72,--,--,--,--,24.46,23.84,18.21,34.94,16.73,7.772833,,
639, 2024/5/3 16:56:18,638.94,16.43,23.48,18.18,18.65,--,--,--,--,24.46,23.81,18.18,34.91,16.73,7.781065,,
640, 2024/5/3 16:56:19,639.94,16.42,23.46,18.18,18.65,--,--,--,--,24.45,23.8,18.18,34.88,16.7,7.767071,,
641, 2024/5/3 16:56:20,640.94,16.43,23.49,18.2,18.65,--,--,--,--,24.46,23.82,18.2,34.92,16.72,7.780865,,
642, 2024/5/3 16:56:21,641.95,16.45,23.46,18.18,18.61,--,--,--,--,24.46,23.79,18.18,34.91,16.73,7.790193,,
643, 2024/5/3 16:56:22,642.95,16.5,23.44,18.17,18.61,--,--,--,--,24.46,23.79,18.17,34.94,16.77,7.80715,,
644, 2024/5/3 16:56:23,643.95,16.46,23.45,18.16,18.59,--,--,--,--,24.46,23.78,18.16,34.91,16.75,7.79957,,
645, 2024/5/3 16:56:24,644.95,16.46,23.48,18.16,18.61,--,--,--,--,24.46,23.8,18.16,34.94,16.78,7.808997,,
646, 2024/5/3 16:56:25,645.95,16.49,23.44,18.14,18.63,--,--,--,--,24.46,23.79,18.14,34.93,16.79,7.805198,,
647, 2024/5/3 16:56:26,646.95,16.49,23.44,18.13,18.62,--,--,--,--,24.46,23.78,18.13,34.93,16.8,7.809813,,
648, 2024/5/3 16:56:27,647.95,16.45,23.46,18.11,18.62,--,--,--,--,24.45,23.78,18.11,34.91,16.8,7.80486,,
649, 2024/5/3 16:56:28,648.95,16.5,23.44,18.16,18.6,--,--,--,--,24.46,23.79,18.16,34.94,16.78,7.811764,,
650, 2024/5/3 16:56:29,649.96,16.49,23.48,18.14,18.61,--,--,--,--,24.46,23.8,18.14,34.97,16.83,7.828084,,
651, 2024/5/3 16:56:30,650.96,16.47,23.46,18.13,18.58,--,--,--,--,24.45,23.78,18.13,34.93,16.8,7.818379,,
652, 2024/5/3 16:56:31,651.96,16.45,23.46,18.09,18.63,--,--,--,--,24.45,23.78,18.09,34.91,16.82,7.807508,,
653, 2024/5/3 16:56:32,652.96,16.52,23.45,18.12,18.57,--,--,--,--,24.46,23.78,18.12,34.97,16.85,7.842157,,
654, 2024/5/3 16:56:33,653.96,16.49,23.45,18.11,18.61,--,--,--,--,24.45,23.78,18.11,34.94,16.83,7.82146,,
655, 2024/5/3 16:56:34,654.96,16.49,23.44,18.1,18.6,--,--,--,--,24.46,23.77,18.1,34.93,16.83,7.821463,,
656, 2024/5/3 16:56:35,655.96,16.54,23.44,18.13,18.55,--,--,--,--,24.46,23.78,18.13,34.98,16.85,7.849082,,
657, 2024/5/3 16:56:36,656.97,16.54,23.43,18.15,18.6,--,--,--,--,24.45,23.79,18.15,34.97,16.82,7.828595,,
658, 2024/5/3 16:56:37,657.97,16.53,23.44,18.12,18.6,--,--,--,--,24.46,23.79,18.12,34.97,16.85,7.835665,,
659, 2024/5/3 16:56:38,658.97,16.52,23.43,18.1,18.57,--,--,--,--,24.44,23.77,18.1,34.95,16.85,7.837732,,
660, 2024/5/3 16:56:39,659.97,16.5,23.44,18.14,18.56,--,--,--,--,24.46,23.77,18.14,34.94,16.8,7.825433,,
661, 2024/5/3 16:56:40,660.97,16.51,23.47,18.12,18.57,--,--,--,--,24.45,23.79,18.12,34.98,16.86,7.846643,,
662, 2024/5/3 16:56:41,661.97,16.52,23.46,18.1,18.56,--,--,--,--,24.45,23.78,18.1,34.98,16.88,7.853807,,
663, 2024/5/3 16:56:42,662.97,16.52,23.46,18.12,18.56,--,--,--,--,24.45,23.78,18.12,34.98,16.86,7.848992,,
664, 2024/5/3 16:56:43,663.98,16.56,23.41,18.1,18.55,--,--,--,--,24.44,23.76,18.1,34.97,16.87,7.851952,,
665, 2024/5/3 16:56:44,664.98,16.54,23.43,18.09,18.58,--,--,--,--,24.46,23.77,18.09,34.97,16.88,7.847451,,
666, 2024/5/3 16:56:45,665.98,16.54,23.44,18.09,18.57,--,--,--,--,24.45,23.77,18.09,34.98,16.89,7.854273,,
667, 2024/5/3 16:56:46,666.98,16.52,23.46,18.12,18.67,--,--,--,--,24.45,23.81,18.12,34.98,16.86,7.824751,,
668, 2024/5/3 16:56:47,667.98,16.5,23.48,18.2,18.77,--,--,--,--,24.46,23.86,18.2,34.98,16.78,7.783207,,
669, 2024/5/3 16:56:48,668.98,16.56,23.43,18.25,18.87,--,--,--,--,24.45,23.89,18.25,34.99,16.74,7.755052,,
670, 2024/5/3 16:56:49,669.98,16.56,23.44,18.25,18.91,--,--,--,--,24.46,23.9,18.25,35,16.75,7.751023,,
671, 2024/5/3 16:56:50,670.99,16.57,23.43,18.25,18.87,--,--,--,--,24.45,23.89,18.25,35,16.75,7.759824,,
672, 2024/5/3 16:56:51,671.99,16.55,23.45,18.22,18.82,--,--,--,--,24.45,23.88,18.22,35,16.78,7.777531,,
673, 2024/5/3 16:56:52,672.99,16.58,23.44,18.22,18.79,--,--,--,--,24.46,23.87,18.22,35.02,16.8,7.793754,,
674, 2024/5/3 16:56:53,673.99,16.58,23.42,18.23,18.78,--,--,--,--,24.45,23.86,18.23,35,16.77,7.784338,,
675, 2024/5/3 16:56:54,674.99,16.52,23.48,18.19,18.8,--,--,--,--,24.45,23.87,18.19,35,16.81,7.788637,,
676, 2024/5/3 16:56:55,675.99,16.58,23.43,18.26,18.87,--,--,--,--,24.45,23.9,18.26,35.01,16.75,7.762175,,
677, 2024/5/3 16:56:56,676.99,16.57,23.43,18.23,18.89,--,--,--,--,24.44,23.89,18.23,35,16.77,7.760374,,
678, 2024/5/3 16:56:57,678,16.55,23.45,18.25,18.94,--,--,--,--,24.46,23.91,18.25,35,16.75,7.744398,,
679, 2024/5/3 16:56:58,679,16.6,23.42,18.25,18.97,--,--,--,--,24.45,23.92,18.25,35.02,16.77,7.748149,,
680, 2024/5/3 16:56:59,680,16.58,23.44,18.22,18.92,--,--,--,--,24.45,23.9,18.22,35.02,16.8,7.765729,,
681, 2024/5/3 16:57:00,681,16.61,23.41,18.26,18.86,--,--,--,--,24.45,23.89,18.26,35.02,16.76,7.769504,,
682, 2024/5/3 16:57:01,682,16.57,23.46,18.18,18.77,--,--,--,--,24.45,23.86,18.18,35.03,16.85,7.812202,,
683, 2024/5/3 16:57:02,683,16.57,23.45,18.21,18.72,--,--,--,--,24.44,23.85,18.21,35.02,16.81,7.811263,,
684, 2024/5/3 16:57:03,684.01,16.6,23.42,18.18,18.71,--,--,--,--,24.45,23.84,18.18,35.02,16.84,7.821186,,
685, 2024/5/3 16:57:04,685,16.58,23.44,18.2,18.69,--,--,--,--,24.45,23.84,18.2,35.02,16.82,7.820412,,
686, 2024/5/3 16:57:05,686.01,16.61,23.42,18.18,18.66,--,--,--,--,24.44,23.83,18.18,35.03,16.85,7.836906,,
687, 2024/5/3 16:57:06,687.01,16.64,23.44,18.24,18.67,--,--,--,--,24.44,23.86,18.24,35.08,16.84,7.843832,,
688, 2024/5/3 16:57:07,688.01,16.62,23.43,18.24,18.74,--,--,--,--,24.45,23.87,18.24,35.05,16.81,7.814326,,
689, 2024/5/3 16:57:08,689.01,16.65,23.4,18.25,18.77,--,--,--,--,24.45,23.87,18.25,35.05,16.8,7.805946,,
690, 2024/5/3 16:57:09,690.01,16.59,23.42,18.19,18.79,--,--,--,--,24.45,23.86,18.19,35.01,16.82,7.796602,,
691, 2024/5/3 16:57:10,691.01,16.59,23.44,18.24,18.71,--,--,--,--,24.44,23.86,18.24,35.03,16.79,7.811186,,
692, 2024/5/3 16:57:11,692.01,16.61,23.43,18.28,18.73,--,--,--,--,24.45,23.87,18.28,35.04,16.76,7.802168,,
693, 2024/5/3 16:57:12,693.02,16.68,23.39,18.24,18.82,--,--,--,--,24.44,23.88,18.24,35.07,16.83,7.807256,,
694, 2024/5/3 16:57:13,694.02,16.6,23.45,18.26,18.83,--,--,--,--,24.45,23.9,18.26,35.05,16.79,7.789536,,
695, 2024/5/3 16:57:14,695.02,16.59,23.45,18.28,18.79,--,--,--,--,24.45,23.89,18.28,35.04,16.76,7.788656,,
696, 2024/5/3 16:57:15,696.02,16.65,23.41,18.27,18.73,--,--,--,--,24.44,23.87,18.27,35.06,16.79,7.814479,,
697, 2024/5/3 16:57:16,697.02,16.65,23.42,18.27,18.75,--,--,--,--,24.45,23.88,18.27,35.07,16.8,7.814679,,
698, 2024/5/3 16:57:17,698.02,16.61,23.43,18.23,18.72,--,--,--,--,24.45,23.86,18.23,35.04,16.81,7.816336,,
699, 2024/5/3 16:57:18,699.02,16.62,23.42,18.24,18.71,--,--,--,--,24.44,23.86,18.24,35.04,16.8,7.81631,,
700, 2024/5/3 16:57:19,700.03,16.61,23.45,18.2,18.68,--,--,--,--,24.44,23.85,18.2,35.06,16.86,7.841506,,
701, 2024/5/3 16:57:20,701.03,16.65,23.44,18.23,18.71,--,--,--,--,24.45,23.87,18.23,35.09,16.86,7.842194,,
702, 2024/5/3 16:57:21,702.03,16.63,23.43,18.19,18.65,--,--,--,--,24.44,23.84,18.19,35.06,16.87,7.850839,,
703, 2024/5/3 16:57:22,703.03,16.64,23.44,18.21,18.68,--,--,--,--,24.45,23.86,18.21,35.08,16.87,7.848808,,
704, 2024/5/3 16:57:23,704.03,16.67,23.41,18.19,18.66,--,--,--,--,24.45,23.84,18.19,35.08,16.89,7.858519,,
705, 2024/5/3 16:57:24,705.03,16.67,23.41,18.18,18.65,--,--,--,--,24.44,23.83,18.18,35.08,16.9,7.863111,,
706, 2024/5/3 16:57:25,706.03,16.67,23.41,18.18,18.6,--,--,--,--,24.44,23.82,18.18,35.08,16.9,7.874128,,
707, 2024/5/3 16:57:26,707.04,16.69,23.38,18.16,18.64,--,--,--,--,24.44,23.82,18.16,35.07,16.91,7.865861,,
708, 2024/5/3 16:57:27,708.04,16.67,23.41,18.16,18.62,--,--,--,--,24.44,23.82,18.16,35.08,16.92,7.8745,,
709, 2024/5/3 16:57:28,709.04,16.71,23.41,18.13,18.63,--,--,--,--,24.44,23.83,18.13,35.12,16.99,7.898567,,
710, 2024/5/3 16:57:29,710.04,16.63,23.44,18.17,18.66,--,--,--,--,24.44,23.84,18.17,35.07,16.9,7.858038,,
711, 2024/5/3 16:57:30,711.04,16.71,23.4,18.2,18.64,--,--,--,--,24.44,23.84,18.2,35.11,16.91,7.875011,,
712, 2024/5/3 16:57:31,712.04,16.65,23.44,18.17,18.62,--,--,--,--,24.43,23.83,18.17,35.09,16.92,7.876371,,
713, 2024/5/3 16:57:32,713.04,16.7,23.42,18.15,18.63,--,--,--,--,24.44,23.83,18.15,35.12,16.97,7.893593,,
714, 2024/5/3 16:57:33,714.05,16.68,23.42,18.16,18.63,--,--,--,--,24.44,23.83,18.16,35.1,16.94,7.881661,,
715, 2024/5/3 16:57:34,715.05,16.68,23.44,18.17,18.63,--,--,--,--,24.44,23.84,18.17,35.12,16.95,7.888461,,
716, 2024/5/3 16:57:35,716.05,16.68,23.41,18.17,18.64,--,--,--,--,24.43,23.83,18.17,35.09,16.92,7.872471,,
717, 2024/5/3 16:57:36,717.05,16.68,23.43,18.14,18.59,--,--,--,--,24.43,23.82,18.14,35.11,16.97,7.89987,,
718, 2024/5/3 16:57:37,718.05,16.72,23.4,18.12,18.59,--,--,--,--,24.43,23.81,18.12,35.12,17,7.909921,,
719, 2024/5/3 16:57:38,719.05,16.71,23.4,18.13,18.63,--,--,--,--,24.44,23.82,18.13,35.11,16.98,7.893973,,
720, 2024/5/3 16:57:39,720.05,16.7,23.41,18.14,18.65,--,--,--,--,24.44,23.83,18.14,35.11,16.97,7.887015,,
721, 2024/5/3 16:57:40,721.05,16.69,23.44,18.15,18.64,--,--,--,--,24.44,23.84,18.15,35.13,16.98,7.895827,,
722, 2024/5/3 16:57:41,722.06,16.75,23.39,18.14,18.6,--,--,--,--,24.43,23.82,18.14,35.14,17,7.91264,,
723, 2024/5/3 16:57:42,723.06,16.69,23.42,18.15,18.59,--,--,--,--,24.45,23.82,18.15,35.11,16.96,7.897637,,
724, 2024/5/3 16:57:43,724.06,16.71,23.44,18.13,18.61,--,--,--,--,24.44,23.84,18.13,35.15,17.02,7.916757,,
725, 2024/5/3 16:57:44,725.06,16.76,23.42,18.15,18.61,--,--,--,--,24.45,23.84,18.15,35.18,17.03,7.926594,,
726, 2024/5/3 16:57:45,726.06,16.72,23.42,18.13,18.62,--,--,--,--,24.44,23.83,18.13,35.14,17.01,7.910124,,
727, 2024/5/3 16:57:46,727.06,16.7,23.42,18.16,18.61,--,--,--,--,24.44,23.83,18.16,35.12,16.96,7.895597,,
728, 2024/5/3 16:57:47,728.06,16.72,23.43,18.16,18.59,--,--,--,--,24.44,23.84,18.16,35.15,16.99,7.914142,,
729, 2024/5/3 16:57:48,729.07,16.72,23.42,18.14,18.59,--,--,--,--,24.43,23.83,18.14,35.14,17,7.914327,,
730, 2024/5/3 16:57:49,730.07,16.72,23.42,18.15,18.6,--,--,--,--,24.44,23.83,18.15,35.14,16.99,7.909729,,
731, 2024/5/3 16:57:50,731.07,16.74,23.41,18.15,18.64,--,--,--,--,24.44,23.84,18.15,35.15,17,7.905876,,
732, 2024/5/3 16:57:51,732.07,16.75,23.43,18.15,18.67,--,--,--,--,24.45,23.86,18.15,35.18,17.03,7.91326,,
733, 2024/5/3 16:57:52,733.07,16.77,23.39,18.13,18.64,--,--,--,--,24.43,23.83,18.13,35.16,17.03,7.915805,,
734, 2024/5/3 16:57:53,734.07,16.77,23.4,18.14,18.62,--,--,--,--,24.43,23.84,18.14,35.17,17.03,7.922373,,
735, 2024/5/3 16:57:54,735.07,16.73,23.41,18.16,18.59,--,--,--,--,24.43,23.83,18.16,35.14,16.98,7.909713,,
736, 2024/5/3 16:57:55,736.08,16.75,23.41,18.17,18.64,--,--,--,--,24.44,23.85,18.17,35.16,16.99,7.905852,,
737, 2024/5/3 16:57:56,737.08,16.72,23.43,18.18,18.61,--,--,--,--,24.43,23.85,18.18,35.15,16.97,7.904946,,
738, 2024/5/3 16:57:57,738.08,16.74,23.42,18.18,18.59,--,--,--,--,24.44,23.84,18.18,35.16,16.98,7.914303,,
739, 2024/5/3 16:57:58,739.08,16.73,23.44,18.16,18.58,--,--,--,--,24.43,23.84,18.16,35.17,17.01,7.925715,,
740, 2024/5/3 16:57:59,740.08,16.74,23.4,18.18,18.58,--,--,--,--,24.43,23.83,18.18,35.14,16.96,7.907327,,
741, 2024/5/3 16:58:00,741.08,16.75,23.42,18.16,18.58,--,--,--,--,24.44,23.84,18.16,35.17,17.01,7.92605,,
742, 2024/5/3 16:58:01,742.08,16.8,23.4,18.19,18.61,--,--,--,--,24.43,23.85,18.19,35.2,17.01,7.926943,,
743, 2024/5/3 16:58:02,743.09,16.8,23.38,18.13,18.6,--,--,--,--,24.44,23.83,18.13,35.18,17.05,7.934291,,
744, 2024/5/3 16:58:03,744.09,16.78,23.41,18.17,18.62,--,--,--,--,24.45,23.85,18.17,35.19,17.02,7.924557,,
745, 2024/5/3 16:58:04,745.09,16.79,23.39,18.15,18.57,--,--,--,--,24.43,23.83,18.15,35.18,17.03,7.935938,,
746, 2024/5/3 16:58:05,746.09,16.81,23.39,18.13,18.59,--,--,--,--,24.43,23.83,18.13,35.2,17.07,7.945847,,
747, 2024/5/3 16:58:06,747.09,16.79,23.42,18.14,18.6,--,--,--,--,24.44,23.85,18.14,35.21,17.07,7.94549,,
748, 2024/5/3 16:58:07,748.09,16.76,23.41,18.12,18.54,--,--,--,--,24.43,23.81,18.12,35.17,17.05,7.944612,,
749, 2024/5/3 16:58:08,749.09,16.77,23.41,18.12,18.57,--,--,--,--,24.43,23.82,18.12,35.18,17.06,7.942756,,
750, 2024/5/3 16:58:09,750.1,16.79,23.41,18.09,18.57,--,--,--,--,24.43,23.82,18.09,35.2,17.11,7.959476,,
751, 2024/5/3 16:58:10,751.1,16.8,23.41,18.11,18.55,--,--,--,--,24.44,23.82,18.11,35.21,17.1,7.963856,,
752, 2024/5/3 16:58:11,752.1,16.8,23.42,18.07,18.55,--,--,--,--,24.43,23.82,18.07,35.22,17.15,7.978043,,
753, 2024/5/3 16:58:12,753.1,16.74,23.43,18.09,18.58,--,--,--,--,24.43,23.82,18.09,35.17,17.08,7.942656,,
754, 2024/5/3 16:58:13,754.1,16.81,23.41,18.11,18.54,--,--,--,--,24.43,23.82,18.11,35.22,17.11,7.970831,,
755, 2024/5/3 16:58:14,755.1,16.86,23.36,18.1,18.52,--,--,--,--,24.43,23.8,18.1,35.22,17.12,7.978506,,
756, 2024/5/3 16:58:15,756.1,16.79,23.43,18.12,18.52,--,--,--,--,24.44,23.83,18.12,35.22,17.1,7.972544,,
757, 2024/5/3 16:58:16,757.1,16.81,23.43,18.11,18.54,--,--,--,--,24.44,23.83,18.11,35.24,17.13,7.980031,,
758, 2024/5/3 16:58:17,758.11,16.76,23.43,18.13,18.51,--,--,--,--,24.43,23.82,18.13,35.19,17.06,7.958089,,
759, 2024/5/3 16:58:18,759.11,16.79,23.41,18.11,18.54,--,--,--,--,24.43,23.82,18.11,35.2,17.09,7.961299,,
760, 2024/5/3 16:58:19,760.11,16.83,23.4,18.1,18.54,--,--,--,--,24.43,23.82,18.1,35.23,17.13,7.978156,,
761, 2024/5/3 16:58:20,761.11,16.81,23.41,18.11,18.55,--,--,--,--,24.44,23.83,18.11,35.22,17.11,7.968624,,
762, 2024/5/3 16:58:21,762.11,16.8,23.41,18.14,18.55,--,--,--,--,24.44,23.83,18.14,35.21,17.07,7.956695,,
763, 2024/5/3 16:58:22,763.11,16.8,23.44,18.1,18.54,--,--,--,--,24.43,23.83,18.1,35.24,17.14,7.98226,,
764, 2024/5/3 16:58:23,764.11,16.83,23.4,18.1,18.59,--,--,--,--,24.43,23.83,18.1,35.23,17.13,7.967158,,
765, 2024/5/3 16:58:24,765.12,16.85,23.39,18.11,18.57,--,--,--,--,24.43,23.83,18.11,35.24,17.13,7.974103,,
766, 2024/5/3 16:58:25,766.12,16.84,23.37,18.13,18.63,--,--,--,--,24.43,23.84,18.13,35.21,17.08,7.942223,,
767, 2024/5/3 16:58:26,767.12,16.84,23.39,18.13,18.55,--,--,--,--,24.42,23.83,18.13,35.23,17.1,7.968966,,
768, 2024/5/3 16:58:27,768.12,16.87,23.4,18.15,18.62,--,--,--,--,24.44,23.86,18.15,35.27,17.12,7.96769,,
769, 2024/5/3 16:58:28,769.12,16.82,23.43,18.11,18.6,--,--,--,--,24.43,23.85,18.11,35.25,17.14,7.971579,,
770, 2024/5/3 16:58:29,770.12,16.81,23.42,18.11,18.6,--,--,--,--,24.44,23.84,18.11,35.23,17.12,7.962215,,
771, 2024/5/3 16:58:30,771.12,16.83,23.4,18.11,18.58,--,--,--,--,24.43,23.83,18.11,35.23,17.12,7.966957,,
772, 2024/5/3 16:58:31,772.13,16.84,23.41,18.09,18.61,--,--,--,--,24.43,23.84,18.09,35.25,17.16,7.97454,,
773, 2024/5/3 16:58:32,773.13,16.82,23.44,18.13,18.56,--,--,--,--,24.44,23.85,18.13,35.26,17.13,7.980195,,
774, 2024/5/3 16:58:33,774.13,16.81,23.44,18.08,18.56,--,--,--,--,24.43,23.84,18.08,35.25,17.17,7.987408,,
775, 2024/5/3 16:58:34,775.13,16.86,23.39,18.1,18.54,--,--,--,--,24.43,23.82,18.1,35.25,17.15,7.987867,,
776, 2024/5/3 16:58:35,776.13,16.86,23.39,18.1,18.58,--,--,--,--,24.43,23.83,18.1,35.25,17.15,7.97907,,
777, 2024/5/3 16:58:36,777.13,16.86,23.42,18.09,18.55,--,--,--,--,24.43,23.84,18.09,35.28,17.19,8.001839,,
778, 2024/5/3 16:58:37,778.13,16.87,23.42,18.09,18.54,--,--,--,--,24.43,23.84,18.09,35.29,17.2,8.008809,,
779, 2024/5/3 16:58:38,779.14,16.9,23.39,18.07,18.57,--,--,--,--,24.43,23.83,18.07,35.29,17.22,8.007532,,
780, 2024/5/3 16:58:39,780.14,16.88,23.4,18.07,18.53,--,--,--,--,24.41,23.82,18.07,35.28,17.21,8.011373,,
781, 2024/5/3 16:58:40,781.14,16.84,23.42,18.11,18.55,--,--,--,--,24.44,23.84,18.11,35.26,17.15,7.987519,,
782, 2024/5/3 16:58:41,782.14,16.9,23.38,18.1,18.55,--,--,--,--,24.43,23.83,18.1,35.28,17.18,8.000154,,
783, 2024/5/3 16:58:42,783.14,16.84,23.4,18.08,18.55,--,--,--,--,24.43,23.82,18.08,35.24,17.16,7.985507,,
784, 2024/5/3 16:58:43,784.14,16.87,23.41,18.07,18.53,--,--,--,--,24.43,23.83,18.07,35.28,17.21,8.011203,,
785, 2024/5/3 16:58:44,785.14,16.87,23.4,18.09,18.55,--,--,--,--,24.43,23.83,18.09,35.27,17.18,7.997416,,
786, 2024/5/3 16:58:45,786.15,16.9,23.38,18.07,18.51,--,--,--,--,24.43,23.81,18.07,35.28,17.21,8.016127,,
787, 2024/5/3 16:58:46,787.15,16.91,23.39,18.09,18.52,--,--,--,--,24.43,23.83,18.09,35.3,17.21,8.01851,,
788, 2024/5/3 16:58:47,788.15,16.86,23.42,18.07,18.52,--,--,--,--,24.43,23.83,18.07,35.28,17.21,8.013241,,
789, 2024/5/3 16:58:48,789.15,16.88,23.41,18.08,18.55,--,--,--,--,24.43,23.84,18.08,35.29,17.21,8.009172,,
790, 2024/5/3 16:58:49,790.15,16.92,23.39,18.09,18.53,--,--,--,--,24.42,23.83,18.09,35.31,17.22,8.021073,,
791, 2024/5/3 16:58:50,791.15,16.88,23.41,18.08,18.54,--,--,--,--,24.42,23.83,18.08,35.29,17.21,8.011373,,
792, 2024/5/3 16:58:51,792.15,16.89,23.38,18.07,18.54,--,--,--,--,24.42,23.82,18.07,35.27,17.2,8.004753,,
793, 2024/5/3 16:58:52,793.16,16.89,23.41,18.1,18.55,--,--,--,--,24.43,23.84,18.1,35.3,17.2,8.009155,,
794, 2024/5/3 16:58:53,794.16,16.89,23.41,18.11,18.53,--,--,--,--,24.43,23.84,18.11,35.3,17.19,8.011179,,
795, 2024/5/3 16:58:54,795.16,16.89,23.42,18.1,18.52,--,--,--,--,24.43,23.84,18.1,35.31,17.21,8.02037,,
796, 2024/5/3 16:58:55,796.16,16.92,23.38,18.1,18.51,--,--,--,--,24.42,23.83,18.1,35.3,17.2,8.018514,,
797, 2024/5/3 16:58:56,797.16,16.95,23.39,18.09,18.52,--,--,--,--,24.43,23.84,18.09,35.34,17.25,8.037589,,
798, 2024/5/3 16:58:57,798.16,16.9,23.4,18.08,18.53,--,--,--,--,24.42,23.83,18.08,35.3,17.22,8.018516,,
799, 2024/5/3 16:58:58,799.17,16.87,23.4,18.07,18.51,--,--,--,--,24.42,23.82,18.07,35.27,17.2,8.011015,,
800, 2024/5/3 16:58:59,800.16,16.91,23.38,18.04,18.52,--,--,--,--,24.42,23.81,18.04,35.29,17.25,8.025869,,
801, 2024/5/3 16:59:00,801.17,16.94,23.38,18.06,18.53,--,--,--,--,24.42,23.83,18.06,35.32,17.26,8.03319,,
802, 2024/5/3 16:59:01,802.17,16.92,23.41,18.06,18.55,--,--,--,--,24.43,23.84,18.06,35.33,17.27,8.033036,,
803, 2024/5/3 16:59:02,803.17,16.89,23.4,18.08,18.49,--,--,--,--,24.42,23.82,18.08,35.29,17.21,8.022582,,
804, 2024/5/3 16:59:03,804.17,16.93,23.39,18.08,18.52,--,--,--,--,24.42,23.83,18.08,35.32,17.24,8.030433,,
805, 2024/5/3 16:59:04,805.17,16.89,23.42,18.07,18.5,--,--,--,--,24.42,23.83,18.07,35.31,17.24,8.031954,,
806, 2024/5/3 16:59:05,806.17,16.93,23.38,18.04,18.53,--,--,--,--,24.42,23.82,18.04,35.31,17.27,8.03321,,
807, 2024/5/3 16:59:06,807.17,16.93,23.36,18.05,18.5,--,--,--,--,24.41,23.8,18.05,35.29,17.24,8.028231,,
808, 2024/5/3 16:59:07,808.18,16.95,23.4,18.07,18.52,--,--,--,--,24.43,23.84,18.07,35.35,17.28,8.046951,,
809, 2024/5/3 16:59:08,809.18,16.94,23.38,18.06,18.53,--,--,--,--,24.41,23.83,18.06,35.32,17.26,8.03319,,
810, 2024/5/3 16:59:09,810.18,16.94,23.4,18.06,18.56,--,--,--,--,24.43,23.84,18.06,35.34,17.28,8.035789,,
811, 2024/5/3 16:59:10,811.18,16.89,23.42,18.08,18.52,--,--,--,--,24.42,23.84,18.08,35.31,17.23,8.025145,,
812, 2024/5/3 16:59:11,812.18,16.96,23.37,18.06,18.52,--,--,--,--,24.42,23.82,18.06,35.33,17.27,8.040342,,
813, 2024/5/3 16:59:12,813.18,16.93,23.41,18.07,18.55,--,--,--,--,24.42,23.85,18.07,35.34,17.27,8.035408,,
814, 2024/5/3 16:59:13,814.18,16.92,23.4,18.08,18.53,--,--,--,--,24.42,23.84,18.08,35.32,17.24,8.02805,,
815, 2024/5/3 16:59:14,815.19,16.93,23.39,18.04,18.57,--,--,--,--,24.42,23.83,18.04,35.32,17.28,8.029043,,
816, 2024/5/3 16:59:15,816.19,16.93,23.4,18.11,18.51,--,--,--,--,24.42,23.84,18.11,35.33,17.22,8.030085,,
817, 2024/5/3 16:59:16,817.19,16.95,23.38,18.11,18.53,--,--,--,--,24.42,23.84,18.11,35.33,17.22,8.026031,,
818, 2024/5/3 16:59:17,818.19,16.98,23.39,18.07,18.53,--,--,--,--,24.42,23.84,18.07,35.37,17.3,8.054471,,
819, 2024/5/3 16:59:18,819.19,16.94,23.41,18.07,18.56,--,--,--,--,24.43,23.85,18.07,35.35,17.28,8.037981,,
820, 2024/5/3 16:59:19,820.19,16.92,23.41,18.06,18.53,--,--,--,--,24.41,23.84,18.06,35.33,17.27,8.037431,,
821, 2024/5/3 16:59:20,821.19,16.95,23.4,18.07,18.56,--,--,--,--,24.42,23.85,18.07,35.35,17.28,8.03816,,
822, 2024/5/3 16:59:21,822.2,16.95,23.39,18.07,18.57,--,--,--,--,24.42,23.85,18.07,35.34,17.27,8.031384,,
823, 2024/5/3 16:59:22,823.2,16.97,23.38,18.04,18.54,--,--,--,--,24.42,23.83,18.04,35.35,17.31,8.050097,,
824, 2024/5/3 16:59:23,824.2,16.92,23.42,18.07,18.59,--,--,--,--,24.42,23.86,18.07,35.34,17.27,8.026463,,
825, 2024/5/3 16:59:24,825.2,16.97,23.4,18.05,18.52,--,--,--,--,24.41,23.84,18.05,35.37,17.32,8.061271,,
826, 2024/5/3 16:59:25,826.2,16.98,23.38,18.08,18.54,--,--,--,--,24.41,23.84,18.08,35.36,17.28,8.045297,,
827, 2024/5/3 16:59:26,827.2,16.95,23.4,18.09,18.53,--,--,--,--,24.42,23.85,18.09,35.35,17.26,8.039973,,
828, 2024/5/3 16:59:27,828.2,16.99,23.39,18.08,18.52,--,--,--,--,24.41,23.85,18.08,35.38,17.3,8.059056,,
829, 2024/5/3 16:59:28,829.21,16.98,23.39,18.07,18.55,--,--,--,--,24.42,23.85,18.07,35.37,17.3,8.050079,,
830, 2024/5/3 16:59:29,830.21,16.96,23.4,18.1,18.5,--,--,--,--,24.41,23.84,18.1,35.36,17.26,8.048984,,
831, 2024/5/3 16:59:30,831.21,16.96,23.39,18.06,18.52,--,--,--,--,24.41,23.83,18.06,35.35,17.29,8.04952,,
832, 2024/5/3 16:59:31,832.21,16.98,23.38,18.05,18.5,--,--,--,--,24.41,23.83,18.05,35.36,17.31,8.061257,,
833, 2024/5/3 16:59:32,833.21,16.96,23.39,18.06,18.53,--,--,--,--,24.42,23.84,18.06,35.35,17.29,8.047321,,
834, 2024/5/3 16:59:33,834.21,17,23.38,18.08,18.51,--,--,--,--,24.42,23.84,18.08,35.38,17.3,8.061443,,
835, 2024/5/3 16:59:34,835.21,16.98,23.4,18.06,18.54,--,--,--,--,24.42,23.85,18.06,35.38,17.32,8.059254,,
836, 2024/5/3 16:59:35,836.21,17.01,23.37,18.08,18.53,--,--,--,--,24.42,23.84,18.08,35.38,17.3,8.057232,,
837, 2024/5/3 16:59:36,837.22,17,23.38,18.11,18.54,--,--,--,--,24.42,23.86,18.11,35.38,17.27,8.047693,,
838, 2024/5/3 16:59:37,838.22,17.01,23.36,18.06,18.52,--,--,--,--,24.41,23.83,18.06,35.37,17.31,8.059615,,
839, 2024/5/3 16:59:38,839.22,17.03,23.38,18.06,18.51,--,--,--,--,24.42,23.84,18.06,35.41,17.35,8.080523,,
840, 2024/5/3 16:59:39,840.22,17.03,23.37,18.08,18.52,--,--,--,--,24.42,23.85,18.08,35.4,17.32,8.068977,,
841, 2024/5/3 16:59:40,841.22,17.05,23.36,18.1,18.54,--,--,--,--,24.42,23.86,18.1,35.41,17.31,8.064788,,
842, 2024/5/3 16:59:41,842.22,17,23.4,18.08,18.52,--,--,--,--,24.41,23.85,18.08,35.4,17.32,8.068415,,
843, 2024/5/3 16:59:42,843.22,17.03,23.37,18.05,18.53,--,--,--,--,24.42,23.84,18.05,35.4,17.35,8.073939,,
844, 2024/5/3 16:59:43,844.23,17,23.38,18.05,18.51,--,--,--,--,24.41,23.83,18.05,35.38,17.33,8.0686,,
845, 2024/5/3 16:59:44,845.23,16.98,23.4,18.04,18.51,--,--,--,--,24.41,23.84,18.04,35.38,17.34,8.070632,,
846, 2024/5/3 16:59:45,846.23,17.02,23.36,18.07,18.52,--,--,--,--,24.42,23.84,18.07,35.38,17.31,8.062004,,
847, 2024/5/3 16:59:46,847.23,17.02,23.38,18.04,18.53,--,--,--,--,24.42,23.84,18.04,35.4,17.36,8.076142,,
848, 2024/5/3 16:59:47,848.23,17.05,23.36,18.07,18.51,--,--,--,--,24.42,23.84,18.07,35.41,17.34,8.078522,,
849, 2024/5/3 16:59:48,849.23,17.01,23.39,18.06,18.51,--,--,--,--,24.41,23.84,18.06,35.4,17.34,8.075572,,
850, 2024/5/3 16:59:49,850.23,16.99,23.41,18.09,18.49,--,--,--,--,24.41,23.85,18.09,35.4,17.31,8.072477,,
851, 2024/5/3 16:59:50,851.24,17.02,23.39,18.06,18.49,--,--,--,--,24.42,23.84,18.06,35.41,17.35,8.084746,,
852, 2024/5/3 16:59:51,852.24,17.05,23.37,18.06,18.51,--,--,--,--,24.41,23.84,18.06,35.42,17.36,8.085486,,
853, 2024/5/3 16:59:52,853.24,17.02,23.39,18.04,18.5,--,--,--,--,24.41,23.84,18.04,35.41,17.37,8.087316,,
854, 2024/5/3 16:59:53,854.24,17.05,23.36,18.02,18.52,--,--,--,--,24.41,23.83,18.02,35.41,17.39,8.088265,,
855, 2024/5/3 16:59:54,855.24,17.04,23.37,18.07,18.52,--,--,--,--,24.41,23.85,18.07,35.41,17.34,8.076131,,
856, 2024/5/3 16:59:55,856.24,17.04,23.37,18.06,18.52,--,--,--,--,24.41,23.84,18.06,35.41,17.35,8.078516,,
857, 2024/5/3 16:59:56,857.24,17.03,23.4,18.05,18.52,--,--,--,--,24.42,23.85,18.05,35.43,17.38,8.089888,,
858, 2024/5/3 16:59:57,858.25,17.02,23.4,18.07,18.48,--,--,--,--,24.41,23.85,18.07,35.42,17.35,8.089163,,
859, 2024/5/3 16:59:58,859.25,17.05,23.37,18.08,18.53,--,--,--,--,24.41,23.85,18.08,35.42,17.34,8.076324,,
860, 2024/5/3 16:59:59,860.25,17.04,23.41,18.04,18.51,--,--,--,--,24.41,23.86,18.04,35.45,17.41,8.103836,,
861, 2024/5/3 17:00:00,861.25,17.07,23.37,18.03,18.5,--,--,--,--,24.41,23.84,18.03,35.44,17.41,8.104387,,
862, 2024/5/3 17:00:01,862.25,17.08,23.37,18.08,18.52,--,--,--,--,24.42,23.86,18.08,35.45,17.37,8.092846,,
863, 2024/5/3 17:00:02,863.25,17.07,23.37,18.02,18.5,--,--,--,--,24.41,23.84,18.02,35.44,17.42,8.106777,,
864, 2024/5/3 17:00:03,864.25,17.03,23.4,18.07,18.51,--,--,--,--,24.42,23.86,18.07,35.43,17.36,8.087314,,
865, 2024/5/3 17:00:04,865.25,17.05,23.39,18.08,18.5,--,--,--,--,24.41,23.86,18.08,35.44,17.36,8.092093,,
866, 2024/5/3 17:00:05,866.26,17.06,23.4,18.07,18.53,--,--,--,--,24.42,23.87,18.07,35.46,17.39,8.097226,,
