Index, Time, t(seconds), T1,T2,T3,T4,T5,T6,T7,T8,Tenv,Tavg,Tmin,Tmax,Trange,Tsigma,,hydrophilic membrane
1, 2024/5/3 19:34:58,0.06,11.47,25.45,22.04,22.17,--,--,--,--,23.85,25.1,22.04,30.82,8.78,4.112147,,
2, 2024/5/3 19:34:59,1.06,11.45,25.45,22.05,22.18,--,--,--,--,23.85,25.1,22.05,30.8,8.75,4.098019,,
3, 2024/5/3 19:35:00,2.06,11.5,25.41,21.93,22.09,--,--,--,--,23.84,25.04,21.93,30.81,8.88,4.152922,,
4, 2024/5/3 19:35:01,3.06,11.58,25.36,21.97,22.06,--,--,--,--,23.84,25.03,21.97,30.84,8.87,4.163072,,
5, 2024/5/3 19:35:02,4.06,11.63,25.36,22,22.05,--,--,--,--,23.85,25.05,22,30.89,8.89,4.181396,,
6, 2024/5/3 19:35:03,5.06,11.61,25.39,21.96,21.98,--,--,--,--,23.84,25.03,21.96,30.9,8.94,4.213151,,
7, 2024/5/3 19:35:04,6.06,11.66,25.36,21.97,22.03,--,--,--,--,23.84,25.05,21.97,30.92,8.95,4.207442,,
8, 2024/5/3 19:35:05,7.07,11.8,25.28,22.01,22.04,--,--,--,--,23.84,25.05,22.01,30.98,8.97,4.222301,,
9, 2024/5/3 19:35:06,8.07,11.8,25.29,22.04,22.01,--,--,--,--,23.85,25.06,22.01,30.99,8.98,4.227081,,
10, 2024/5/3 19:35:07,9.07,11.88,25.24,22.05,22.01,--,--,--,--,23.85,25.06,22.01,31.02,9.01,4.238338,,
11, 2024/5/3 19:35:08,10.07,11.85,25.25,22.07,22.04,--,--,--,--,23.84,25.07,22.04,31,8.96,4.217111,,
12, 2024/5/3 19:35:09,11.07,11.91,25.23,22.12,22.1,--,--,--,--,23.85,25.1,22.1,31.04,8.94,4.209704,,
13, 2024/5/3 19:35:10,12.07,11.96,25.18,22.21,22.29,--,--,--,--,23.83,25.16,22.21,31.04,8.83,4.144076,,
14, 2024/5/3 19:35:11,13.07,12.01,25.18,22.31,22.27,--,--,--,--,23.84,25.19,22.27,31.09,8.82,4.149013,,
15, 2024/5/3 19:35:12,14.08,12.04,25.17,22.25,22.23,--,--,--,--,23.84,25.17,22.23,31.11,8.88,4.181847,,
16, 2024/5/3 19:35:13,15.08,12.1,25.13,22.22,22.21,--,--,--,--,23.84,25.15,22.21,31.13,8.92,4.203302,,
17, 2024/5/3 19:35:14,16.08,12.09,25.12,22.19,22.13,--,--,--,--,23.84,25.11,22.13,31.11,8.98,4.219594,,
18, 2024/5/3 19:35:15,17.08,12.16,25.07,22.17,22.1,--,--,--,--,23.84,25.09,22.1,31.13,9.03,4.241165,,
19, 2024/5/3 19:35:16,18.08,12.12,25.09,22.18,22.1,--,--,--,--,23.84,25.1,22.1,31.11,9.01,4.229204,,
20, 2024/5/3 19:35:17,19.08,12.11,25.09,22.15,22.14,--,--,--,--,23.84,25.1,22.14,31.1,8.96,4.222009,,
21, 2024/5/3 19:35:18,20.08,12.14,25.06,22.23,22.23,--,--,--,--,23.85,25.13,22.23,31.1,8.87,4.182893,,
22, 2024/5/3 19:35:19,21.09,12.15,25.05,22.35,22.25,--,--,--,--,23.84,25.16,22.25,31.1,8.85,4.15098,,
23, 2024/5/3 19:35:20,22.09,12.21,25.01,22.32,22.26,--,--,--,--,23.83,25.15,22.26,31.12,8.86,4.165713,,
24, 2024/5/3 19:35:21,23.09,12.21,24.99,22.42,22.32,--,--,--,--,23.84,25.18,22.32,31.1,8.78,4.120181,,
25, 2024/5/3 19:35:22,24.09,12.21,24.98,22.46,22.36,--,--,--,--,23.84,25.2,22.36,31.09,8.73,4.097467,,
26, 2024/5/3 19:35:23,25.09,12.2,24.99,22.43,22.38,--,--,--,--,23.84,25.2,22.38,31.09,8.71,4.09933,,
27, 2024/5/3 19:35:24,26.09,12.23,24.97,22.46,22.46,--,--,--,--,23.84,25.22,22.46,31.1,8.64,4.079711,,
28, 2024/5/3 19:35:25,27.09,12.23,24.97,22.5,22.45,--,--,--,--,23.85,25.23,22.45,31.1,8.65,4.072993,,
29, 2024/5/3 19:35:26,28.1,12.27,24.96,22.49,22.44,--,--,--,--,23.85,25.23,22.44,31.13,8.69,4.092212,,
30, 2024/5/3 19:35:27,29.1,12.28,24.94,22.56,22.46,--,--,--,--,23.84,25.25,22.46,31.12,8.66,4.067972,,
31, 2024/5/3 19:35:28,30.1,12.34,24.93,22.55,22.48,--,--,--,--,23.84,25.26,22.48,31.17,8.69,4.090047,,
32, 2024/5/3 19:35:29,31.1,12.31,24.91,22.59,22.47,--,--,--,--,23.84,25.25,22.47,31.12,8.65,4.060153,,
33, 2024/5/3 19:35:30,32.1,12.36,24.89,22.57,22.46,--,--,--,--,23.84,25.24,22.46,31.15,8.69,4.081986,,
34, 2024/5/3 19:35:31,33.1,12.37,24.88,22.53,22.48,--,--,--,--,23.85,25.24,22.48,31.15,8.67,4.086616,,
35, 2024/5/3 19:35:32,34.1,12.42,24.86,22.49,22.38,--,--,--,--,23.85,25.2,22.38,31.18,8.8,4.133219,,
36, 2024/5/3 19:35:33,35.1,12.39,24.85,22.42,22.35,--,--,--,--,23.84,25.17,22.35,31.14,8.79,4.136509,,
37, 2024/5/3 19:35:34,36.11,12.45,24.83,22.35,22.31,--,--,--,--,23.85,25.14,22.31,31.18,8.87,4.181017,,
38, 2024/5/3 19:35:35,37.11,12.47,24.83,22.32,22.25,--,--,--,--,23.85,25.13,22.25,31.2,8.95,4.210911,,
39, 2024/5/3 19:35:36,38.11,12.47,24.84,22.29,22.21,--,--,--,--,23.85,25.11,22.21,31.21,9,4.231203,,
40, 2024/5/3 19:35:37,39.11,12.5,24.83,22.22,22.19,--,--,--,--,23.85,25.09,22.19,31.23,9.04,4.261301,,
41, 2024/5/3 19:35:38,40.11,12.56,24.79,22.16,22.14,--,--,--,--,23.85,25.06,22.14,31.25,9.11,4.296875,,
42, 2024/5/3 19:35:39,41.11,12.6,24.77,22.13,22.11,--,--,--,--,23.84,25.05,22.11,31.27,9.16,4.320598,,
43, 2024/5/3 19:35:40,42.11,12.61,24.77,22.15,22.11,--,--,--,--,23.84,25.05,22.11,31.28,9.17,4.320912,,
44, 2024/5/3 19:35:41,43.12,12.69,24.74,22.12,22.13,--,--,--,--,23.85,25.06,22.12,31.33,9.21,4.348093,,
45, 2024/5/3 19:35:42,44.12,12.74,24.73,22.13,22.18,--,--,--,--,23.84,25.08,22.13,31.37,9.24,4.354274,,
46, 2024/5/3 19:35:43,45.12,12.77,24.74,22.16,22.19,--,--,--,--,23.85,25.1,22.16,31.41,9.25,4.364224,,
47, 2024/5/3 19:35:44,46.12,12.77,24.73,22.2,22.11,--,--,--,--,23.84,25.09,22.11,31.4,9.29,4.36883,,
48, 2024/5/3 19:35:45,47.12,12.84,24.68,22.35,22.19,--,--,--,--,23.84,25.14,22.19,31.42,9.23,4.329685,,
49, 2024/5/3 19:35:46,48.12,12.86,24.68,22.36,22.28,--,--,--,--,23.84,25.17,22.28,31.44,9.16,4.316986,,
50, 2024/5/3 19:35:47,49.12,12.87,24.7,22.45,22.4,--,--,--,--,23.85,25.23,22.4,31.47,9.07,4.284537,,
51, 2024/5/3 19:35:48,50.12,12.91,24.67,22.53,22.47,--,--,--,--,23.85,25.26,22.47,31.48,9.01,4.258382,,
52, 2024/5/3 19:35:49,51.13,12.98,24.62,22.51,22.48,--,--,--,--,23.83,25.25,22.48,31.5,9.02,4.27301,,
53, 2024/5/3 19:35:50,52.13,12.99,24.65,22.48,22.47,--,--,--,--,23.84,25.26,22.47,31.54,9.07,4.299419,,
54, 2024/5/3 19:35:51,53.13,12.96,24.68,22.51,22.46,--,--,--,--,23.85,25.27,22.46,31.54,9.08,4.29351,,
55, 2024/5/3 19:35:52,54.13,13.04,24.64,22.53,22.51,--,--,--,--,23.84,25.29,22.51,31.58,9.07,4.3001,,
56, 2024/5/3 19:35:53,55.13,13.11,24.59,22.59,22.53,--,--,--,--,23.84,25.3,22.53,31.6,9.07,4.295852,,
57, 2024/5/3 19:35:54,56.13,13.06,24.63,22.55,22.55,--,--,--,--,23.85,25.31,22.55,31.59,9.04,4.292704,,
58, 2024/5/3 19:35:55,57.14,13.08,24.62,22.52,22.51,--,--,--,--,23.84,25.29,22.51,31.6,9.09,4.313167,,
59, 2024/5/3 19:35:56,58.14,13.12,24.6,22.44,22.47,--,--,--,--,23.85,25.26,22.44,31.62,9.18,4.349854,,
60, 2024/5/3 19:35:57,59.14,13.17,24.57,22.42,22.44,--,--,--,--,23.85,25.24,22.42,31.64,9.22,4.37208,,
61, 2024/5/3 19:35:58,60.14,13.18,24.58,22.41,22.4,--,--,--,--,23.84,25.24,22.4,31.66,9.26,4.391981,,
62, 2024/5/3 19:35:59,61.14,13.19,24.57,22.36,22.36,--,--,--,--,23.85,25.21,22.36,31.66,9.3,4.41192,,
63, 2024/5/3 19:36:00,62.14,13.31,24.5,22.37,22.39,--,--,--,--,23.85,25.22,22.37,31.71,9.34,4.431849,,
64, 2024/5/3 19:36:01,63.14,13.3,24.52,22.38,22.34,--,--,--,--,23.85,25.22,22.34,31.72,9.38,4.444094,,
65, 2024/5/3 19:36:02,64.15,13.29,24.53,22.38,22.36,--,--,--,--,23.84,25.22,22.36,31.72,9.36,4.439192,,
66, 2024/5/3 19:36:03,65.15,13.3,24.53,22.38,22.32,--,--,--,--,23.84,25.22,22.32,31.73,9.41,4.452701,,
67, 2024/5/3 19:36:04,66.15,13.34,24.51,22.39,22.32,--,--,--,--,23.85,25.22,22.32,31.75,9.43,4.461534,,
68, 2024/5/3 19:36:05,67.15,13.39,24.48,22.37,22.33,--,--,--,--,23.84,25.21,22.33,31.77,9.44,4.475209,,
69, 2024/5/3 19:36:06,68.15,13.37,24.5,22.36,22.32,--,--,--,--,23.86,25.21,22.32,31.77,9.45,4.478255,,
70, 2024/5/3 19:36:07,69.15,13.41,24.48,22.36,22.29,--,--,--,--,23.84,25.21,22.29,31.79,9.5,4.495707,,
71, 2024/5/3 19:36:08,70.15,13.46,24.46,22.37,22.26,--,--,--,--,23.84,25.2,22.26,31.82,9.56,4.515987,,
72, 2024/5/3 19:36:09,71.15,13.41,24.49,22.37,22.25,--,--,--,--,23.85,25.2,22.25,31.8,9.55,4.506567,,
73, 2024/5/3 19:36:10,72.16,13.47,24.45,22.37,22.23,--,--,--,--,23.84,25.19,22.23,31.82,9.59,4.523144,,
74, 2024/5/3 19:36:11,73.16,13.48,24.44,22.37,22.24,--,--,--,--,23.84,25.19,22.24,31.82,9.58,4.521588,,
75, 2024/5/3 19:36:12,74.16,13.49,24.45,22.38,22.29,--,--,--,--,23.85,25.22,22.29,31.84,9.55,4.517805,,
76, 2024/5/3 19:36:13,75.16,13.49,24.44,22.4,22.3,--,--,--,--,23.84,25.22,22.3,31.83,9.53,4.507226,,
77, 2024/5/3 19:36:14,76.16,13.5,24.44,22.38,22.27,--,--,--,--,23.84,25.21,22.27,31.84,9.57,4.522766,,
78, 2024/5/3 19:36:15,77.16,13.49,24.48,22.35,22.3,--,--,--,--,23.85,25.23,22.3,31.87,9.57,4.534729,,
79, 2024/5/3 19:36:16,78.16,13.53,24.43,22.38,22.31,--,--,--,--,23.85,25.22,22.31,31.86,9.55,4.524578,,
80, 2024/5/3 19:36:17,79.17,13.6,24.41,22.4,22.33,--,--,--,--,23.85,25.24,22.33,31.91,9.58,4.541934,,
81, 2024/5/3 19:36:18,80.17,13.6,24.39,22.44,22.34,--,--,--,--,23.84,25.24,22.34,31.89,9.55,4.523088,,
82, 2024/5/3 19:36:19,81.17,13.59,24.4,22.44,22.33,--,--,--,--,23.84,25.24,22.33,31.89,9.56,4.524533,,
83, 2024/5/3 19:36:20,82.17,13.64,24.37,22.42,22.34,--,--,--,--,23.85,25.24,22.34,31.91,9.57,4.538431,,
84, 2024/5/3 19:36:21,83.17,13.6,24.4,22.42,22.38,--,--,--,--,23.85,25.25,22.38,31.9,9.52,4.522935,,
85, 2024/5/3 19:36:22,84.17,13.66,24.4,22.44,22.38,--,--,--,--,23.85,25.27,22.38,31.96,9.58,4.548186,,
86, 2024/5/3 19:36:23,85.17,13.68,24.37,22.43,22.38,--,--,--,--,23.85,25.26,22.38,31.95,9.57,4.547507,,
87, 2024/5/3 19:36:24,86.18,13.73,24.35,22.38,22.33,--,--,--,--,23.85,25.24,22.33,31.98,9.65,4.584587,,
88, 2024/5/3 19:36:25,87.18,13.73,24.34,22.33,22.3,--,--,--,--,23.84,25.21,22.3,31.97,9.67,4.597137,,
89, 2024/5/3 19:36:26,88.18,13.76,24.35,22.32,22.26,--,--,--,--,23.85,25.21,22.26,32.01,9.75,4.626596,,
90, 2024/5/3 19:36:27,89.18,13.78,24.38,22.32,22.26,--,--,--,--,23.86,25.23,22.26,32.06,9.8,4.649026,,
91, 2024/5/3 19:36:28,90.18,13.75,24.36,22.28,22.24,--,--,--,--,23.85,25.2,22.24,32.01,9.77,4.638522,,
92, 2024/5/3 19:36:29,91.18,13.78,24.34,22.3,22.21,--,--,--,--,23.84,25.19,22.21,32.02,9.81,4.647001,,
93, 2024/5/3 19:36:30,92.18,13.82,24.32,22.28,22.18,--,--,--,--,23.85,25.18,22.18,32.04,9.86,4.668732,,
94, 2024/5/3 19:36:31,93.19,13.82,24.31,22.29,22.2,--,--,--,--,23.85,25.18,22.2,32.03,9.83,4.658177,,
95, 2024/5/3 19:36:32,94.19,13.85,24.31,22.31,22.2,--,--,--,--,23.85,25.2,22.2,32.06,9.86,4.66875,,
96, 2024/5/3 19:36:33,95.19,13.87,24.29,22.28,22.25,--,--,--,--,23.85,25.2,22.25,32.06,9.81,4.665778,,
97, 2024/5/3 19:36:34,96.19,13.92,24.26,22.31,22.22,--,--,--,--,23.85,25.19,22.22,32.08,9.86,4.677899,,
98, 2024/5/3 19:36:35,97.19,13.9,24.31,22.29,22.28,--,--,--,--,23.86,25.22,22.28,32.11,9.83,4.680481,,
99, 2024/5/3 19:36:36,98.19,13.92,24.3,22.31,22.21,--,--,--,--,23.86,25.21,22.21,32.12,9.91,4.696743,,
100, 2024/5/3 19:36:37,99.19,13.93,24.27,22.28,22.23,--,--,--,--,23.85,25.2,22.23,32.1,9.87,4.691059,,
101, 2024/5/3 19:36:38,100.2,13.95,24.27,22.29,22.22,--,--,--,--,23.85,25.2,22.22,32.12,9.9,4.700914,,
102, 2024/5/3 19:36:39,101.2,13.98,24.25,22.27,22.27,--,--,--,--,23.86,25.21,22.27,32.13,9.86,4.700958,,
103, 2024/5/3 19:36:40,102.2,14.02,24.25,22.28,22.24,--,--,--,--,23.86,25.21,22.24,32.17,9.93,4.724792,,
104, 2024/5/3 19:36:41,103.2,14.06,24.21,22.25,22.2,--,--,--,--,23.85,25.18,22.2,32.17,9.97,4.742371,,
105, 2024/5/3 19:36:42,104.2,14.06,24.24,22.27,22.21,--,--,--,--,23.85,25.21,22.21,32.2,9.99,4.748632,,
106, 2024/5/3 19:36:43,105.2,14.05,24.22,22.28,22.25,--,--,--,--,23.85,25.21,22.25,32.17,9.92,4.724972,,
107, 2024/5/3 19:36:44,106.2,14.07,24.22,22.29,22.21,--,--,--,--,23.85,25.2,22.21,32.19,9.98,4.74112,,
108, 2024/5/3 19:36:45,107.21,14.08,24.23,22.28,22.21,--,--,--,--,23.85,25.21,22.21,32.21,10,4.752235,,
109, 2024/5/3 19:36:46,108.21,14.11,24.19,22.27,22.22,--,--,--,--,23.85,25.2,22.22,32.2,9.98,4.750346,,
110, 2024/5/3 19:36:47,109.21,14.11,24.21,22.29,22.22,--,--,--,--,23.85,25.21,22.22,32.22,10,4.754526,,
111, 2024/5/3 19:36:48,110.21,14.12,24.2,22.28,22.23,--,--,--,--,23.85,25.21,22.23,32.22,9.99,4.755257,,
112, 2024/5/3 19:36:49,111.21,14.19,24.18,22.28,22.21,--,--,--,--,23.86,25.21,22.21,32.27,10.06,4.785582,,
113, 2024/5/3 19:36:50,112.21,14.18,24.18,22.28,22.24,--,--,--,--,23.86,25.22,22.24,32.26,10.02,4.774414,,
114, 2024/5/3 19:36:51,113.21,14.19,24.16,22.32,22.28,--,--,--,--,23.86,25.23,22.28,32.25,9.97,4.754641,,
115, 2024/5/3 19:36:52,114.21,14.19,24.2,22.29,22.28,--,--,--,--,23.86,25.24,22.28,32.29,10.01,4.777245,,
116, 2024/5/3 19:36:53,115.22,14.2,24.2,22.32,22.26,--,--,--,--,23.85,25.25,22.26,32.3,10.04,4.780161,,
117, 2024/5/3 19:36:54,116.22,14.19,24.17,22.31,22.27,--,--,--,--,23.84,25.23,22.27,32.26,9.99,4.762858,,
118, 2024/5/3 19:36:55,117.22,14.21,24.18,22.29,22.24,--,--,--,--,23.85,25.23,22.24,32.29,10.05,4.787125,,
119, 2024/5/3 19:36:56,118.22,14.26,24.15,22.29,22.28,--,--,--,--,23.84,25.23,22.28,32.31,10.03,4.791133,,
120, 2024/5/3 19:36:57,119.22,14.27,24.16,22.31,22.27,--,--,--,--,23.86,25.24,22.27,32.33,10.06,4.798133,,
121, 2024/5/3 19:36:58,120.22,14.26,24.16,22.3,22.27,--,--,--,--,23.85,25.24,22.27,32.32,10.05,4.79525,,
122, 2024/5/3 19:36:59,121.22,14.3,24.17,22.31,22.26,--,--,--,--,23.86,25.25,22.26,32.37,10.11,4.819073,,
123, 2024/5/3 19:37:00,122.23,14.32,24.13,22.29,22.25,--,--,--,--,23.85,25.23,22.25,32.35,10.1,4.818659,,
124, 2024/5/3 19:37:01,123.23,14.38,24.1,22.25,22.27,--,--,--,--,23.86,25.23,22.25,32.38,10.13,4.840018,,
125, 2024/5/3 19:37:02,124.23,14.39,24.12,22.24,22.26,--,--,--,--,23.85,25.23,22.24,32.41,10.17,4.85721,,
126, 2024/5/3 19:37:03,125.23,14.39,24.1,22.23,22.24,--,--,--,--,23.86,25.22,22.23,32.39,10.16,4.855158,,
127, 2024/5/3 19:37:04,126.23,14.38,24.1,22.25,22.21,--,--,--,--,23.85,25.21,22.21,32.38,10.17,4.852306,,
128, 2024/5/3 19:37:05,127.23,14.37,24.13,22.24,22.23,--,--,--,--,23.85,25.23,22.23,32.4,10.17,4.857604,,
129, 2024/5/3 19:37:06,128.23,14.41,24.09,22.25,22.21,--,--,--,--,23.85,25.21,22.21,32.4,10.19,4.862994,,
130, 2024/5/3 19:37:07,129.23,14.39,24.13,22.23,22.21,--,--,--,--,23.85,25.22,22.21,32.42,10.21,4.87361,,
131, 2024/5/3 19:37:08,130.24,14.43,24.08,22.2,22.17,--,--,--,--,23.84,25.19,22.17,32.41,10.24,4.88716,,
132, 2024/5/3 19:37:09,131.24,14.5,24.09,22.22,22.18,--,--,--,--,23.86,25.22,22.18,32.49,10.31,4.919601,,
133, 2024/5/3 19:37:10,132.24,14.46,24.09,22.26,22.19,--,--,--,--,23.86,25.22,22.19,32.45,10.26,4.889726,,
134, 2024/5/3 19:37:11,133.24,14.46,24.1,22.24,22.16,--,--,--,--,23.85,25.22,22.16,32.46,10.3,4.904074,,
135, 2024/5/3 19:37:12,134.24,14.46,24.08,22.25,22.2,--,--,--,--,23.85,25.22,22.2,32.44,10.24,4.885601,,
136, 2024/5/3 19:37:13,135.24,14.5,24.08,22.18,22.17,--,--,--,--,23.85,25.2,22.17,32.48,10.31,4.925717,,
137, 2024/5/3 19:37:14,136.25,14.48,24.1,22.22,22.2,--,--,--,--,23.85,25.23,22.2,32.48,10.28,4.909726,,
138, 2024/5/3 19:37:15,137.25,14.53,24.05,22.21,22.18,--,--,--,--,23.86,25.21,22.18,32.48,10.3,4.92007,,
139, 2024/5/3 19:37:16,138.25,14.54,24.06,22.17,22.16,--,--,--,--,23.85,25.2,22.16,32.5,10.34,4.941324,,
140, 2024/5/3 19:37:17,139.25,14.55,24.04,22.16,22.16,--,--,--,--,23.86,25.19,22.16,32.49,10.33,4.940117,,
141, 2024/5/3 19:37:18,140.25,14.61,24.04,22.1,22.13,--,--,--,--,23.85,25.18,22.1,32.55,10.45,4.988098,,
142, 2024/5/3 19:37:19,141.25,14.56,24.06,22.07,22.05,--,--,--,--,23.86,25.15,22.05,32.52,10.47,4.99431,,
143, 2024/5/3 19:37:20,142.25,14.57,24.05,21.97,21.97,--,--,--,--,23.85,25.1,21.97,32.52,10.55,5.032319,,
144, 2024/5/3 19:37:21,143.26,14.66,24.02,21.89,21.9,--,--,--,--,23.85,25.07,21.89,32.58,10.69,5.095223,,
145, 2024/5/3 19:37:22,144.26,14.65,24.02,21.85,21.86,--,--,--,--,23.85,25.05,21.85,32.57,10.72,5.106969,,
146, 2024/5/3 19:37:23,145.26,14.6,24.07,21.82,21.82,--,--,--,--,23.86,25.05,21.82,32.57,10.75,5.118026,,
147, 2024/5/3 19:37:24,146.26,14.58,24.07,21.83,21.8,--,--,--,--,23.86,25.04,21.8,32.55,10.75,5.110337,,
148, 2024/5/3 19:37:25,147.26,14.64,24.04,21.85,21.78,--,--,--,--,23.85,25.04,21.78,32.58,10.8,5.127224,,
149, 2024/5/3 19:37:26,148.26,14.71,24.02,21.89,21.76,--,--,--,--,23.86,25.05,21.76,32.63,10.87,5.149205,,
150, 2024/5/3 19:37:27,149.26,14.66,24.04,21.88,21.82,--,--,--,--,23.86,25.06,21.82,32.6,10.78,5.122368,,
151, 2024/5/3 19:37:28,150.26,14.71,23.99,21.92,21.89,--,--,--,--,23.87,25.08,21.89,32.6,10.71,5.103202,,
152, 2024/5/3 19:37:29,151.26,14.69,24.03,21.93,21.9,--,--,--,--,23.86,25.1,21.9,32.62,10.72,5.105816,,
153, 2024/5/3 19:37:30,152.27,14.73,24,21.96,21.93,--,--,--,--,23.86,25.11,21.93,32.63,10.7,5.100629,,
154, 2024/5/3 19:37:31,153.27,14.68,24.06,21.98,21.93,--,--,--,--,23.86,25.13,21.93,32.64,10.71,5.096777,,
155, 2024/5/3 19:37:32,154.27,14.72,23.99,21.98,21.94,--,--,--,--,23.85,25.11,21.94,32.61,10.67,5.085406,,
156, 2024/5/3 19:37:33,155.27,14.76,24,22.01,21.96,--,--,--,--,23.86,25.13,21.96,32.66,10.7,5.098922,,
157, 2024/5/3 19:37:34,156.27,14.78,23.97,22.02,22.04,--,--,--,--,23.85,25.15,22.02,32.65,10.63,5.077968,,
158, 2024/5/3 19:37:35,157.27,14.77,24,22.09,22.03,--,--,--,--,23.86,25.17,22.03,32.67,10.64,5.073092,,
159, 2024/5/3 19:37:36,158.28,14.84,23.95,22.08,22.07,--,--,--,--,23.85,25.17,22.07,32.69,10.62,5.081038,,
160, 2024/5/3 19:37:37,159.28,14.77,24,22.1,22.1,--,--,--,--,23.86,25.19,22.1,32.67,10.57,5.056697,,
161, 2024/5/3 19:37:38,160.28,14.82,23.98,22.11,22.13,--,--,--,--,23.86,25.21,22.11,32.7,10.59,5.065085,,
162, 2024/5/3 19:37:39,161.28,14.81,23.99,22.12,22.11,--,--,--,--,23.86,25.21,22.11,32.7,10.59,5.066243,,
163, 2024/5/3 19:37:40,162.28,14.86,23.93,22.08,22.08,--,--,--,--,23.85,25.17,22.08,32.69,10.61,5.080753,,
164, 2024/5/3 19:37:41,163.28,14.8,23.99,22.13,22.08,--,--,--,--,23.86,25.2,22.08,32.69,10.61,5.06542,,
165, 2024/5/3 19:37:42,164.28,14.88,23.96,22.12,22.11,--,--,--,--,23.86,25.21,22.11,32.74,10.63,5.088597,,
166, 2024/5/3 19:37:43,165.28,14.91,23.94,22.12,22.06,--,--,--,--,23.85,25.19,22.06,32.75,10.69,5.105483,,
167, 2024/5/3 19:37:44,166.29,14.93,23.91,22.13,22.1,--,--,--,--,23.85,25.2,22.1,32.74,10.64,5.093085,,
168, 2024/5/3 19:37:45,167.29,14.85,23.97,22.17,22.1,--,--,--,--,23.85,25.22,22.1,32.72,10.62,5.069823,,
169, 2024/5/3 19:37:46,168.29,14.92,23.93,22.19,22.1,--,--,--,--,23.86,25.22,22.1,32.75,10.65,5.084232,,
170, 2024/5/3 19:37:47,169.29,14.89,23.96,22.18,22.14,--,--,--,--,23.86,25.23,22.14,32.75,10.61,5.075361,,
171, 2024/5/3 19:37:48,170.29,14.96,23.94,22.17,22.14,--,--,--,--,23.85,25.24,22.14,32.8,10.66,5.103869,,
172, 2024/5/3 19:37:49,171.29,14.96,23.94,22.2,22.16,--,--,--,--,23.86,25.25,22.16,32.8,10.64,5.093825,,
173, 2024/5/3 19:37:50,172.3,14.92,23.97,22.23,22.13,--,--,--,--,23.85,25.26,22.13,32.79,10.66,5.086281,,
174, 2024/5/3 19:37:51,173.3,14.99,23.91,22.21,22.16,--,--,--,--,23.86,25.25,22.16,32.8,10.64,5.094628,,
175, 2024/5/3 19:37:52,174.3,15.03,23.91,22.23,22.19,--,--,--,--,23.86,25.27,22.19,32.84,10.65,5.104392,,
176, 2024/5/3 19:37:53,175.3,14.98,23.95,22.23,22.16,--,--,--,--,23.86,25.27,22.16,32.83,10.67,5.101752,,
177, 2024/5/3 19:37:54,176.3,15.02,23.87,22.22,22.19,--,--,--,--,23.84,25.24,22.19,32.79,10.6,5.085481,,
178, 2024/5/3 19:37:55,177.3,15.04,23.9,22.19,22.17,--,--,--,--,23.85,25.25,22.17,32.84,10.67,5.117309,,
179, 2024/5/3 19:37:56,178.3,14.97,23.93,22.2,22.2,--,--,--,--,23.85,25.26,22.2,32.8,10.6,5.086703,,
180, 2024/5/3 19:37:57,179.31,15.05,23.88,22.2,22.17,--,--,--,--,23.86,25.25,22.17,32.83,10.66,5.112274,,
181, 2024/5/3 19:37:58,180.31,15.05,23.89,22.19,22.21,--,--,--,--,23.86,25.26,22.19,32.84,10.65,5.110273,,
182, 2024/5/3 19:37:59,181.31,15.03,23.91,22.19,22.2,--,--,--,--,23.86,25.26,22.19,32.84,10.65,5.110361,,
183, 2024/5/3 19:38:00,182.31,15.06,23.88,22.19,22.2,--,--,--,--,23.86,25.25,22.19,32.84,10.65,5.113218,,
184, 2024/5/3 19:38:01,183.31,15.06,23.9,22.23,22.19,--,--,--,--,23.86,25.27,22.19,32.86,10.67,5.115239,,
185, 2024/5/3 19:38:02,184.31,15.11,23.88,22.19,22.17,--,--,--,--,23.86,25.26,22.17,32.89,10.72,5.143937,,
186, 2024/5/3 19:38:03,185.31,15.09,23.9,22.2,22.16,--,--,--,--,23.87,25.26,22.16,32.89,10.73,5.14205,,
187, 2024/5/3 19:38:04,186.31,15.08,23.89,22.17,22.16,--,--,--,--,23.86,25.25,22.16,32.87,10.71,5.139084,,
188, 2024/5/3 19:38:05,187.32,15.13,23.86,22.17,22.2,--,--,--,--,23.85,25.26,22.17,32.89,10.72,5.143879,,
189, 2024/5/3 19:38:06,188.32,15.14,23.87,22.19,22.18,--,--,--,--,23.86,25.26,22.18,32.91,10.73,5.152796,,
190, 2024/5/3 19:38:07,189.32,15.14,23.87,22.19,22.19,--,--,--,--,23.86,25.27,22.19,32.91,10.72,5.150803,,
191, 2024/5/3 19:38:08,190.32,15.16,23.86,22.23,22.2,--,--,--,--,23.86,25.28,22.2,32.92,10.72,5.146807,,
192, 2024/5/3 19:38:09,191.32,15.15,23.85,22.2,22.19,--,--,--,--,23.86,25.26,22.19,32.9,10.71,5.145816,,
193, 2024/5/3 19:38:10,192.32,15.18,23.86,22.16,22.16,--,--,--,--,23.86,25.26,22.16,32.94,10.78,5.178552,,
194, 2024/5/3 19:38:11,193.32,15.19,23.86,22.17,22.18,--,--,--,--,23.86,25.27,22.17,32.95,10.78,5.177531,,
195, 2024/5/3 19:38:12,194.32,15.17,23.85,22.16,22.14,--,--,--,--,23.86,25.24,22.14,32.92,10.78,5.173615,,
196, 2024/5/3 19:38:13,195.33,15.16,23.86,22.17,22.12,--,--,--,--,23.86,25.24,22.12,32.92,10.8,5.174684,,
197, 2024/5/3 19:38:14,196.33,15.17,23.87,22.17,22.11,--,--,--,--,23.86,25.25,22.11,32.94,10.83,5.185634,,
198, 2024/5/3 19:38:15,197.33,15.25,23.82,22.18,22.11,--,--,--,--,23.85,25.25,22.11,32.97,10.86,5.203323,,
199, 2024/5/3 19:38:16,198.33,15.22,23.83,22.17,22.14,--,--,--,--,23.86,25.25,22.14,32.95,10.81,5.188411,,
200, 2024/5/3 19:38:17,199.33,15.21,23.84,22.15,22.09,--,--,--,--,23.85,25.23,22.09,32.95,10.86,5.201425,,
201, 2024/5/3 19:38:18,200.33,15.23,23.85,22.13,22.13,--,--,--,--,23.85,25.25,22.13,32.98,10.85,5.211262,,
202, 2024/5/3 19:38:19,201.34,15.25,23.84,22.13,22.12,--,--,--,--,23.86,25.25,22.12,32.99,10.87,5.219162,,
203, 2024/5/3 19:38:20,202.34,15.28,23.82,22.17,22.12,--,--,--,--,23.86,25.25,22.12,33,10.88,5.218131,,
204, 2024/5/3 19:38:21,203.34,15.27,23.84,22.13,22.06,--,--,--,--,23.85,25.24,22.06,33.01,10.95,5.241099,,
205, 2024/5/3 19:38:22,204.34,15.33,23.82,22.09,22.12,--,--,--,--,23.86,25.25,22.09,33.05,10.96,5.258749,,
206, 2024/5/3 19:38:23,205.34,15.27,23.81,22.13,22.06,--,--,--,--,23.87,25.22,22.06,32.98,10.92,5.229133,,
207, 2024/5/3 19:38:24,206.34,15.31,23.81,22.08,22.07,--,--,--,--,23.86,25.22,22.07,33.02,10.95,5.256813,,
208, 2024/5/3 19:38:25,207.34,15.31,23.83,22.11,22.04,--,--,--,--,23.86,25.23,22.04,33.04,11,5.264868,,
209, 2024/5/3 19:38:26,208.35,15.34,23.8,22.08,22.03,--,--,--,--,23.86,25.21,22.03,33.04,11.01,5.275675,,
210, 2024/5/3 19:38:27,209.35,15.33,23.82,22.11,22.04,--,--,--,--,23.86,25.23,22.04,33.05,11.01,5.270768,,
211, 2024/5/3 19:38:28,210.35,15.3,23.83,22.1,22.07,--,--,--,--,23.85,25.23,22.07,33.03,10.96,5.255868,,
212, 2024/5/3 19:38:29,211.35,15.36,23.82,22.05,22.08,--,--,--,--,23.85,25.23,22.05,33.08,11.03,5.289533,,
213, 2024/5/3 19:38:30,212.35,15.38,23.81,22.11,22.13,--,--,--,--,23.87,25.26,22.11,33.09,10.98,5.273545,,
214, 2024/5/3 19:38:31,213.35,15.4,23.78,22.12,22.08,--,--,--,--,23.85,25.24,22.08,33.08,11,5.279495,,
215, 2024/5/3 19:38:32,214.35,15.36,23.81,22.11,22.11,--,--,--,--,23.86,25.25,22.11,33.07,10.96,5.267611,,
216, 2024/5/3 19:38:33,215.36,15.39,23.82,22.15,22.12,--,--,--,--,23.86,25.28,22.12,33.11,10.99,5.276516,,
217, 2024/5/3 19:38:34,216.36,15.38,23.81,22.12,22.13,--,--,--,--,23.86,25.26,22.12,33.09,10.97,5.271556,,
218, 2024/5/3 19:38:35,217.36,15.43,23.77,22.11,22.1,--,--,--,--,23.85,25.25,22.1,33.1,11,5.288378,,
219, 2024/5/3 19:38:36,218.36,15.39,23.82,22.14,22.1,--,--,--,--,23.86,25.27,22.1,33.11,11.01,5.282481,,
220, 2024/5/3 19:38:37,219.36,15.44,23.8,22.1,22.09,--,--,--,--,23.86,25.26,22.09,33.14,11.05,5.309188,,
221, 2024/5/3 19:38:38,220.36,15.43,23.78,22.09,22.11,--,--,--,--,23.86,25.25,22.09,33.11,11.02,5.294325,,
222, 2024/5/3 19:38:39,221.36,15.41,23.8,22.13,22.08,--,--,--,--,23.86,25.26,22.08,33.11,11.03,5.29041,,
223, 2024/5/3 19:38:40,222.36,15.46,23.77,22.1,22.03,--,--,--,--,23.85,25.23,22.03,33.13,11.1,5.319161,,
224, 2024/5/3 19:38:41,223.37,15.47,23.77,22.08,22.06,--,--,--,--,23.86,25.24,22.06,33.14,11.08,5.322057,,
225, 2024/5/3 19:38:42,224.37,15.51,23.78,22.12,22.02,--,--,--,--,23.86,25.25,22.02,33.19,11.17,5.345974,,
226, 2024/5/3 19:38:43,225.37,15.49,23.77,22.09,22,--,--,--,--,23.85,25.23,22,33.16,11.16,5.342003,,
227, 2024/5/3 19:38:44,226.37,15.49,23.77,22.08,22,--,--,--,--,23.86,25.23,22,33.16,11.16,5.343965,,
228, 2024/5/3 19:38:45,227.37,15.46,23.79,22.07,22.01,--,--,--,--,23.86,25.23,22.01,33.15,11.14,5.337042,,
229, 2024/5/3 19:38:46,228.37,15.47,23.78,22.06,21.99,--,--,--,--,23.86,25.22,21.99,33.15,11.16,5.344002,,
230, 2024/5/3 19:38:47,229.37,15.5,23.79,22.07,22.02,--,--,--,--,23.87,25.24,22.02,33.19,11.17,5.354821,,
231, 2024/5/3 19:38:48,230.37,15.52,23.78,22.07,22,--,--,--,--,23.86,25.24,22,33.2,11.2,5.364751,,
232, 2024/5/3 19:38:49,231.38,15.55,23.76,22.04,22.05,--,--,--,--,23.86,25.24,22.04,33.21,11.17,5.367599,,
233, 2024/5/3 19:38:50,232.38,15.55,23.75,22.04,22.03,--,--,--,--,23.85,25.23,22.03,33.2,11.17,5.367599,,
234, 2024/5/3 19:38:51,233.38,15.56,23.76,22.08,22.01,--,--,--,--,23.86,25.24,22.01,33.22,11.21,5.372625,,
235, 2024/5/3 19:38:52,234.38,15.51,23.77,22.04,22.04,--,--,--,--,23.86,25.23,22.04,33.18,11.14,5.353762,,
236, 2024/5/3 19:38:53,235.38,15.57,23.75,22.05,21.98,--,--,--,--,23.86,25.23,21.98,33.22,11.24,5.385516,,
237, 2024/5/3 19:38:54,236.38,15.57,23.76,22.05,21.99,--,--,--,--,23.86,25.23,21.99,33.23,11.24,5.387483,,
238, 2024/5/3 19:38:55,237.38,15.6,23.74,22.07,21.96,--,--,--,--,23.86,25.23,21.96,33.24,11.28,5.396502,,
239, 2024/5/3 19:38:56,238.39,15.6,23.75,22.03,21.96,--,--,--,--,23.86,25.22,21.96,33.25,11.29,5.408311,,
240, 2024/5/3 19:38:57,239.39,15.62,23.74,22,21.95,--,--,--,--,23.86,25.21,21.95,33.26,11.31,5.422148,,
241, 2024/5/3 19:38:58,240.39,15.59,23.76,22.11,22.01,--,--,--,--,23.86,25.26,22.01,33.25,11.24,5.381607,,
242, 2024/5/3 19:38:59,241.39,15.59,23.76,22.14,22.06,--,--,--,--,23.86,25.28,22.06,33.25,11.19,5.365734,,
243, 2024/5/3 19:39:00,242.39,15.63,23.73,22.14,22.06,--,--,--,--,23.86,25.27,22.06,33.26,11.2,5.373723,,
244, 2024/5/3 19:39:01,243.39,15.65,23.75,22.09,22.06,--,--,--,--,23.86,25.28,22.06,33.3,11.24,5.401286,,
245, 2024/5/3 19:39:02,244.4,15.62,23.72,22.14,22.06,--,--,--,--,23.87,25.27,22.06,33.24,11.18,5.364833,,
246, 2024/5/3 19:39:03,245.4,15.66,23.75,22.1,22.02,--,--,--,--,23.87,25.27,22.02,33.31,11.29,5.412251,,
247, 2024/5/3 19:39:04,246.4,15.7,23.71,22.07,22,--,--,--,--,23.87,25.25,22,33.31,11.31,5.426112,,
248, 2024/5/3 19:39:05,247.4,15.66,23.73,21.98,21.91,--,--,--,--,23.86,25.2,21.91,33.29,11.38,5.449937,,
249, 2024/5/3 19:39:06,248.4,15.63,23.76,21.95,21.95,--,--,--,--,23.86,25.21,21.95,33.29,11.34,5.444998,,
250, 2024/5/3 19:39:07,249.4,15.7,23.71,21.96,21.94,--,--,--,--,23.85,25.21,21.94,33.31,11.37,5.459709,,
251, 2024/5/3 19:39:08,250.4,15.68,23.74,21.99,21.96,--,--,--,--,23.87,25.23,21.96,33.32,11.36,5.451809,,
252, 2024/5/3 19:39:09,251.4,15.64,23.74,21.93,21.92,--,--,--,--,23.85,25.19,21.92,33.28,11.36,5.451943,,
253, 2024/5/3 19:39:10,252.41,15.69,23.74,21.96,21.92,--,--,--,--,23.86,25.21,21.92,33.33,11.41,5.470706,,
254, 2024/5/3 19:39:11,253.41,15.7,23.74,21.94,21.93,--,--,--,--,23.86,25.21,21.93,33.34,11.41,5.477624,,
255, 2024/5/3 19:39:12,254.42,15.73,23.73,21.93,21.93,--,--,--,--,23.86,25.21,21.93,33.36,11.43,5.490467,,
256, 2024/5/3 19:39:13,255.44,15.71,23.71,21.95,21.92,--,--,--,--,23.86,25.2,21.92,33.32,11.4,5.470631,,
257, 2024/5/3 19:39:14,256.45,15.73,23.71,21.95,21.89,--,--,--,--,23.86,25.2,21.89,33.34,11.45,5.486538,,
258, 2024/5/3 19:39:15,257.47,15.72,23.72,21.99,21.94,--,--,--,--,23.86,25.22,21.94,33.34,11.4,5.467653,,
259, 2024/5/3 19:39:16,258.49,15.77,23.68,22,21.93,--,--,--,--,23.86,25.22,21.93,33.35,11.42,5.476584,,
260, 2024/5/3 19:39:17,259.51,15.8,23.7,21.95,21.98,--,--,--,--,23.86,25.23,21.95,33.4,11.45,5.499292,,
261, 2024/5/3 19:39:18,260.52,15.76,23.69,21.93,21.97,--,--,--,--,23.86,25.21,21.93,33.35,11.42,5.481484,,
262, 2024/5/3 19:39:19,261.54,15.79,23.69,21.93,21.98,--,--,--,--,23.86,25.22,21.93,33.38,11.45,5.494369,,
263, 2024/5/3 19:39:20,262.55,15.78,23.69,21.95,21.99,--,--,--,--,23.87,25.23,21.95,33.37,11.42,5.483463,,
264, 2024/5/3 19:39:21,263.56,15.83,23.69,22,22.04,--,--,--,--,23.87,25.26,22,33.42,11.42,5.488484,,
265, 2024/5/3 19:39:22,264.57,15.81,23.69,21.99,22.03,--,--,--,--,23.86,25.25,21.99,33.4,11.41,5.482519,,
266, 2024/5/3 19:39:23,265.58,15.77,23.74,22.04,22.05,--,--,--,--,23.86,25.29,22.04,33.41,11.37,5.468605,,
267, 2024/5/3 19:39:24,266.59,15.77,23.72,22.12,22.08,--,--,--,--,23.86,25.3,22.08,33.39,11.31,5.439095,,
268, 2024/5/3 19:39:26,267.61,15.82,23.69,22.1,22.09,--,--,--,--,23.87,25.3,22.09,33.41,11.32,5.45406,,
269, 2024/5/3 19:39:27,268.63,15.83,23.68,22.14,22.15,--,--,--,--,23.86,25.32,22.14,33.41,11.27,5.435596,,
270, 2024/5/3 19:39:28,269.64,15.8,23.71,22.18,22.2,--,--,--,--,23.86,25.35,22.18,33.41,11.23,5.414876,,
271, 2024/5/3 19:39:29,270.68,15.86,23.66,22.31,22.25,--,--,--,--,23.86,25.39,22.25,33.42,11.17,5.390597,,
272, 2024/5/3 19:39:30,271.69,15.85,23.66,22.3,22.35,--,--,--,--,23.86,25.41,22.3,33.41,11.11,5.368369,,
273, 2024/5/3 19:39:31,272.69,15.88,23.68,22.33,22.4,--,--,--,--,23.86,25.44,22.33,33.46,11.13,5.375676,,
274, 2024/5/3 19:39:32,273.69,15.86,23.69,22.39,22.45,--,--,--,--,23.87,25.47,22.39,33.45,11.06,5.348571,,
275, 2024/5/3 19:39:33,274.69,15.88,23.66,22.36,22.38,--,--,--,--,23.86,25.44,22.36,33.44,11.08,5.366074,,
276, 2024/5/3 19:39:34,275.69,15.88,23.67,22.38,22.4,--,--,--,--,23.86,25.45,22.38,33.45,11.07,5.36227,,
277, 2024/5/3 19:39:35,276.69,15.94,23.67,22.27,22.34,--,--,--,--,23.86,25.42,22.27,33.51,11.24,5.424618,,
278, 2024/5/3 19:39:36,277.7,15.88,23.69,22.17,22.15,--,--,--,--,23.87,25.35,22.15,33.47,11.32,5.458459,,
279, 2024/5/3 19:39:37,278.7,15.92,23.66,22.07,22.02,--,--,--,--,23.87,25.28,22.02,33.48,11.46,5.511506,,
280, 2024/5/3 19:39:38,279.7,15.91,23.67,21.99,22.01,--,--,--,--,23.86,25.26,21.99,33.48,11.49,5.528107,,
281, 2024/5/3 19:39:39,280.7,15.89,23.65,21.93,21.95,--,--,--,--,23.86,25.22,21.93,33.44,11.51,5.533964,,
282, 2024/5/3 19:39:40,281.7,15.91,23.68,21.86,21.86,--,--,--,--,23.87,25.2,21.86,33.49,11.63,5.587477,,
283, 2024/5/3 19:39:41,282.7,15.91,23.68,21.84,21.8,--,--,--,--,23.86,25.18,21.8,33.49,11.69,5.603454,,
284, 2024/5/3 19:39:42,283.7,15.93,23.68,21.83,21.78,--,--,--,--,23.86,25.18,21.78,33.51,11.73,5.619352,,
285, 2024/5/3 19:39:43,284.71,15.99,23.65,21.89,21.8,--,--,--,--,23.87,25.2,21.8,33.54,11.74,5.621213,,
286, 2024/5/3 19:39:44,285.71,15.96,23.65,21.87,21.78,--,--,--,--,23.87,25.18,21.78,33.51,11.73,5.614325,,
287, 2024/5/3 19:39:45,286.71,16.02,23.63,21.8,21.69,--,--,--,--,23.86,25.14,21.69,33.55,11.86,5.667987,,
288, 2024/5/3 19:39:46,287.71,16.01,23.63,21.8,21.8,--,--,--,--,23.87,25.17,21.8,33.54,11.74,5.64093,,
289, 2024/5/3 19:39:47,288.71,15.94,23.68,22.05,22.04,--,--,--,--,23.87,25.3,22.04,33.52,11.48,5.529222,,
290, 2024/5/3 19:39:48,289.71,15.98,23.67,22.32,22.25,--,--,--,--,23.86,25.42,22.25,33.55,11.3,5.452161,,
291, 2024/5/3 19:39:49,290.72,16.02,23.62,22.38,22.42,--,--,--,--,23.87,25.47,22.38,33.54,11.16,5.409186,,
292, 2024/5/3 19:39:50,291.71,15.97,23.64,22.36,22.37,--,--,--,--,23.87,25.45,22.36,33.51,11.15,5.405125,,
293, 2024/5/3 19:39:51,292.72,15.97,23.65,22.39,22.38,--,--,--,--,23.86,25.46,22.38,33.52,11.14,5.401329,,
294, 2024/5/3 19:39:52,293.72,16,23.66,22.36,22.34,--,--,--,--,23.86,25.46,22.34,33.56,11.22,5.433362,,
295, 2024/5/3 19:39:53,294.72,16.01,23.64,22.35,22.33,--,--,--,--,23.86,25.44,22.33,33.55,11.22,5.434527,,
296, 2024/5/3 19:39:54,295.72,16.03,23.64,22.28,22.3,--,--,--,--,23.87,25.42,22.28,33.57,11.29,5.463541,,
297, 2024/5/3 19:39:55,296.72,16.02,23.63,22.3,22.24,--,--,--,--,23.86,25.41,22.24,33.55,11.31,5.462444,,
298, 2024/5/3 19:39:56,297.72,16.04,23.64,22.34,22.3,--,--,--,--,23.86,25.44,22.3,33.58,11.28,5.457084,,
299, 2024/5/3 19:39:57,298.73,16.04,23.63,22.3,22.26,--,--,--,--,23.86,25.42,22.26,33.57,11.31,5.46853,,
300, 2024/5/3 19:39:58,299.73,16.01,23.65,22.31,22.28,--,--,--,--,23.87,25.43,22.28,33.56,11.28,5.455522,,
301, 2024/5/3 19:39:59,300.73,16.03,23.62,22.29,22.31,--,--,--,--,23.86,25.42,22.29,33.55,11.26,5.45209,,
302, 2024/5/3 19:40:00,301.73,16.03,23.67,22.26,22.24,--,--,--,--,23.87,25.42,22.24,33.6,11.36,5.490378,,
303, 2024/5/3 19:40:01,302.73,16.01,23.67,22.21,22.2,--,--,--,--,23.86,25.39,22.2,33.58,11.38,5.497789,,
304, 2024/5/3 19:40:02,303.73,16.09,23.62,22.19,22.26,--,--,--,--,23.87,25.4,22.19,33.61,11.42,5.510657,,
305, 2024/5/3 19:40:03,304.73,16.08,23.63,22.2,22.23,--,--,--,--,23.86,25.39,22.2,33.61,11.41,5.513306,,
306, 2024/5/3 19:40:04,305.74,16.05,23.65,22.23,22.24,--,--,--,--,23.86,25.41,22.23,33.6,11.37,5.498389,,
307, 2024/5/3 19:40:05,306.74,16.09,23.62,22.3,22.27,--,--,--,--,23.87,25.43,22.27,33.61,11.34,5.487648,,
308, 2024/5/3 19:40:06,307.74,16.09,23.63,22.31,22.28,--,--,--,--,23.86,25.44,22.28,33.62,11.34,5.48765,,
309, 2024/5/3 19:40:07,308.74,16.08,23.65,22.36,22.3,--,--,--,--,23.87,25.46,22.3,33.63,11.33,5.477001,,
310, 2024/5/3 19:40:08,309.74,16.09,23.63,22.33,22.29,--,--,--,--,23.87,25.44,22.29,33.62,11.33,5.481942,,
311, 2024/5/3 19:40:09,310.74,16.14,23.59,22.3,22.28,--,--,--,--,23.86,25.43,22.28,33.63,11.35,5.499178,,
312, 2024/5/3 19:40:10,311.74,16.07,23.65,22.26,22.26,--,--,--,--,23.87,25.42,22.26,33.62,11.36,5.498728,,
313, 2024/5/3 19:40:11,312.75,16.13,23.61,22.25,22.25,--,--,--,--,23.87,25.41,22.25,33.64,11.39,5.517065,,
314, 2024/5/3 19:40:12,313.75,16.15,23.61,22.23,22.22,--,--,--,--,23.87,25.41,22.22,33.66,11.44,5.536572,,
315, 2024/5/3 19:40:13,314.75,16.17,23.61,22.19,22.14,--,--,--,--,23.86,25.38,22.14,33.68,11.54,5.569577,,
316, 2024/5/3 19:40:14,315.75,16.11,23.64,22.15,22.15,--,--,--,--,23.87,25.37,22.15,33.65,11.5,5.557103,,
317, 2024/5/3 19:40:15,316.75,16.15,23.61,22.15,22.16,--,--,--,--,23.86,25.37,22.15,33.66,11.51,5.563458,,
318, 2024/5/3 19:40:16,317.75,16.17,23.62,22.17,22.18,--,--,--,--,23.86,25.39,22.17,33.69,11.52,5.569541,,
319, 2024/5/3 19:40:17,318.75,16.14,23.61,22.18,22.14,--,--,--,--,23.86,25.37,22.14,33.65,11.51,5.556589,,
320, 2024/5/3 19:40:18,319.76,16.14,23.64,22.17,22.14,--,--,--,--,23.86,25.38,22.14,33.68,11.54,5.570077,,
321, 2024/5/3 19:40:19,320.76,16.17,23.62,22.16,22.17,--,--,--,--,23.87,25.39,22.16,33.69,11.53,5.573391,,
322, 2024/5/3 19:40:20,321.76,16.15,23.64,22.16,22.12,--,--,--,--,23.86,25.38,22.12,33.69,11.57,5.580849,,
323, 2024/5/3 19:40:21,322.76,16.2,23.63,22.16,22.11,--,--,--,--,23.87,25.38,22.11,33.73,11.62,5.603757,,
324, 2024/5/3 19:40:22,323.76,16.17,23.6,22.19,22.1,--,--,--,--,23.86,25.37,22.1,33.67,11.57,5.573512,,
325, 2024/5/3 19:40:23,324.76,16.17,23.61,22.18,22.14,--,--,--,--,23.87,25.38,22.14,33.68,11.54,5.571488,,
326, 2024/5/3 19:40:24,325.76,16.24,23.59,22.2,22.12,--,--,--,--,23.86,25.39,22.12,33.73,11.61,5.598646,,
327, 2024/5/3 19:40:25,326.77,16.2,23.61,22.15,22.14,--,--,--,--,23.87,25.38,22.14,33.71,11.57,5.592144,,
328, 2024/5/3 19:40:26,327.76,16.19,23.63,22.15,22.13,--,--,--,--,23.88,25.38,22.13,33.72,11.59,5.59683,,
329, 2024/5/3 19:40:27,328.77,16.23,23.6,22.1,22.09,--,--,--,--,23.86,25.36,22.09,33.73,11.64,5.622482,,
330, 2024/5/3 19:40:28,329.77,16.21,23.6,22.09,22.11,--,--,--,--,23.87,25.35,22.09,33.71,11.62,5.610621,,
331, 2024/5/3 19:40:29,330.77,16.21,23.61,22.13,22.15,--,--,--,--,23.87,25.38,22.13,33.72,11.59,5.599044,,
332, 2024/5/3 19:40:30,331.77,16.28,23.57,22.12,22.08,--,--,--,--,23.86,25.36,22.08,33.75,11.67,5.63383,,
333, 2024/5/3 19:40:31,332.77,16.29,23.56,22.09,22.08,--,--,--,--,23.86,25.35,22.08,33.75,11.67,5.640701,,
334, 2024/5/3 19:40:32,333.77,16.2,23.62,22.09,22.07,--,--,--,--,23.87,25.35,22.07,33.72,11.65,5.621145,,
335, 2024/5/3 19:40:33,334.78,16.28,23.58,21.98,22.05,--,--,--,--,23.86,25.32,21.98,33.76,11.78,5.670614,,
336, 2024/5/3 19:40:34,335.78,16.3,23.57,21.96,22.03,--,--,--,--,23.87,25.31,21.96,33.77,11.81,5.684426,,
337, 2024/5/3 19:40:35,336.78,16.28,23.59,21.93,21.97,--,--,--,--,23.87,25.29,21.93,33.77,11.84,5.69978,,
338, 2024/5/3 19:40:36,337.78,16.26,23.61,21.89,21.95,--,--,--,--,23.88,25.28,21.89,33.77,11.88,5.709466,,
339, 2024/5/3 19:40:37,338.78,16.26,23.61,21.87,21.91,--,--,--,--,23.86,25.27,21.87,33.77,11.9,5.721221,,
340, 2024/5/3 19:40:38,339.78,16.23,23.62,21.82,21.92,--,--,--,--,23.86,25.25,21.82,33.75,11.93,5.718295,,
341, 2024/5/3 19:40:39,340.79,16.27,23.59,21.83,21.9,--,--,--,--,23.87,25.25,21.83,33.76,11.93,5.728188,,
342, 2024/5/3 19:40:40,341.78,16.27,23.59,21.82,21.85,--,--,--,--,23.86,25.23,21.82,33.76,11.94,5.739945,,
343, 2024/5/3 19:40:41,342.79,16.29,23.58,21.81,21.85,--,--,--,--,23.86,25.23,21.81,33.77,11.96,5.747896,,
344, 2024/5/3 19:40:42,343.79,16.27,23.59,21.84,21.8,--,--,--,--,23.87,25.22,21.8,33.76,11.96,5.745873,,
345, 2024/5/3 19:40:43,344.79,16.3,23.59,21.85,21.77,--,--,--,--,23.87,25.23,21.77,33.79,12.02,5.764752,,
346, 2024/5/3 19:40:44,345.79,16.28,23.61,21.8,21.78,--,--,--,--,23.87,25.22,21.78,33.79,12.01,5.770586,,
347, 2024/5/3 19:40:45,346.79,16.34,23.57,21.8,21.78,--,--,--,--,23.87,25.22,21.78,33.81,12.03,5.784478,,
348, 2024/5/3 19:40:46,347.79,16.32,23.57,21.78,21.74,--,--,--,--,23.87,25.2,21.74,33.79,12.05,5.786448,,
349, 2024/5/3 19:40:47,348.8,16.33,23.57,21.78,21.71,--,--,--,--,23.86,25.19,21.71,33.8,12.09,5.797385,,
350, 2024/5/3 19:40:48,349.8,16.35,23.6,21.77,21.75,--,--,--,--,23.87,25.22,21.75,33.85,12.1,5.813164,,
351, 2024/5/3 19:40:49,350.8,16.33,23.57,21.77,21.74,--,--,--,--,23.87,25.2,21.74,33.8,12.06,5.793367,,
352, 2024/5/3 19:40:50,351.8,16.32,23.58,21.79,21.75,--,--,--,--,23.87,25.21,21.75,33.8,12.05,5.786446,,
353, 2024/5/3 19:40:51,352.8,16.38,23.54,21.79,21.72,--,--,--,--,23.86,25.19,21.72,33.82,12.1,5.806326,,
354, 2024/5/3 19:40:52,353.8,16.36,23.56,21.78,21.75,--,--,--,--,23.87,25.2,21.75,33.82,12.07,5.800313,,
355, 2024/5/3 19:40:53,354.8,16.32,23.6,21.77,21.75,--,--,--,--,23.87,25.21,21.75,33.82,12.07,5.798315,,
356, 2024/5/3 19:40:54,355.81,16.36,23.57,21.81,21.78,--,--,--,--,23.87,25.22,21.78,33.83,12.05,5.792418,,
357, 2024/5/3 19:40:55,356.81,16.39,23.57,21.86,21.82,--,--,--,--,23.87,25.25,21.82,33.86,12.04,5.789574,,
358, 2024/5/3 19:40:56,357.81,16.32,23.6,21.87,21.84,--,--,--,--,23.87,25.26,21.84,33.82,11.98,5.760777,,
359, 2024/5/3 19:40:57,358.81,16.37,23.59,21.88,21.87,--,--,--,--,23.87,25.28,21.87,33.86,11.99,5.773748,,
360, 2024/5/3 19:40:58,359.81,16.4,23.56,21.89,21.85,--,--,--,--,23.87,25.27,21.85,33.86,12.01,5.778838,,
361, 2024/5/3 19:40:59,360.81,16.38,23.58,21.91,21.9,--,--,--,--,23.87,25.29,21.9,33.86,11.96,5.763028,,
362, 2024/5/3 19:41:00,361.81,16.42,23.57,21.91,21.92,--,--,--,--,23.87,25.3,21.91,33.89,11.98,5.775047,,
363, 2024/5/3 19:41:01,362.81,16.39,23.6,21.92,21.93,--,--,--,--,23.87,25.31,21.92,33.89,11.97,5.767987,,
364, 2024/5/3 19:41:02,363.82,16.37,23.6,21.94,21.97,--,--,--,--,23.88,25.32,21.94,33.87,11.93,5.746356,,
365, 2024/5/3 19:41:03,364.82,16.41,23.59,21.95,21.95,--,--,--,--,23.87,25.32,21.95,33.9,11.95,5.76423,,
366, 2024/5/3 19:41:04,365.82,16.37,23.59,21.95,21.95,--,--,--,--,23.87,25.31,21.95,33.86,11.91,5.74439,,
367, 2024/5/3 19:41:05,366.82,16.39,23.59,21.94,21.9,--,--,--,--,23.86,25.3,21.9,33.88,11.98,5.766053,,
368, 2024/5/3 19:41:06,367.82,16.41,23.57,21.94,21.93,--,--,--,--,23.86,25.31,21.93,33.88,11.95,5.762284,,
369, 2024/5/3 19:41:07,368.82,16.44,23.53,21.96,21.95,--,--,--,--,23.86,25.3,21.95,33.87,11.92,5.753836,,
370, 2024/5/3 19:41:08,369.82,16.4,23.57,21.98,21.95,--,--,--,--,23.87,25.32,21.95,33.87,11.92,5.745651,,
371, 2024/5/3 19:41:09,370.82,16.44,23.53,22.01,21.94,--,--,--,--,23.87,25.31,21.94,33.87,11.93,5.746155,,
372, 2024/5/3 19:41:10,371.83,16.45,23.55,21.98,21.97,--,--,--,--,23.87,25.33,21.97,33.9,11.93,5.7588,,
373, 2024/5/3 19:41:11,372.83,16.44,23.57,22,21.97,--,--,--,--,23.87,25.34,21.97,33.91,11.94,5.757727,,
374, 2024/5/3 19:41:12,373.83,16.45,23.55,21.99,21.97,--,--,--,--,23.86,25.33,21.97,33.9,11.93,5.756865,,
375, 2024/5/3 19:41:13,374.83,16.45,23.55,21.98,21.97,--,--,--,--,23.87,25.33,21.97,33.9,11.93,5.7588,,
376, 2024/5/3 19:41:14,375.83,16.46,23.55,22,22.01,--,--,--,--,23.87,25.34,22,33.91,11.91,5.752143,,
377, 2024/5/3 19:41:15,376.83,16.45,23.56,21.98,22.01,--,--,--,--,23.87,25.34,21.98,33.91,11.93,5.754935,,
378, 2024/5/3 19:41:16,377.84,16.46,23.57,22.01,21.98,--,--,--,--,23.87,25.35,21.98,33.93,11.95,5.763774,,
379, 2024/5/3 19:41:17,378.84,16.53,23.53,22.01,22.02,--,--,--,--,23.88,25.36,22.01,33.96,11.95,5.775317,,
380, 2024/5/3 19:41:18,379.84,16.47,23.55,22.04,22.05,--,--,--,--,23.86,25.37,22.04,33.92,11.88,5.741662,,
381, 2024/5/3 19:41:19,380.84,16.52,23.54,22.07,22.01,--,--,--,--,23.87,25.37,22.01,33.96,11.95,5.764622,,
382, 2024/5/3 19:41:20,381.84,16.48,23.58,22.05,22.01,--,--,--,--,23.87,25.38,22.01,33.96,11.95,5.764027,,
383, 2024/5/3 19:41:21,382.84,16.51,23.54,22.05,22,--,--,--,--,23.87,25.36,22,33.95,11.95,5.76542,,
384, 2024/5/3 19:41:22,383.84,16.52,23.54,22.07,21.99,--,--,--,--,23.86,25.37,21.99,33.96,11.97,5.768515,,
385, 2024/5/3 19:41:23,384.84,16.5,23.55,22.03,22.02,--,--,--,--,23.86,25.36,22.02,33.95,11.93,5.764277,,
386, 2024/5/3 19:41:24,385.85,16.51,23.53,22.04,22.04,--,--,--,--,23.87,25.36,22.04,33.94,11.9,5.75575,,
387, 2024/5/3 19:41:25,386.85,16.52,23.56,22.04,22,--,--,--,--,23.86,25.37,22,33.98,11.98,5.780024,,
388, 2024/5/3 19:41:26,387.85,16.52,23.55,22.03,22,--,--,--,--,23.86,25.36,22,33.97,11.97,5.77808,,
389, 2024/5/3 19:41:27,388.85,16.58,23.53,22.03,21.99,--,--,--,--,23.87,25.37,21.99,34.01,12.02,5.802097,,
390, 2024/5/3 19:41:28,389.85,16.58,23.55,22.02,22.05,--,--,--,--,23.87,25.39,22.02,34.03,12.01,5.800161,,
391, 2024/5/3 19:41:29,390.85,16.54,23.54,22.06,22,--,--,--,--,23.86,25.37,22,33.98,11.98,5.778409,,
392, 2024/5/3 19:41:30,391.86,16.52,23.57,22.06,21.99,--,--,--,--,23.87,25.38,21.99,33.99,12,5.782004,,
393, 2024/5/3 19:41:31,392.86,16.57,23.55,22.04,22.04,--,--,--,--,23.87,25.39,22.04,34.02,11.98,5.793257,,
394, 2024/5/3 19:41:32,393.86,16.55,23.54,22.07,22.06,--,--,--,--,23.87,25.39,22.06,33.99,11.93,5.76986,,
395, 2024/5/3 19:41:33,394.86,16.56,23.55,22.04,22.02,--,--,--,--,23.87,25.38,22.02,34.01,11.99,5.792147,,
396, 2024/5/3 19:41:34,395.86,16.57,23.54,22.06,22.03,--,--,--,--,23.87,25.39,22.03,34.01,11.98,5.787494,,
397, 2024/5/3 19:41:35,396.86,16.56,23.54,22.09,22.05,--,--,--,--,23.86,25.4,22.05,34,11.95,5.772929,,
398, 2024/5/3 19:41:36,397.86,16.58,23.54,22.03,22.03,--,--,--,--,23.86,25.38,22.03,34.02,11.99,5.798225,,
399, 2024/5/3 19:41:37,398.86,16.53,23.57,22.04,22.02,--,--,--,--,23.87,25.38,22.02,34,11.98,5.784971,,
400, 2024/5/3 19:41:38,399.87,16.63,23.5,22.04,22.06,--,--,--,--,23.87,25.38,22.04,34.03,11.99,5.800024,,
401, 2024/5/3 19:41:39,400.87,16.61,23.53,22.06,22.01,--,--,--,--,23.87,25.39,22.01,34.04,12.03,5.80739,,
402, 2024/5/3 19:41:40,401.87,16.59,23.55,22.06,22,--,--,--,--,23.87,25.39,22,34.04,12.04,5.807096,,
403, 2024/5/3 19:41:41,402.87,16.63,23.5,22.02,22.02,--,--,--,--,23.86,25.37,22.02,34.03,12.01,5.811524,,
404, 2024/5/3 19:41:42,403.87,16.62,23.52,22.01,21.99,--,--,--,--,23.87,25.37,21.99,34.04,12.05,5.821951,,
405, 2024/5/3 19:41:43,404.87,16.61,23.53,22.03,22,--,--,--,--,23.86,25.38,22,34.04,12.04,5.815064,,
406, 2024/5/3 19:41:44,405.87,16.58,23.56,22.05,21.98,--,--,--,--,23.87,25.38,21.98,34.04,12.06,5.811797,,
407, 2024/5/3 19:41:45,406.88,16.6,23.53,22.01,21.99,--,--,--,--,23.88,25.37,21.99,34.03,12.04,5.81587,,
408, 2024/5/3 19:41:46,407.88,16.64,23.52,22.05,21.97,--,--,--,--,23.87,25.38,21.97,34.06,12.09,5.828121,,
409, 2024/5/3 19:41:47,408.88,16.64,23.55,22.05,21.98,--,--,--,--,23.88,25.39,21.98,34.09,12.11,5.837729,,
410, 2024/5/3 19:41:48,409.88,16.66,23.51,22.01,22,--,--,--,--,23.86,25.37,22,34.07,12.07,5.83604,,
411, 2024/5/3 19:41:49,410.88,16.67,23.53,22.02,22.02,--,--,--,--,23.88,25.39,22.02,34.1,12.08,5.84293,,
412, 2024/5/3 19:41:50,411.88,16.63,23.54,22.03,22.03,--,--,--,--,23.88,25.39,22.03,34.07,12.04,5.82306,,
413, 2024/5/3 19:41:51,412.89,16.61,23.54,22.03,22,--,--,--,--,23.87,25.38,22,34.05,12.05,5.818918,,
414, 2024/5/3 19:41:52,413.88,16.65,23.51,22,21.99,--,--,--,--,23.87,25.37,21.99,34.06,12.07,5.834922,,
415, 2024/5/3 19:41:53,414.89,16.66,23.52,21.97,21.98,--,--,--,--,23.86,25.36,21.97,34.08,12.11,5.851454,,
416, 2024/5/3 19:41:54,415.89,16.66,23.52,21.98,21.94,--,--,--,--,23.87,25.36,21.94,34.08,12.14,5.857267,,
417, 2024/5/3 19:41:55,416.89,16.63,23.55,21.97,21.95,--,--,--,--,23.86,25.36,21.95,34.08,12.13,5.853964,,
418, 2024/5/3 19:41:56,417.89,16.69,23.49,21.96,21.93,--,--,--,--,23.87,25.34,21.93,34.08,12.15,5.866362,,
419, 2024/5/3 19:41:57,418.89,16.65,23.55,21.97,21.92,--,--,--,--,23.87,25.36,21.92,34.1,12.18,5.869736,,
420, 2024/5/3 19:41:58,419.89,16.68,23.53,21.96,21.96,--,--,--,--,23.88,25.37,21.96,34.11,12.15,5.87104,,
421, 2024/5/3 19:41:59,420.89,16.65,23.53,21.95,21.93,--,--,--,--,23.87,25.35,21.93,34.08,12.15,5.863892,,
422, 2024/5/3 19:42:00,421.9,16.65,23.54,21.96,21.96,--,--,--,--,23.87,25.36,21.96,34.09,12.13,5.860013,,
423, 2024/5/3 19:42:01,422.9,16.71,23.52,21.95,21.96,--,--,--,--,23.87,25.37,21.95,34.13,12.18,5.884002,,
424, 2024/5/3 19:42:02,423.9,16.71,23.51,22,22.02,--,--,--,--,23.87,25.39,22,34.12,12.12,5.85896,,
425, 2024/5/3 19:42:03,424.9,16.68,23.52,22.03,22.09,--,--,--,--,23.86,25.41,22.03,34.1,12.07,5.828751,,
426, 2024/5/3 19:42:04,425.9,16.71,23.5,22.09,22.07,--,--,--,--,23.87,25.42,22.07,34.11,12.04,5.828321,,
427, 2024/5/3 19:42:05,426.9,16.68,23.53,22.08,22.12,--,--,--,--,23.87,25.44,22.08,34.11,12.03,5.817243,,
428, 2024/5/3 19:42:06,427.91,16.69,23.53,22.09,22.08,--,--,--,--,23.86,25.43,22.08,34.12,12.04,5.827926,,
429, 2024/5/3 19:42:07,428.91,16.71,23.54,22.14,22.12,--,--,--,--,23.86,25.46,22.12,34.15,12.03,5.824505,,
430, 2024/5/3 19:42:08,429.91,16.73,23.51,22.11,22.1,--,--,--,--,23.86,25.44,22.1,34.14,12.04,5.832533,,
431, 2024/5/3 19:42:09,430.91,16.71,23.5,22.13,22.1,--,--,--,--,23.87,25.44,22.1,34.11,12.01,5.814986,,
432, 2024/5/3 19:42:10,431.91,16.77,23.48,22.15,22.1,--,--,--,--,23.87,25.45,22.1,34.15,12.05,5.83345,,
433, 2024/5/3 19:42:11,432.91,16.75,23.5,22.14,22.1,--,--,--,--,23.87,25.45,22.1,34.15,12.05,5.832985,,
434, 2024/5/3 19:42:12,433.91,16.73,23.53,22.13,22.11,--,--,--,--,23.86,25.46,22.11,34.16,12.05,5.834447,,
435, 2024/5/3 19:42:13,434.91,16.7,23.54,22.14,22.1,--,--,--,--,23.88,25.46,22.1,34.14,12.04,5.823364,,
436, 2024/5/3 19:42:14,435.92,16.76,23.52,22.12,22.15,--,--,--,--,23.87,25.47,22.12,34.18,12.06,5.839849,,
437, 2024/5/3 19:42:15,436.92,16.77,23.5,22.09,22.12,--,--,--,--,23.86,25.45,22.09,34.17,12.08,5.848625,,
438, 2024/5/3 19:42:16,437.92,16.79,23.49,22.11,22.16,--,--,--,--,23.87,25.46,22.11,34.18,12.07,5.843395,,
439, 2024/5/3 19:42:17,438.92,16.77,23.5,22.16,22.16,--,--,--,--,23.87,25.47,22.16,34.17,12.01,5.827722,,
440, 2024/5/3 19:42:18,439.92,16.74,23.52,22.21,22.17,--,--,--,--,23.87,25.49,22.17,34.16,11.99,5.809035,,
441, 2024/5/3 19:42:19,440.92,16.76,23.5,22.19,22.18,--,--,--,--,23.87,25.48,22.18,34.16,11.98,5.813288,,
442, 2024/5/3 19:42:20,441.93,16.78,23.49,22.18,22.16,--,--,--,--,23.86,25.48,22.16,34.17,12.01,5.82513,,
443, 2024/5/3 19:42:21,442.92,16.74,23.55,22.17,22.19,--,--,--,--,23.87,25.5,22.17,34.19,12.02,5.824191,,
444, 2024/5/3 19:42:22,443.93,16.75,23.53,22.22,22.17,--,--,--,--,23.87,25.5,22.17,34.18,12.01,5.815916,,
445, 2024/5/3 19:42:23,444.93,16.81,23.47,22.23,22.14,--,--,--,--,23.86,25.48,22.14,34.18,12.04,5.826955,,
446, 2024/5/3 19:42:24,445.93,16.73,23.55,22.16,22.16,--,--,--,--,23.87,25.49,22.16,34.18,12.02,5.82682,,
447, 2024/5/3 19:42:25,446.93,16.83,23.48,22.21,22.17,--,--,--,--,23.86,25.49,22.17,34.21,12.04,5.838703,,
448, 2024/5/3 19:42:26,447.93,16.79,23.51,22.23,22.21,--,--,--,--,23.87,25.51,22.21,34.2,11.99,5.818776,,
449, 2024/5/3 19:42:27,448.94,16.76,23.51,22.25,22.19,--,--,--,--,23.86,25.51,22.19,34.17,11.98,5.80389,,
450, 2024/5/3 19:42:28,449.93,16.83,23.49,22.25,22.24,--,--,--,--,23.87,25.53,22.24,34.22,11.98,5.821742,,
451, 2024/5/3 19:42:29,450.94,16.77,23.53,22.28,22.22,--,--,--,--,23.87,25.53,22.22,34.2,11.98,5.805097,,
452, 2024/5/3 19:42:30,451.94,16.81,23.51,22.29,22.19,--,--,--,--,23.87,25.53,22.19,34.22,12.03,5.821329,,
453, 2024/5/3 19:42:31,452.94,16.83,23.49,22.25,22.19,--,--,--,--,23.87,25.51,22.19,34.22,12.03,5.831192,,
454, 2024/5/3 19:42:32,453.94,16.79,23.52,22.26,22.2,--,--,--,--,23.87,25.52,22.2,34.21,12.01,5.818822,,
455, 2024/5/3 19:42:33,454.94,16.89,23.48,22.27,22.19,--,--,--,--,23.88,25.53,22.19,34.27,12.08,5.853584,,
456, 2024/5/3 19:42:34,455.94,16.85,23.5,22.25,22.16,--,--,--,--,23.87,25.52,22.16,34.25,12.09,5.850633,,
457, 2024/5/3 19:42:35,456.95,16.85,23.49,22.26,22.17,--,--,--,--,23.88,25.52,22.17,34.24,12.07,5.843095,,
458, 2024/5/3 19:42:36,457.95,16.81,23.53,22.25,22.19,--,--,--,--,23.87,25.53,22.19,34.24,12.05,5.836325,,
459, 2024/5/3 19:42:37,458.95,16.85,23.5,22.25,22.19,--,--,--,--,23.87,25.52,22.19,34.25,12.06,5.844915,,
460, 2024/5/3 19:42:38,459.95,16.82,23.5,22.25,22.19,--,--,--,--,23.87,25.52,22.19,34.22,12.03,5.829982,,
461, 2024/5/3 19:42:39,460.95,16.9,23.46,22.28,22.24,--,--,--,--,23.87,25.54,22.24,34.26,12.02,5.839755,,
462, 2024/5/3 19:42:40,461.95,16.82,23.51,22.3,22.2,--,--,--,--,23.87,25.54,22.2,34.23,12.03,5.822545,,
463, 2024/5/3 19:42:41,462.95,16.85,23.51,22.26,22.21,--,--,--,--,23.87,25.54,22.21,34.26,12.05,5.843013,,
464, 2024/5/3 19:42:42,463.96,16.86,23.53,22.28,22.21,--,--,--,--,23.88,25.55,22.21,34.29,12.08,5.851795,,
465, 2024/5/3 19:42:43,464.96,16.88,23.5,22.25,22.24,--,--,--,--,23.87,25.54,22.24,34.28,12.04,5.850391,,
466, 2024/5/3 19:42:44,465.96,16.91,23.46,22.25,22.22,--,--,--,--,23.86,25.53,22.22,34.27,12.05,5.854086,,
467, 2024/5/3 19:42:45,466.96,16.84,23.53,22.25,22.23,--,--,--,--,23.88,25.55,22.23,34.27,12.04,5.843662,,
468, 2024/5/3 19:42:46,467.96,16.94,23.46,22.26,22.2,--,--,--,--,23.86,25.53,22.2,34.3,12.1,5.870934,,
469, 2024/5/3 19:42:47,468.96,16.96,23.46,22.27,22.23,--,--,--,--,23.87,25.55,22.23,34.32,12.09,5.873379,,
470, 2024/5/3 19:42:48,469.96,16.91,23.5,22.28,22.24,--,--,--,--,23.87,25.56,22.24,34.31,12.07,5.859717,,
471, 2024/5/3 19:42:49,470.97,16.92,23.48,22.27,22.25,--,--,--,--,23.88,25.55,22.25,34.3,12.05,5.857185,,
472, 2024/5/3 19:42:50,471.97,16.9,23.5,22.25,22.23,--,--,--,--,23.87,25.55,22.23,34.3,12.07,5.862234,,
473, 2024/5/3 19:42:51,472.97,16.89,23.48,22.31,22.23,--,--,--,--,23.87,25.55,22.23,34.27,12.04,5.83859,,
474, 2024/5/3 19:42:52,473.97,16.93,23.48,22.28,22.23,--,--,--,--,23.88,25.55,22.23,34.31,12.08,5.864066,,
475, 2024/5/3 19:42:53,474.97,16.88,23.5,22.29,22.23,--,--,--,--,23.86,25.55,22.23,34.28,12.05,5.844809,,
476, 2024/5/3 19:42:54,475.97,16.9,23.47,22.3,22.21,--,--,--,--,23.87,25.54,22.21,34.27,12.06,5.845464,,
477, 2024/5/3 19:42:55,476.97,16.89,23.5,22.28,22.24,--,--,--,--,23.87,25.55,22.24,34.29,12.05,5.849762,,
478, 2024/5/3 19:42:56,477.97,16.92,23.47,22.3,22.25,--,--,--,--,23.87,25.55,22.25,34.29,12.04,5.847864,,
479, 2024/5/3 19:42:57,478.97,16.97,23.47,22.3,22.28,--,--,--,--,23.87,25.57,22.28,34.34,12.06,5.867136,,
480, 2024/5/3 19:42:58,479.98,16.93,23.49,22.3,22.26,--,--,--,--,23.87,25.57,22.26,34.32,12.06,5.858438,,
481, 2024/5/3 19:42:59,480.98,16.94,23.47,22.31,22.27,--,--,--,--,23.86,25.57,22.27,34.31,12.04,5.852209,,
482, 2024/5/3 19:43:00,481.98,16.92,23.48,22.32,22.27,--,--,--,--,23.87,25.57,22.27,34.3,12.03,5.844129,,
483, 2024/5/3 19:43:01,482.98,16.91,23.49,22.31,22.26,--,--,--,--,23.87,25.57,22.26,34.3,12.04,5.84662,,
484, 2024/5/3 19:43:02,483.98,16.93,23.49,22.32,22.27,--,--,--,--,23.87,25.58,22.27,34.32,12.05,5.852842,,
485, 2024/5/3 19:43:03,484.99,16.93,23.5,22.33,22.28,--,--,--,--,23.86,25.59,22.28,34.33,12.05,5.852846,,
486, 2024/5/3 19:43:04,485.98,17,23.45,22.34,22.28,--,--,--,--,23.87,25.58,22.28,34.35,12.07,5.867235,,
487, 2024/5/3 19:43:05,486.99,16.98,23.47,22.32,22.27,--,--,--,--,23.87,25.58,22.27,34.35,12.08,5.87028,,
488, 2024/5/3 19:43:06,487.99,16.95,23.5,22.32,22.3,--,--,--,--,23.87,25.59,22.3,34.35,12.05,5.860906,,
489, 2024/5/3 19:43:07,488.99,16.94,23.5,22.33,22.27,--,--,--,--,23.87,25.59,22.27,34.34,12.07,5.859707,,
490, 2024/5/3 19:43:08,489.99,16.96,23.47,22.33,22.26,--,--,--,--,23.86,25.57,22.26,34.33,12.07,5.860356,,
491, 2024/5/3 19:43:09,490.99,16.94,23.5,22.34,22.3,--,--,--,--,23.87,25.6,22.3,34.34,12.04,5.852211,,
492, 2024/5/3 19:43:10,492,16.99,23.47,22.33,22.27,--,--,--,--,23.86,25.58,22.27,34.36,12.09,5.873416,,
493, 2024/5/3 19:43:11,493,16.98,23.49,22.35,22.28,--,--,--,--,23.88,25.6,22.28,34.37,12.09,5.870317,,
494, 2024/5/3 19:43:12,494,16.98,23.48,22.35,22.31,--,--,--,--,23.87,25.6,22.31,34.36,12.05,5.860962,,
495, 2024/5/3 19:43:13,495,16.96,23.49,22.34,22.3,--,--,--,--,23.88,25.6,22.3,34.35,12.05,5.858442,,
496, 2024/5/3 19:43:14,496,16.98,23.48,22.34,22.28,--,--,--,--,23.86,25.59,22.28,34.36,12.08,5.868435,,
497, 2024/5/3 19:43:15,497,16.99,23.48,22.33,22.29,--,--,--,--,23.87,25.59,22.29,34.37,12.08,5.873391,,
498, 2024/5/3 19:43:16,498,16.96,23.5,22.37,22.26,--,--,--,--,23.87,25.6,22.26,34.36,12.1,5.864187,,
499, 2024/5/3 19:43:17,499,17.02,23.46,22.36,22.29,--,--,--,--,23.87,25.6,22.29,34.38,12.09,5.875365,,
500, 2024/5/3 19:43:18,500.01,16.97,23.49,22.33,22.27,--,--,--,--,23.87,25.59,22.27,34.36,12.09,5.870912,,
501, 2024/5/3 19:43:19,501.01,17,23.48,22.34,22.28,--,--,--,--,23.87,25.6,22.28,34.38,12.1,5.8784,,
502, 2024/5/3 19:43:20,502.01,16.98,23.5,22.29,22.35,--,--,--,--,23.87,25.61,22.29,34.38,12.09,5.872165,,
503, 2024/5/3 19:43:21,503.01,17,23.48,22.31,22.3,--,--,--,--,23.87,25.59,22.3,34.38,12.08,5.880215,,
504, 2024/5/3 19:43:22,504.01,16.96,23.52,22.29,22.31,--,--,--,--,23.88,25.6,22.29,34.38,12.09,5.877104,,
505, 2024/5/3 19:43:23,505.01,17.02,23.46,22.25,22.26,--,--,--,--,23.86,25.56,22.25,34.38,12.13,5.90137,,
506, 2024/5/3 19:43:24,506.01,17.04,23.48,22.26,22.26,--,--,--,--,23.87,25.58,22.26,34.42,12.16,5.916937,,
507, 2024/5/3 19:43:25,507.02,17,23.47,22.28,22.27,--,--,--,--,23.86,25.57,22.27,34.37,12.1,5.887673,,
508, 2024/5/3 19:43:26,508.02,17.03,23.46,22.28,22.24,--,--,--,--,23.87,25.57,22.24,34.39,12.15,5.904501,,
509, 2024/5/3 19:43:27,509.02,17.02,23.5,22.3,22.28,--,--,--,--,23.87,25.6,22.28,34.42,12.14,5.903244,,
510, 2024/5/3 19:43:28,510.02,16.97,23.49,22.31,22.35,--,--,--,--,23.87,25.6,22.31,34.36,12.05,5.8597,,
511, 2024/5/3 19:43:29,511.02,17.03,23.47,22.36,22.35,--,--,--,--,23.88,25.62,22.35,34.4,12.05,5.872859,,
512, 2024/5/3 19:43:30,512.02,16.98,23.52,22.35,22.37,--,--,--,--,23.87,25.64,22.35,34.4,12.05,5.864666,,
513, 2024/5/3 19:43:31,513.02,17.04,23.48,22.39,22.39,--,--,--,--,23.88,25.65,22.39,34.42,12.03,5.868587,,
514, 2024/5/3 19:43:32,514.02,16.99,23.49,22.39,22.4,--,--,--,--,23.87,25.64,22.39,34.38,11.99,5.845517,,
515, 2024/5/3 19:43:33,515.03,17.01,23.48,22.35,22.36,--,--,--,--,23.86,25.62,22.35,34.39,12.04,5.8666,,
516, 2024/5/3 19:43:34,516.03,17.06,23.5,22.32,22.36,--,--,--,--,23.88,25.64,22.32,34.46,12.14,5.904539,,
517, 2024/5/3 19:43:35,517.03,17.02,23.48,22.24,22.31,--,--,--,--,23.88,25.58,22.24,34.4,12.16,5.901439,,
518, 2024/5/3 19:43:36,518.03,17.04,23.48,22.22,22.29,--,--,--,--,23.87,25.58,22.22,34.42,12.2,5.918877,,
519, 2024/5/3 19:43:37,519.03,17.05,23.47,22.23,22.22,--,--,--,--,23.87,25.56,22.22,34.42,12.2,5.931279,,
520, 2024/5/3 19:43:38,520.03,17.05,23.49,22.17,22.16,--,--,--,--,23.88,25.54,22.16,34.44,12.28,5.961369,,
521, 2024/5/3 19:43:39,521.04,17.06,23.47,22.08,22.09,--,--,--,--,23.87,25.49,22.08,34.43,12.35,5.989048,,
522, 2024/5/3 19:43:40,522.03,17.11,23.46,22.07,22.01,--,--,--,--,23.87,25.48,22.01,34.47,12.46,6.02726,,
523, 2024/5/3 19:43:41,523.04,17.06,23.49,22.01,22,--,--,--,--,23.87,25.46,22,34.45,12.45,6.027137,,
524, 2024/5/3 19:43:42,524.04,17.07,23.47,22.05,21.96,--,--,--,--,23.87,25.46,21.96,34.44,12.48,6.024573,,
525, 2024/5/3 19:43:43,525.04,17.06,23.5,22.01,21.95,--,--,--,--,23.88,25.46,21.95,34.46,12.51,6.040589,,
526, 2024/5/3 19:43:44,526.04,17.07,23.5,22,21.93,--,--,--,--,23.87,25.45,21.93,34.47,12.54,6.051333,,
527, 2024/5/3 19:43:45,527.04,17.1,23.46,21.99,21.94,--,--,--,--,23.87,25.44,21.94,34.46,12.52,6.050876,,
528, 2024/5/3 19:43:46,528.04,17.09,23.49,21.97,21.9,--,--,--,--,23.88,25.44,21.9,34.48,12.58,6.06895,,
529, 2024/5/3 19:43:47,529.05,17.15,23.45,21.95,21.87,--,--,--,--,23.87,25.42,21.87,34.5,12.63,6.093019,,
530, 2024/5/3 19:43:48,530.05,17.1,23.48,21.96,21.85,--,--,--,--,23.87,25.42,21.85,34.48,12.63,6.081713,,
531, 2024/5/3 19:43:49,531.05,17.12,23.46,21.96,21.86,--,--,--,--,23.88,25.42,21.86,34.48,12.62,6.082003,,
532, 2024/5/3 19:43:50,532.05,17.08,23.5,21.9,21.84,--,--,--,--,23.87,25.41,21.84,34.48,12.64,6.092889,,
533, 2024/5/3 19:43:51,533.05,17.11,23.46,21.95,21.84,--,--,--,--,23.87,25.41,21.84,34.47,12.63,6.082832,,
534, 2024/5/3 19:43:52,534.05,17.11,23.5,21.9,21.87,--,--,--,--,23.87,25.42,21.87,34.51,12.64,6.101949,,
535, 2024/5/3 19:43:53,535.05,17.13,23.46,21.9,21.85,--,--,--,--,23.86,25.4,21.85,34.49,12.64,6.100333,,
536, 2024/5/3 19:43:54,536.05,17.12,23.48,21.95,21.87,--,--,--,--,23.88,25.43,21.87,34.5,12.63,6.089644,,
537, 2024/5/3 19:43:55,537.06,17.11,23.49,21.9,21.9,--,--,--,--,23.87,25.42,21.9,34.5,12.6,6.092292,,
538, 2024/5/3 19:43:56,538.06,17.07,23.49,21.93,21.88,--,--,--,--,23.87,25.42,21.88,34.46,12.58,6.070533,,
539, 2024/5/3 19:43:57,539.06,17.12,23.47,21.95,21.93,--,--,--,--,23.87,25.44,21.93,34.49,12.56,6.074193,,
540, 2024/5/3 19:43:58,540.06,17.14,23.47,21.96,21.96,--,--,--,--,23.88,25.45,21.96,34.51,12.55,6.07646,,
541, 2024/5/3 19:43:59,541.06,17.11,23.48,21.95,21.9,--,--,--,--,23.87,25.43,21.9,34.49,12.59,6.078855,,
542, 2024/5/3 19:44:00,542.06,17.08,23.48,21.92,21.9,--,--,--,--,23.88,25.42,21.9,34.46,12.56,6.069694,,
543, 2024/5/3 19:44:01,543.06,17.17,23.46,21.92,21.89,--,--,--,--,23.87,25.43,21.89,34.53,12.64,6.10864,,
544, 2024/5/3 19:44:02,544.07,17.07,23.5,21.95,21.87,--,--,--,--,23.87,25.42,21.87,34.47,12.6,6.072515,,
545, 2024/5/3 19:44:03,545.07,17.14,23.47,21.9,21.88,--,--,--,--,23.87,25.42,21.88,34.51,12.63,6.103344,,
546, 2024/5/3 19:44:04,546.07,17.1,23.51,21.92,21.87,--,--,--,--,23.87,25.43,21.87,34.51,12.64,6.097004,,
547, 2024/5/3 19:44:05,547.07,17.14,23.47,21.94,21.88,--,--,--,--,23.87,25.43,21.88,34.51,12.63,6.095693,,
548, 2024/5/3 19:44:06,548.07,17.14,23.48,22,21.96,--,--,--,--,23.88,25.47,21.96,34.52,12.56,6.072657,,
549, 2024/5/3 19:44:07,549.07,17.16,23.46,21.98,21.97,--,--,--,--,23.88,25.46,21.97,34.52,12.55,6.076843,,
550, 2024/5/3 19:44:08,550.08,17.16,23.47,22.03,21.95,--,--,--,--,23.87,25.47,21.95,34.53,12.58,6.075017,,
551, 2024/5/3 19:44:09,551.08,17.13,23.49,22.01,21.98,--,--,--,--,23.87,25.48,21.98,34.52,12.54,6.065763,,
552, 2024/5/3 19:44:10,552.08,17.18,23.46,22.06,21.99,--,--,--,--,23.87,25.49,21.99,34.54,12.55,6.067794,,
553, 2024/5/3 19:44:11,553.08,17.19,23.45,22.06,21.99,--,--,--,--,23.88,25.49,21.99,34.54,12.55,6.068965,,
554, 2024/5/3 19:44:12,554.08,17.17,23.49,22.04,22,--,--,--,--,23.87,25.5,22,34.56,12.56,6.076107,,
555, 2024/5/3 19:44:13,555.08,17.2,23.46,22.11,22.06,--,--,--,--,23.88,25.52,22.06,34.56,12.5,6.05494,,
556, 2024/5/3 19:44:14,556.08,17.22,23.45,22.11,22.02,--,--,--,--,23.87,25.51,22.02,34.57,12.55,6.068751,,
557, 2024/5/3 19:44:15,557.09,17.17,23.48,22.08,22.06,--,--,--,--,23.87,25.52,22.06,34.55,12.49,6.053254,,
558, 2024/5/3 19:44:16,558.09,17.22,23.48,22.1,22.07,--,--,--,--,23.88,25.54,22.07,34.6,12.53,6.072443,,
559, 2024/5/3 19:44:17,559.09,17.24,23.45,22.1,22.08,--,--,--,--,23.87,25.53,22.08,34.59,12.51,6.069141,,
560, 2024/5/3 19:44:18,560.09,17.19,23.48,22.1,22.1,--,--,--,--,23.87,25.54,22.1,34.57,12.47,6.051822,,
561, 2024/5/3 19:44:19,561.09,17.27,23.43,22.14,22.09,--,--,--,--,23.87,25.54,22.09,34.6,12.51,6.067129,,
562, 2024/5/3 19:44:20,562.09,17.25,23.48,22.12,22.08,--,--,--,--,23.88,25.55,22.08,34.63,12.55,6.081696,,
563, 2024/5/3 19:44:21,563.09,17.23,23.46,22.13,22.07,--,--,--,--,23.87,25.54,22.07,34.59,12.52,6.06421,,
564, 2024/5/3 19:44:22,564.1,17.23,23.46,22.1,22.08,--,--,--,--,23.87,25.53,22.08,34.59,12.51,6.067946,,
565, 2024/5/3 19:44:23,565.09,17.26,23.48,22.04,22.09,--,--,--,--,23.86,25.54,22.04,34.64,12.6,6.099948,,
566, 2024/5/3 19:44:24,566.1,17.28,23.46,22.11,22.08,--,--,--,--,23.88,25.55,22.08,34.64,12.56,6.09094,,
567, 2024/5/3 19:44:25,567.1,17.26,23.49,22.08,22.1,--,--,--,--,23.88,25.56,22.08,34.65,12.57,6.094228,,
568, 2024/5/3 19:44:26,568.1,17.27,23.46,22.14,22.08,--,--,--,--,23.87,25.55,22.08,34.63,12.55,6.080336,,
569, 2024/5/3 19:44:27,569.1,17.31,23.43,22.14,22.09,--,--,--,--,23.87,25.55,22.09,34.64,12.55,6.08704,,
570, 2024/5/3 19:44:28,570.1,17.28,23.47,22.1,22.07,--,--,--,--,23.87,25.55,22.07,34.65,12.58,6.098504,,
571, 2024/5/3 19:44:29,571.11,17.33,23.45,22.09,22.06,--,--,--,--,23.87,25.55,22.06,34.68,12.62,6.1196,,
572, 2024/5/3 19:44:30,572.11,17.33,23.43,22.09,22.03,--,--,--,--,23.86,25.53,22.03,34.66,12.63,6.117745,,
573, 2024/5/3 19:44:31,573.11,17.31,23.47,22.1,22.02,--,--,--,--,23.88,25.54,22.02,34.68,12.66,6.122974,,
574, 2024/5/3 19:44:32,574.11,17.34,23.46,22.07,21.99,--,--,--,--,23.87,25.53,21.99,34.7,12.71,6.145488,,
575, 2024/5/3 19:44:33,575.11,17.33,23.45,22.04,22,--,--,--,--,23.87,25.52,22,34.68,12.68,6.140447,,
576, 2024/5/3 19:44:34,576.11,17.33,23.44,22.04,22,--,--,--,--,23.87,25.51,22,34.67,12.67,6.136651,,
577, 2024/5/3 19:44:35,577.11,17.32,23.46,22.01,22.02,--,--,--,--,23.87,25.52,22.01,34.68,12.67,6.141153,,
578, 2024/5/3 19:44:36,578.11,17.33,23.47,22.07,22.04,--,--,--,--,23.88,25.55,22.04,34.7,12.66,6.134746,,
579, 2024/5/3 19:44:37,579.11,17.32,23.46,22.1,22.03,--,--,--,--,23.87,25.54,22.03,34.68,12.65,6.122244,,
580, 2024/5/3 19:44:38,580.12,17.32,23.46,22.07,22.07,--,--,--,--,23.87,25.55,22.07,34.68,12.61,6.120286,,
581, 2024/5/3 19:44:39,581.12,17.37,23.44,22.03,22.02,--,--,--,--,23.87,25.53,22.02,34.71,12.69,6.154633,,
582, 2024/5/3 19:44:40,582.12,17.35,23.45,22.06,22.03,--,--,--,--,23.87,25.54,22.03,34.7,12.67,6.140905,,
583, 2024/5/3 19:44:41,583.12,17.38,23.46,22.08,22.04,--,--,--,--,23.87,25.56,22.04,34.74,12.7,6.153944,,
584, 2024/5/3 19:44:42,584.12,17.38,23.46,22.09,22.02,--,--,--,--,23.87,25.55,22.02,34.74,12.72,6.155883,,
585, 2024/5/3 19:44:43,585.12,17.33,23.47,22.07,22.01,--,--,--,--,23.87,25.54,22.01,34.7,12.69,6.140476,,
586, 2024/5/3 19:44:44,586.13,17.34,23.46,22.07,22,--,--,--,--,23.87,25.53,22,34.7,12.7,6.143569,,
587, 2024/5/3 19:44:45,587.13,17.4,23.44,22.06,22.03,--,--,--,--,23.87,25.54,22.03,34.74,12.71,6.161993,,
588, 2024/5/3 19:44:46,588.13,17.42,23.42,22.08,22.03,--,--,--,--,23.87,25.54,22.03,34.74,12.71,6.160629,,
589, 2024/5/3 19:44:47,589.13,17.4,23.44,22.08,22.01,--,--,--,--,23.87,25.54,22.01,34.74,12.73,6.162047,,
590, 2024/5/3 19:44:48,590.13,17.36,23.46,22.11,22.03,--,--,--,--,23.87,25.56,22.03,34.72,12.69,6.140275,,
591, 2024/5/3 19:44:49,591.13,17.37,23.48,22.08,22.06,--,--,--,--,23.88,25.57,22.06,34.75,12.69,6.152742,,
592, 2024/5/3 19:44:50,592.13,17.37,23.45,22.09,22,--,--,--,--,23.87,25.54,22,34.72,12.72,6.150953,,
593, 2024/5/3 19:44:51,593.14,17.36,23.47,22.11,22.07,--,--,--,--,23.88,25.57,22.07,34.73,12.66,6.136425,,
594, 2024/5/3 19:44:52,594.14,17.36,23.47,22.11,22.07,--,--,--,--,23.88,25.57,22.07,34.73,12.66,6.136425,,
595, 2024/5/3 19:44:53,595.14,17.43,23.44,22.13,22.09,--,--,--,--,23.88,25.58,22.09,34.77,12.68,6.152405,,
596, 2024/5/3 19:44:54,596.14,17.41,23.47,22.14,22.05,--,--,--,--,23.88,25.59,22.05,34.78,12.73,6.159503,,
597, 2024/5/3 19:44:55,597.14,17.42,23.45,22.12,22.06,--,--,--,--,23.87,25.58,22.06,34.77,12.71,6.158757,,
598, 2024/5/3 19:44:56,598.14,17.47,23.42,22.1,22.06,--,--,--,--,23.87,25.57,22.06,34.79,12.73,6.176079,,
599, 2024/5/3 19:44:57,599.14,17.4,23.46,22.1,22.07,--,--,--,--,23.87,25.57,22.07,34.76,12.69,6.154429,,
600, 2024/5/3 19:44:58,600.15,17.46,23.43,22.11,22.08,--,--,--,--,23.86,25.58,22.08,34.79,12.71,6.169209,,
601, 2024/5/3 19:44:59,601.14,17.44,23.44,22.12,22.09,--,--,--,--,23.87,25.58,22.09,34.78,12.69,6.159255,,
602, 2024/5/3 19:45:00,602.15,17.41,23.45,22.13,22.16,--,--,--,--,23.88,25.6,22.13,34.76,12.63,6.13304,,
603, 2024/5/3 19:45:01,603.15,17.45,23.44,22.15,22.16,--,--,--,--,23.88,25.61,22.15,34.79,12.64,6.145442,,
604, 2024/5/3 19:45:02,604.15,17.43,23.45,22.19,22.19,--,--,--,--,23.87,25.63,22.19,34.78,12.59,6.12612,,
605, 2024/5/3 19:45:03,605.15,17.5,23.41,22.21,22.17,--,--,--,--,23.87,25.63,22.17,34.81,12.64,6.146076,,
606, 2024/5/3 19:45:04,606.15,17.45,23.46,22.2,22.21,--,--,--,--,23.88,25.65,22.2,34.81,12.61,6.134214,,
607, 2024/5/3 19:45:05,607.16,17.46,23.43,22.22,22.18,--,--,--,--,23.87,25.63,22.18,34.79,12.61,6.129877,,
608, 2024/5/3 19:45:06,608.15,17.42,23.45,22.21,22.21,--,--,--,--,23.87,25.64,22.21,34.77,12.56,6.113665,,
609, 2024/5/3 19:45:07,609.16,17.48,23.44,22.2,22.16,--,--,--,--,23.86,25.63,22.16,34.82,12.66,6.151042,,
610, 2024/5/3 19:45:08,610.16,17.47,23.45,22.24,22.21,--,--,--,--,23.87,25.66,22.21,34.82,12.61,6.132985,,
611, 2024/5/3 19:45:09,611.16,17.43,23.46,22.27,22.18,--,--,--,--,23.87,25.65,22.18,34.79,12.61,6.116889,,
612, 2024/5/3 19:45:10,612.16,17.53,23.42,22.26,22.24,--,--,--,--,23.87,25.67,22.24,34.85,12.61,6.142415,,
613, 2024/5/3 19:45:11,613.16,17.45,23.44,22.28,22.25,--,--,--,--,23.87,25.67,22.25,34.79,12.54,6.104416,,
614, 2024/5/3 19:45:12,614.16,17.47,23.44,22.31,22.26,--,--,--,--,23.87,25.68,22.26,34.81,12.55,6.106986,,
615, 2024/5/3 19:45:13,615.16,17.53,23.42,22.29,22.23,--,--,--,--,23.88,25.67,22.23,34.85,12.62,6.138751,,
616, 2024/5/3 19:45:14,616.17,17.49,23.44,22.28,22.26,--,--,--,--,23.87,25.68,22.26,34.83,12.57,6.122486,,
617, 2024/5/3 19:45:15,617.17,17.47,23.43,22.3,22.27,--,--,--,--,23.87,25.68,22.27,34.8,12.53,6.103257,,
618, 2024/5/3 19:45:16,618.17,17.46,23.45,22.33,22.24,--,--,--,--,23.87,25.68,22.24,34.81,12.57,6.105788,,
619, 2024/5/3 19:45:17,619.17,17.47,23.45,22.29,22.29,--,--,--,--,23.87,25.69,22.29,34.82,12.53,6.108805,,
620, 2024/5/3 19:45:18,620.17,17.49,23.47,22.29,22.27,--,--,--,--,23.88,25.7,22.27,34.86,12.59,6.12991,,
621, 2024/5/3 19:45:19,621.17,17.49,23.45,22.29,22.25,--,--,--,--,23.87,25.68,22.25,34.84,12.59,6.126213,,
622, 2024/5/3 19:45:20,622.17,17.45,23.45,22.25,22.25,--,--,--,--,23.87,25.66,22.25,34.8,12.55,6.113696,,
623, 2024/5/3 19:45:21,623.18,17.49,23.46,22.27,22.21,--,--,--,--,23.88,25.67,22.21,34.85,12.64,6.141118,,
624, 2024/5/3 19:45:22,624.18,17.48,23.43,22.27,22.21,--,--,--,--,23.87,25.66,22.21,34.81,12.6,6.124974,,
625, 2024/5/3 19:45:23,625.18,17.49,23.46,22.27,22.26,--,--,--,--,23.87,25.69,22.26,34.85,12.59,6.131764,,
626, 2024/5/3 19:45:24,626.18,17.49,23.45,22.25,22.22,--,--,--,--,23.87,25.67,22.22,34.84,12.62,6.13922,,
627, 2024/5/3 19:45:25,627.18,17.49,23.45,22.23,22.23,--,--,--,--,23.87,25.66,22.23,34.84,12.61,6.141071,,
628, 2024/5/3 19:45:26,628.18,17.46,23.47,22.28,22.26,--,--,--,--,23.87,25.69,22.26,34.83,12.57,6.118685,,
629, 2024/5/3 19:45:27,629.19,17.52,23.45,22.3,22.28,--,--,--,--,23.88,25.7,22.28,34.87,12.59,6.133728,,
630, 2024/5/3 19:45:28,630.19,17.52,23.44,22.26,22.23,--,--,--,--,23.87,25.67,22.23,34.86,12.63,6.146724,,
631, 2024/5/3 19:45:29,631.19,17.53,23.42,22.24,22.24,--,--,--,--,23.87,25.66,22.24,34.85,12.61,6.146121,,
632, 2024/5/3 19:45:30,632.19,17.54,23.44,22.26,22.29,--,--,--,--,23.88,25.69,22.26,34.88,12.62,6.145555,,
633, 2024/5/3 19:45:31,633.19,17.51,23.46,22.29,22.23,--,--,--,--,23.87,25.69,22.23,34.87,12.64,6.143639,,
634, 2024/5/3 19:45:32,634.19,17.54,23.44,22.27,22.18,--,--,--,--,23.87,25.67,22.18,34.88,12.7,6.164228,,
635, 2024/5/3 19:45:33,635.19,17.52,23.45,22.28,22.23,--,--,--,--,23.88,25.68,22.23,34.87,12.64,6.146748,,
636, 2024/5/3 19:45:34,636.19,17.54,23.41,22.2,22.24,--,--,--,--,23.87,25.65,22.2,34.85,12.65,6.154839,,
637, 2024/5/3 19:45:35,637.2,17.55,23.43,22.2,22.19,--,--,--,--,23.87,25.65,22.19,34.88,12.69,6.176553,,
638, 2024/5/3 19:45:36,638.2,17.51,23.44,22.2,22.22,--,--,--,--,23.87,25.65,22.2,34.85,12.65,6.154765,,
639, 2024/5/3 19:45:37,639.2,17.55,23.43,22.21,22.17,--,--,--,--,23.87,25.65,22.17,34.88,12.71,6.178439,,
640, 2024/5/3 19:45:38,640.2,17.53,23.44,22.17,22.15,--,--,--,--,23.87,25.63,22.15,34.87,12.72,6.183412,,
641, 2024/5/3 19:45:39,641.2,17.54,23.44,22.15,22.1,--,--,--,--,23.87,25.62,22.1,34.88,12.78,6.201541,,
642, 2024/5/3 19:45:40,642.2,17.53,23.43,22.18,22.09,--,--,--,--,23.87,25.62,22.09,34.86,12.77,6.189132,,
643, 2024/5/3 19:45:41,643.21,17.55,23.44,22.15,22.05,--,--,--,--,23.88,25.61,22.05,34.89,12.84,6.216012,,
644, 2024/5/3 19:45:42,644.2,17.54,23.44,22.11,22.06,--,--,--,--,23.87,25.6,22.06,34.88,12.82,6.216583,,
645, 2024/5/3 19:45:43,645.21,17.51,23.44,22.11,22.08,--,--,--,--,23.87,25.6,22.08,34.85,12.77,6.19786,,
646, 2024/5/3 19:45:44,646.21,17.55,23.44,22.12,22.05,--,--,--,--,23.87,25.6,22.05,34.89,12.84,6.22159,,
647, 2024/5/3 19:45:45,647.21,17.6,23.41,22.13,22.08,--,--,--,--,23.88,25.61,22.08,34.91,12.83,6.227663,,
648, 2024/5/3 19:45:46,648.21,17.58,23.44,22.14,22.11,--,--,--,--,23.88,25.63,22.11,34.92,12.81,6.221431,,
649, 2024/5/3 19:45:47,649.21,17.53,23.46,22.08,22.1,--,--,--,--,23.87,25.61,22.08,34.89,12.81,6.217229,,
650, 2024/5/3 19:45:48,650.21,17.59,23.42,22.08,22.08,--,--,--,--,23.87,25.6,22.08,34.91,12.83,6.235792,,
651, 2024/5/3 19:45:49,651.22,17.56,23.45,22.1,22.09,--,--,--,--,23.87,25.61,22.09,34.91,12.82,6.226505,,
652, 2024/5/3 19:45:50,652.22,17.53,23.48,22.07,22.12,--,--,--,--,23.88,25.62,22.07,34.91,12.84,6.222922,,
653, 2024/5/3 19:45:51,653.22,17.57,23.46,22.05,22.11,--,--,--,--,23.88,25.61,22.05,34.93,12.88,6.240954,,
654, 2024/5/3 19:45:52,654.22,17.58,23.43,22.09,22.08,--,--,--,--,23.88,25.6,22.08,34.91,12.83,6.232696,,
655, 2024/5/3 19:45:53,655.22,17.63,23.4,22.06,22.08,--,--,--,--,23.87,25.59,22.06,34.93,12.87,6.251953,,
656, 2024/5/3 19:45:54,656.22,17.56,23.44,22.02,22.07,--,--,--,--,23.87,25.58,22.02,34.9,12.88,6.241628,,
657, 2024/5/3 19:45:55,657.22,17.56,23.47,22.05,22.06,--,--,--,--,23.87,25.6,22.05,34.93,12.88,6.249158,,
658, 2024/5/3 19:45:56,658.22,17.58,23.45,22.04,22.03,--,--,--,--,23.87,25.59,22.03,34.93,12.9,6.259109,,
659, 2024/5/3 19:45:57,659.23,17.59,23.44,22.05,22.06,--,--,--,--,23.87,25.6,22.05,34.93,12.88,6.252748,,
660, 2024/5/3 19:45:58,660.23,17.58,23.46,22.02,22.05,--,--,--,--,23.88,25.59,22.02,34.94,12.92,6.262902,,
661, 2024/5/3 19:45:59,661.23,17.61,23.42,22.04,22.07,--,--,--,--,23.87,25.59,22.04,34.93,12.89,6.25517,,
662, 2024/5/3 19:46:00,662.23,17.61,23.43,22.03,22.05,--,--,--,--,23.86,25.59,22.03,34.94,12.91,6.264588,,
663, 2024/5/3 19:46:01,663.23,17.6,23.43,22.05,22.09,--,--,--,--,23.88,25.6,22.05,34.93,12.88,6.248318,,
664, 2024/5/3 19:46:02,664.23,17.59,23.47,22.06,22.07,--,--,--,--,23.88,25.62,22.06,34.96,12.9,6.260301,,
665, 2024/5/3 19:46:03,665.23,17.62,23.42,22.04,22.08,--,--,--,--,23.87,25.6,22.04,34.94,12.9,6.25827,,
666, 2024/5/3 19:46:04,666.24,17.58,23.46,22.07,22.04,--,--,--,--,23.87,25.6,22.04,34.94,12.9,6.255334,,
667, 2024/5/3 19:46:05,667.24,17.58,23.44,22.04,22.1,--,--,--,--,23.87,25.6,22.04,34.92,12.88,6.242156,,
668, 2024/5/3 19:46:06,668.24,17.59,23.45,22.06,22.1,--,--,--,--,23.87,25.61,22.06,34.94,12.88,6.247107,,
669, 2024/5/3 19:46:07,669.24,17.66,23.42,22.02,22.11,--,--,--,--,23.87,25.61,22.02,34.98,12.96,6.276385,,
670, 2024/5/3 19:46:08,670.24,17.58,23.46,22.06,22.13,--,--,--,--,23.87,25.62,22.06,34.94,12.88,6.24029,,
671, 2024/5/3 19:46:09,671.24,17.64,23.44,22.14,22.15,--,--,--,--,23.87,25.65,22.14,34.98,12.84,6.243799,,
672, 2024/5/3 19:46:10,672.24,17.58,23.46,22.1,22.13,--,--,--,--,23.87,25.63,22.1,34.94,12.84,6.232705,,
673, 2024/5/3 19:46:11,673.24,17.65,23.39,22.13,22.11,--,--,--,--,23.86,25.62,22.11,34.94,12.83,6.239429,,
674, 2024/5/3 19:46:12,674.25,17.65,23.42,22.15,22.13,--,--,--,--,23.88,25.64,22.13,34.97,12.84,6.243171,,
675, 2024/5/3 19:46:13,675.25,17.62,23.44,22.16,22.08,--,--,--,--,23.87,25.64,22.08,34.96,12.88,6.243297,,
676, 2024/5/3 19:46:14,676.25,17.63,23.43,22.13,22.11,--,--,--,--,23.87,25.63,22.11,34.96,12.85,6.244444,,
677, 2024/5/3 19:46:15,677.25,17.62,23.44,22.16,22.13,--,--,--,--,23.87,25.65,22.13,34.96,12.83,6.23385,,
678, 2024/5/3 19:46:16,678.25,17.63,23.42,22.16,22.09,--,--,--,--,23.87,25.63,22.09,34.95,12.86,6.238884,,
679, 2024/5/3 19:46:17,679.26,17.61,23.49,22.15,22.1,--,--,--,--,23.88,25.66,22.1,35,12.9,6.255189,,
680, 2024/5/3 19:46:18,680.25,17.6,23.48,22.15,22.13,--,--,--,--,23.87,25.66,22.13,34.98,12.85,6.240776,,
681, 2024/5/3 19:46:19,681.26,17.62,23.45,22.12,22.12,--,--,--,--,23.87,25.64,22.12,34.97,12.85,6.246968,,
682, 2024/5/3 19:46:20,682.26,17.63,23.47,22.16,22.15,--,--,--,--,23.88,25.67,22.15,35,12.85,6.246316,,
683, 2024/5/3 19:46:21,683.26,17.6,23.44,22.17,22.13,--,--,--,--,23.87,25.65,22.13,34.94,12.81,6.222027,,
684, 2024/5/3 19:46:22,684.26,17.59,23.49,22.13,22.14,--,--,--,--,23.88,25.66,22.13,34.98,12.85,6.241436,,
685, 2024/5/3 19:46:23,685.26,17.67,23.43,22.13,22.14,--,--,--,--,23.88,25.65,22.13,35,12.87,6.258738,,
686, 2024/5/3 19:46:24,686.26,17.63,23.47,22.1,22.16,--,--,--,--,23.87,25.66,22.1,35,12.9,6.25575,,
687, 2024/5/3 19:46:25,687.26,17.66,23.46,22.13,22.18,--,--,--,--,23.88,25.67,22.13,35.02,12.89,6.257536,,
688, 2024/5/3 19:46:26,688.27,17.64,23.44,22.12,22.15,--,--,--,--,23.87,25.65,22.12,34.98,12.86,6.247556,,
689, 2024/5/3 19:46:27,689.27,17.66,23.45,22.12,22.13,--,--,--,--,23.87,25.65,22.12,35.01,12.89,6.265004,,
690, 2024/5/3 19:46:28,690.27,17.67,23.42,22.14,22.15,--,--,--,--,23.87,25.65,22.14,34.99,12.85,6.251256,,
691, 2024/5/3 19:46:29,691.27,17.66,23.44,22.17,22.13,--,--,--,--,23.87,25.66,22.13,35,12.87,6.251907,,
692, 2024/5/3 19:46:30,692.27,17.63,23.45,22.16,22.15,--,--,--,--,23.88,25.66,22.15,34.98,12.83,6.238819,,
693, 2024/5/3 19:46:31,693.27,17.67,23.44,22.2,22.13,--,--,--,--,23.88,25.67,22.13,35.01,12.88,6.251318,,
694, 2024/5/3 19:46:32,694.27,17.68,23.43,22.19,22.15,--,--,--,--,23.87,25.67,22.15,35.01,12.86,6.250651,,
695, 2024/5/3 19:46:33,695.28,17.66,23.42,22.16,22.14,--,--,--,--,23.87,25.65,22.14,34.98,12.84,6.24441,,
696, 2024/5/3 19:46:34,696.28,17.64,23.44,22.17,22.15,--,--,--,--,23.87,25.66,22.15,34.98,12.83,6.238189,,
697, 2024/5/3 19:46:35,697.28,17.67,23.45,22.18,22.16,--,--,--,--,23.88,25.68,22.16,35.02,12.86,6.253129,,
698, 2024/5/3 19:46:36,698.28,17.67,23.44,22.19,22.13,--,--,--,--,23.87,25.67,22.13,35.01,12.88,6.25317,,
699, 2024/5/3 19:46:37,699.28,17.64,23.45,22.21,22.13,--,--,--,--,23.88,25.67,22.13,34.99,12.86,6.23827,,
700, 2024/5/3 19:46:38,700.28,17.65,23.45,22.17,22.15,--,--,--,--,23.87,25.67,22.15,35,12.85,6.246912,,
701, 2024/5/3 19:46:39,701.28,17.7,23.45,22.21,22.13,--,--,--,--,23.88,25.69,22.13,35.05,12.92,6.26815,,
702, 2024/5/3 19:46:40,702.29,17.7,23.44,22.25,22.13,--,--,--,--,23.88,25.69,22.13,35.04,12.91,6.257055,,
703, 2024/5/3 19:46:41,703.29,17.74,23.41,22.24,22.17,--,--,--,--,23.87,25.69,22.17,35.05,12.88,6.260108,,
704, 2024/5/3 19:46:42,704.29,17.69,23.44,22.27,22.14,--,--,--,--,23.87,25.7,22.14,35.03,12.89,6.246516,,
705, 2024/5/3 19:46:43,705.29,17.63,23.47,22.26,22.16,--,--,--,--,23.88,25.7,22.16,35,12.84,6.225861,,
706, 2024/5/3 19:46:44,706.29,17.68,23.46,22.22,22.17,--,--,--,--,23.88,25.7,22.17,35.04,12.87,6.252532,,
707, 2024/5/3 19:46:45,707.29,17.66,23.47,22.24,22.15,--,--,--,--,23.87,25.7,22.15,35.03,12.88,6.246382,,
708, 2024/5/3 19:46:46,708.29,17.7,23.43,22.26,22.13,--,--,--,--,23.87,25.69,22.13,35.03,12.9,6.251497,,
709, 2024/5/3 19:46:47,709.3,17.66,23.46,22.26,22.15,--,--,--,--,23.87,25.7,22.15,35.02,12.87,6.238965,,
710, 2024/5/3 19:46:48,710.3,17.71,23.47,22.24,22.15,--,--,--,--,23.89,25.71,22.15,35.08,12.93,6.271286,,
711, 2024/5/3 19:46:49,711.3,17.72,23.43,22.27,22.12,--,--,--,--,23.87,25.69,22.12,35.05,12.93,6.261534,,
712, 2024/5/3 19:46:50,712.3,17.67,23.47,22.22,22.11,--,--,--,--,23.87,25.69,22.11,35.04,12.93,6.262642,,
713, 2024/5/3 19:46:51,713.3,17.69,23.47,22.19,22.15,--,--,--,--,23.88,25.69,22.15,35.06,12.91,6.270591,,
714, 2024/5/3 19:46:52,714.3,17.72,23.45,22.21,22.13,--,--,--,--,23.88,25.69,22.13,35.07,12.94,6.278112,,
715, 2024/5/3 19:46:53,715.31,17.7,23.45,22.18,22.13,--,--,--,--,23.87,25.68,22.13,35.05,12.92,6.27371,,
716, 2024/5/3 19:46:54,716.31,17.7,23.44,22.16,22.13,--,--,--,--,23.87,25.67,22.13,35.04,12.91,6.273688,,
717, 2024/5/3 19:46:55,717.31,17.71,23.46,22.19,22.13,--,--,--,--,23.89,25.69,22.13,35.07,12.94,6.280576,,
718, 2024/5/3 19:46:56,718.31,17.72,23.45,22.2,22.14,--,--,--,--,23.88,25.69,22.14,35.07,12.93,6.278073,,
719, 2024/5/3 19:46:57,719.31,17.7,23.43,22.22,22.14,--,--,--,--,23.88,25.68,22.14,35.03,12.89,6.256948,,
720, 2024/5/3 19:46:58,720.31,17.7,23.45,22.15,22.11,--,--,--,--,23.87,25.67,22.11,35.05,12.94,6.283064,,
721, 2024/5/3 19:46:59,721.31,17.74,23.42,22.19,22.14,--,--,--,--,23.87,25.68,22.14,35.06,12.92,6.278687,,
722, 2024/5/3 19:47:00,722.31,17.68,23.49,22.15,22.12,--,--,--,--,23.86,25.68,22.12,35.07,12.95,6.286246,,
723, 2024/5/3 19:47:01,723.32,17.76,23.43,22.21,22.19,--,--,--,--,23.88,25.71,22.19,35.09,12.9,6.279307,,
724, 2024/5/3 19:47:02,724.32,17.68,23.48,22.22,22.16,--,--,--,--,23.88,25.71,22.16,35.06,12.9,6.261895,,
725, 2024/5/3 19:47:03,725.32,17.72,23.45,22.2,22.17,--,--,--,--,23.88,25.7,22.17,35.07,12.9,6.272435,,
726, 2024/5/3 19:47:04,726.32,17.72,23.43,22.27,22.2,--,--,--,--,23.87,25.71,22.2,35.05,12.85,6.246428,,
727, 2024/5/3 19:47:05,727.32,17.74,23.45,22.26,22.21,--,--,--,--,23.88,25.73,22.21,35.09,12.88,6.263792,,
728, 2024/5/3 19:47:06,728.32,17.68,23.48,22.24,22.19,--,--,--,--,23.89,25.72,22.19,35.06,12.87,6.252534,,
729, 2024/5/3 19:47:07,729.32,17.74,23.44,22.25,22.19,--,--,--,--,23.88,25.72,22.19,35.08,12.89,6.265667,,
730, 2024/5/3 19:47:08,730.32,17.65,23.49,22.27,22.23,--,--,--,--,23.88,25.73,22.23,35.04,12.81,6.228248,,
731, 2024/5/3 19:47:09,731.33,17.73,23.42,22.28,22.2,--,--,--,--,23.86,25.71,22.2,35.05,12.85,6.245869,,
732, 2024/5/3 19:47:10,732.33,17.75,23.43,22.27,22.25,--,--,--,--,23.87,25.73,22.25,35.08,12.83,6.252054,,
733, 2024/5/3 19:47:11,733.33,17.71,23.46,22.29,22.24,--,--,--,--,23.88,25.74,22.24,35.07,12.83,6.241416,,
734, 2024/5/3 19:47:12,734.33,17.68,23.46,22.28,22.24,--,--,--,--,23.87,25.73,22.24,35.04,12.8,6.228312,,
735, 2024/5/3 19:47:13,735.33,17.69,23.48,22.26,22.25,--,--,--,--,23.87,25.74,22.25,35.07,12.82,6.24257,,
736, 2024/5/3 19:47:14,736.33,17.74,23.44,22.25,22.24,--,--,--,--,23.86,25.73,22.24,35.08,12.84,6.256334,,
737, 2024/5/3 19:47:15,737.34,17.72,23.45,22.29,22.26,--,--,--,--,23.88,25.74,22.26,35.07,12.81,6.238961,,
738, 2024/5/3 19:47:16,738.34,17.71,23.47,22.25,22.27,--,--,--,--,23.88,25.74,22.25,35.08,12.83,6.24696,,
739, 2024/5/3 19:47:17,739.34,17.71,23.47,22.25,22.29,--,--,--,--,23.88,25.75,22.25,35.08,12.83,6.243261,,
740, 2024/5/3 19:47:18,740.34,17.79,23.44,22.23,22.22,--,--,--,--,23.87,25.73,22.22,35.13,12.91,6.288672,,
741, 2024/5/3 19:47:19,741.34,17.73,23.46,22.25,22.23,--,--,--,--,23.87,25.73,22.23,35.09,12.86,6.260641,,
742, 2024/5/3 19:47:20,742.34,17.76,23.45,22.26,22.24,--,--,--,--,23.87,25.74,22.24,35.11,12.87,6.268158,,
743, 2024/5/3 19:47:21,743.34,17.76,23.46,22.26,22.2,--,--,--,--,23.88,25.74,22.2,35.12,12.92,6.279348,,
744, 2024/5/3 19:47:22,744.34,17.74,23.46,22.27,22.26,--,--,--,--,23.88,25.75,22.26,35.1,12.84,6.25633,,
745, 2024/5/3 19:47:23,745.35,17.79,23.43,22.3,22.27,--,--,--,--,23.87,25.76,22.27,35.12,12.85,6.262748,,
746, 2024/5/3 19:47:24,746.35,17.79,23.45,22.31,22.31,--,--,--,--,23.88,25.78,22.31,35.14,12.83,6.260892,,
747, 2024/5/3 19:47:25,747.35,17.78,23.41,22.33,22.3,--,--,--,--,23.88,25.76,22.3,35.09,12.79,6.239335,,
748, 2024/5/3 19:47:26,748.35,17.75,23.46,22.31,22.31,--,--,--,--,23.88,25.77,22.31,35.11,12.8,6.244649,,
749, 2024/5/3 19:47:27,749.35,17.75,23.46,22.31,22.28,--,--,--,--,23.88,25.77,22.28,35.11,12.83,6.250209,,
750, 2024/5/3 19:47:28,750.35,17.77,23.47,22.29,22.3,--,--,--,--,23.88,25.78,22.29,35.14,12.85,6.263867,,
751, 2024/5/3 19:47:29,751.35,17.76,23.45,22.27,22.25,--,--,--,--,23.86,25.75,22.25,35.11,12.86,6.264448,,
752, 2024/5/3 19:47:30,752.35,17.76,23.44,22.25,22.29,--,--,--,--,23.86,25.75,22.25,35.1,12.85,6.257051,,
753, 2024/5/3 19:47:31,753.36,17.76,23.45,22.3,22.27,--,--,--,--,23.87,25.76,22.27,35.11,12.84,6.255193,,
754, 2024/5/3 19:47:32,754.36,17.79,23.45,22.27,22.25,--,--,--,--,23.88,25.75,22.25,35.14,12.89,6.279397,,
755, 2024/5/3 19:47:33,755.36,17.82,23.43,22.27,22.26,--,--,--,--,23.87,25.75,22.26,35.15,12.89,6.285084,,
756, 2024/5/3 19:47:34,756.36,17.77,23.47,22.29,22.27,--,--,--,--,23.88,25.77,22.27,35.14,12.87,6.26943,,
757, 2024/5/3 19:47:35,757.36,17.77,23.45,22.33,22.27,--,--,--,--,23.88,25.77,22.27,35.12,12.85,6.254663,,
758, 2024/5/3 19:47:36,758.36,17.8,23.42,22.33,22.27,--,--,--,--,23.88,25.76,22.27,35.12,12.85,6.258545,,
759, 2024/5/3 19:47:37,759.37,17.81,23.47,22.34,22.34,--,--,--,--,23.88,25.81,22.34,35.18,12.84,6.26717,,
760, 2024/5/3 19:47:38,760.37,17.83,23.42,22.32,22.29,--,--,--,--,23.87,25.77,22.29,35.15,12.86,6.271624,,
761, 2024/5/3 19:47:39,761.37,17.74,23.46,22.38,22.3,--,--,--,--,23.87,25.79,22.3,35.1,12.8,6.228673,,
762, 2024/5/3 19:47:40,762.37,17.78,23.46,22.37,22.32,--,--,--,--,23.87,25.8,22.32,35.14,12.82,6.246718,,
763, 2024/5/3 19:47:41,763.37,17.79,23.47,22.34,22.34,--,--,--,--,23.87,25.8,22.34,35.16,12.82,6.257199,,
764, 2024/5/3 19:47:42,764.37,17.78,23.44,22.38,22.33,--,--,--,--,23.88,25.79,22.33,35.12,12.79,6.235678,,
765, 2024/5/3 19:47:43,765.37,17.77,23.44,22.38,22.37,--,--,--,--,23.87,25.8,22.37,35.11,12.74,6.223317,,
766, 2024/5/3 19:47:44,766.37,17.8,23.45,22.39,22.32,--,--,--,--,23.87,25.8,22.32,35.15,12.83,6.24936,,
767, 2024/5/3 19:47:45,767.38,17.77,23.46,22.38,22.31,--,--,--,--,23.87,25.8,22.31,35.13,12.82,6.241765,,
768, 2024/5/3 19:47:46,768.38,17.8,23.46,22.39,22.37,--,--,--,--,23.87,25.82,22.37,35.16,12.79,6.243786,,
769, 2024/5/3 19:47:47,769.38,17.83,23.43,22.44,22.34,--,--,--,--,23.87,25.82,22.34,35.16,12.82,6.244209,,
770, 2024/5/3 19:47:48,770.38,17.81,23.45,22.4,22.35,--,--,--,--,23.87,25.82,22.35,35.16,12.81,6.246965,,
771, 2024/5/3 19:47:49,771.38,17.76,23.48,22.37,22.37,--,--,--,--,23.88,25.82,22.37,35.14,12.77,6.234873,,
772, 2024/5/3 19:47:50,772.38,17.85,23.44,22.35,22.34,--,--,--,--,23.88,25.81,22.34,35.19,12.85,6.274226,,
773, 2024/5/3 19:47:51,773.38,17.8,23.47,22.38,22.34,--,--,--,--,23.88,25.82,22.34,35.17,12.83,6.254832,,
774, 2024/5/3 19:47:52,774.39,17.73,23.5,22.4,22.33,--,--,--,--,23.88,25.82,22.33,35.13,12.8,6.229203,,
775, 2024/5/3 19:47:53,775.39,17.79,23.48,22.44,22.33,--,--,--,--,23.88,25.83,22.33,35.17,12.84,6.244468,,
776, 2024/5/3 19:47:54,776.39,17.85,23.43,22.39,22.35,--,--,--,--,23.86,25.81,22.35,35.18,12.83,6.261397,,
777, 2024/5/3 19:47:55,777.39,17.83,23.43,22.44,22.39,--,--,--,--,23.88,25.83,22.39,35.16,12.77,6.234971,,
778, 2024/5/3 19:47:56,778.39,17.81,23.45,22.41,22.39,--,--,--,--,23.88,25.83,22.39,35.16,12.77,6.237769,,
779, 2024/5/3 19:47:57,779.39,17.83,23.46,22.41,22.33,--,--,--,--,23.88,25.82,22.33,35.19,12.86,6.2625,,
780, 2024/5/3 19:47:58,780.39,17.8,23.45,22.41,22.38,--,--,--,--,23.88,25.82,22.38,35.15,12.77,6.234621,,
781, 2024/5/3 19:47:59,781.4,17.8,23.45,22.44,22.4,--,--,--,--,23.87,25.84,22.4,35.15,12.75,6.225478,,
782, 2024/5/3 19:48:00,782.4,17.83,23.45,22.42,22.41,--,--,--,--,23.87,25.84,22.41,35.18,12.77,6.24225,,
783, 2024/5/3 19:48:01,783.4,17.85,23.44,22.43,22.38,--,--,--,--,23.87,25.84,22.38,35.19,12.81,6.252256,,
784, 2024/5/3 19:48:02,784.4,17.81,23.46,22.39,22.37,--,--,--,--,23.87,25.82,22.37,35.17,12.8,6.24877,,
785, 2024/5/3 19:48:03,785.4,17.81,23.49,22.35,22.34,--,--,--,--,23.88,25.82,22.34,35.2,12.86,6.272707,,
786, 2024/5/3 19:48:04,786.4,17.82,23.45,22.36,22.37,--,--,--,--,23.87,25.81,22.36,35.17,12.81,6.255589,,
787, 2024/5/3 19:48:05,787.4,17.85,23.45,22.38,22.35,--,--,--,--,23.87,25.82,22.35,35.2,12.85,6.270561,,
788, 2024/5/3 19:48:06,788.41,17.83,23.44,22.41,22.35,--,--,--,--,23.87,25.82,22.35,35.17,12.82,6.251448,,
789, 2024/5/3 19:48:07,789.41,17.84,23.46,22.42,22.37,--,--,--,--,23.88,25.84,22.37,35.2,12.83,6.258255,,
790, 2024/5/3 19:48:08,790.41,17.83,23.45,22.37,22.36,--,--,--,--,23.87,25.82,22.36,35.18,12.82,6.260579,,
791, 2024/5/3 19:48:09,791.41,17.83,23.45,22.39,22.36,--,--,--,--,23.88,25.82,22.36,35.18,12.82,6.256917,,
792, 2024/5/3 19:48:10,792.41,17.84,23.44,22.34,22.33,--,--,--,--,23.87,25.8,22.33,35.18,12.85,6.272918,,
793, 2024/5/3 19:48:11,793.41,17.89,23.43,22.33,22.29,--,--,--,--,23.88,25.79,22.29,35.22,12.93,6.303388,,
794, 2024/5/3 19:48:12,794.42,17.85,23.43,22.29,22.24,--,--,--,--,23.88,25.76,22.24,35.18,12.94,6.300069,,
795, 2024/5/3 19:48:13,795.41,17.83,23.48,22.27,22.25,--,--,--,--,23.88,25.78,22.25,35.21,12.96,6.310464,,
796, 2024/5/3 19:48:14,796.42,17.86,23.45,22.24,22.18,--,--,--,--,23.87,25.75,22.18,35.21,13.03,6.33289,,
797, 2024/5/3 19:48:15,797.42,17.85,23.46,22.22,22.21,--,--,--,--,23.88,25.75,22.21,35.21,13,6.329723,,
798, 2024/5/3 19:48:16,798.42,17.84,23.47,22.25,22.17,--,--,--,--,23.88,25.75,22.17,35.21,13.04,6.330412,,
799, 2024/5/3 19:48:17,799.42,17.85,23.47,22.18,22.13,--,--,--,--,23.88,25.73,22.13,35.22,13.09,6.355893,,
800, 2024/5/3 19:48:18,800.42,17.82,23.44,22.18,22.14,--,--,--,--,23.88,25.71,22.14,35.16,13.02,6.327851,,
801, 2024/5/3 19:48:19,801.42,17.84,23.47,22.16,22.11,--,--,--,--,23.87,25.71,22.11,35.21,13.1,6.358406,,
802, 2024/5/3 19:48:20,802.43,17.85,23.47,22.15,22.08,--,--,--,--,23.88,25.71,22.08,35.22,13.14,6.370927,,
803, 2024/5/3 19:48:21,803.43,17.89,23.45,22.15,22.09,--,--,--,--,23.87,25.71,22.09,35.24,13.15,6.381444,,
804, 2024/5/3 19:48:22,804.43,17.92,23.47,22.16,22.08,--,--,--,--,23.88,25.73,22.08,35.29,13.21,6.403917,,
805, 2024/5/3 19:48:23,805.43,17.84,23.47,22.13,22.04,--,--,--,--,23.87,25.69,22.04,35.21,13.17,6.377273,,
806, 2024/5/3 19:48:24,806.43,17.88,23.46,22.14,22.07,--,--,--,--,23.88,25.7,22.07,35.24,13.17,6.385861,,
807, 2024/5/3 19:48:25,807.43,17.88,23.45,22.14,22.06,--,--,--,--,23.87,25.7,22.06,35.23,13.17,6.384003,,
808, 2024/5/3 19:48:26,808.43,17.87,23.49,22.1,22.05,--,--,--,--,23.88,25.7,22.05,35.26,13.21,6.403439,,
809, 2024/5/3 19:48:27,809.43,17.86,23.46,22.08,22.05,--,--,--,--,23.87,25.68,22.05,35.22,13.17,6.390903,,
810, 2024/5/3 19:48:28,810.44,17.89,23.46,22.1,22.01,--,--,--,--,23.87,25.68,22.01,35.25,13.24,6.409696,,
811, 2024/5/3 19:48:29,811.44,17.87,23.46,22.1,22.05,--,--,--,--,23.88,25.69,22.05,35.23,13.18,6.392131,,
812, 2024/5/3 19:48:30,812.44,17.86,23.49,22.08,22.02,--,--,--,--,23.87,25.69,22.02,35.25,13.23,6.407924,,
813, 2024/5/3 19:48:31,813.44,17.86,23.45,22.11,22.05,--,--,--,--,23.88,25.68,22.05,35.21,13.16,6.381524,,
814, 2024/5/3 19:48:32,814.44,17.9,23.44,22.13,22.07,--,--,--,--,23.87,25.7,22.07,35.24,13.17,6.390173,,
815, 2024/5/3 19:48:33,815.44,17.85,23.5,22.13,22.07,--,--,--,--,23.88,25.71,22.07,35.25,13.18,6.387846,,
816, 2024/5/3 19:48:34,816.44,17.92,23.45,22.14,22.1,--,--,--,--,23.88,25.72,22.1,35.27,13.17,6.396355,,
817, 2024/5/3 19:48:35,817.45,17.9,23.43,22.16,22.13,--,--,--,--,23.87,25.71,22.13,35.23,13.1,6.369553,,
818, 2024/5/3 19:48:36,818.45,17.88,23.47,22.18,22.18,--,--,--,--,23.88,25.75,22.18,35.25,13.07,6.361449,,
819, 2024/5/3 19:48:37,819.45,17.89,23.44,22.24,22.15,--,--,--,--,23.86,25.74,22.15,35.23,13.08,6.349755,,
820, 2024/5/3 19:48:38,820.45,17.89,23.48,22.25,22.18,--,--,--,--,23.88,25.77,22.18,35.27,13.09,6.357164,,
821, 2024/5/3 19:48:39,821.45,17.9,23.47,22.24,22.17,--,--,--,--,23.88,25.76,22.17,35.27,13.1,6.362144,,
822, 2024/5/3 19:48:40,822.45,17.95,23.42,22.24,22.23,--,--,--,--,23.88,25.77,22.23,35.27,13.04,6.357276,,
823, 2024/5/3 19:48:41,823.45,17.85,23.48,22.25,22.21,--,--,--,--,23.87,25.77,22.21,35.23,13.02,6.331605,,
824, 2024/5/3 19:48:42,824.46,17.87,23.46,22.26,22.21,--,--,--,--,23.87,25.77,22.21,35.23,13.02,6.332278,,
825, 2024/5/3 19:48:43,825.46,17.89,23.48,22.27,22.25,--,--,--,--,23.88,25.79,22.25,35.27,13.02,6.340359,,
826, 2024/5/3 19:48:44,826.46,17.93,23.46,22.23,22.21,--,--,--,--,23.88,25.77,22.21,35.29,13.08,6.367723,,
827, 2024/5/3 19:48:45,827.46,17.95,23.44,22.26,22.28,--,--,--,--,23.88,25.79,22.26,35.29,13.03,6.351731,,
828, 2024/5/3 19:48:46,828.46,17.9,23.44,22.28,22.26,--,--,--,--,23.87,25.78,22.26,35.24,12.98,6.32681,,
829, 2024/5/3 19:48:47,829.46,17.9,23.46,22.29,22.21,--,--,--,--,23.88,25.78,22.21,35.26,13.05,6.341707,,
830, 2024/5/3 19:48:48,830.47,17.91,23.47,22.26,22.23,--,--,--,--,23.88,25.79,22.23,35.28,13.05,6.352188,,
831, 2024/5/3 19:48:49,831.46,17.89,23.48,22.29,22.24,--,--,--,--,23.88,25.8,22.24,35.27,13.03,6.338531,,
832, 2024/5/3 19:48:50,832.47,17.95,23.46,22.28,22.25,--,--,--,--,23.88,25.8,22.25,35.31,13.06,6.36099,,
833, 2024/5/3 19:48:51,833.47,17.93,23.47,22.28,22.25,--,--,--,--,23.88,25.8,22.25,35.3,13.05,6.35473,,
834, 2024/5/3 19:48:52,834.47,17.91,23.47,22.27,22.24,--,--,--,--,23.88,25.79,22.24,35.28,13.04,6.348474,,
835, 2024/5/3 19:48:53,835.47,17.9,23.46,22.28,22.26,--,--,--,--,23.88,25.79,22.26,35.26,13,6.334212,,
836, 2024/5/3 19:48:54,836.47,17.93,23.44,22.24,22.2,--,--,--,--,23.87,25.76,22.2,35.27,13.07,6.360305,,
837, 2024/5/3 19:48:55,837.47,17.93,23.43,22.28,22.2,--,--,--,--,23.88,25.77,22.2,35.26,13.06,6.349241,,
838, 2024/5/3 19:48:56,838.47,17.91,23.45,22.25,22.18,--,--,--,--,23.88,25.76,22.18,35.26,13.08,6.355957,,
839, 2024/5/3 19:48:57,839.48,17.94,23.47,22.22,22.22,--,--,--,--,23.88,25.78,22.22,35.31,13.09,6.376419,,
840, 2024/5/3 19:48:58,840.48,17.92,23.46,22.23,22.18,--,--,--,--,23.88,25.76,22.18,35.28,13.1,6.368351,,
841, 2024/5/3 19:48:59,841.48,17.94,23.45,22.24,22.21,--,--,--,--,23.88,25.77,22.21,35.29,13.08,6.367137,,
842, 2024/5/3 19:49:00,842.48,17.93,23.47,22.22,22.19,--,--,--,--,23.87,25.77,22.19,35.3,13.11,6.377036,,
843, 2024/5/3 19:49:01,843.48,17.92,23.46,22.23,22.24,--,--,--,--,23.88,25.78,22.23,35.28,13.05,6.357161,,
844, 2024/5/3 19:49:02,844.48,17.92,23.46,22.27,22.22,--,--,--,--,23.88,25.78,22.22,35.28,13.06,6.353479,,
845, 2024/5/3 19:49:03,845.48,17.89,23.49,22.24,22.25,--,--,--,--,23.88,25.79,22.24,35.28,13.04,6.34965,,
846, 2024/5/3 19:49:04,846.49,17.92,23.48,22.24,22.21,--,--,--,--,23.88,25.78,22.21,35.3,13.09,6.368331,,
847, 2024/5/3 19:49:05,847.49,17.98,23.45,22.27,22.24,--,--,--,--,23.88,25.8,22.24,35.33,13.09,6.375941,,
