Index, Time, t(seconds), T1,T2,T3,T4,T3,T4,T5,T6,T7,T8,Tenv,Tavg,Tmin,Tmax,Trange,Tsigma,,sodium alginate + cellulose
1, 2024/5/5 15:09:52,0.05,10.05,23.5,18.71,18.67,--,--,--,--,--,--,26.01,29.24,23.5,34.97,11.47,8.110517,,
2, 2024/5/5 15:09:53,1.05,10.01,23.47,18.7,18.65,--,--,--,--,--,--,26,29.22,23.47,34.97,11.5,8.131731,,
3, 2024/5/5 15:09:54,2.05,10.09,23.46,18.67,18.65,--,--,--,--,--,--,25.99,29.22,23.46,34.97,11.51,8.138803,,
4, 2024/5/5 15:09:55,3.05,10.09,23.45,18.71,18.63,--,--,--,--,--,--,25.98,29.22,23.45,34.98,11.53,8.152938,,
5, 2024/5/5 15:09:56,4.05,10.07,23.48,18.67,18.65,--,--,--,--,--,--,25.99,29.25,23.48,35.01,11.53,8.152938,,
6, 2024/5/5 15:09:57,5.05,10.2,23.49,18.74,18.66,--,--,--,--,--,--,26,29.26,23.49,35.03,11.54,8.160012,,
7, 2024/5/5 15:09:58,6.06,10.26,23.48,18.72,18.65,--,--,--,--,--,--,26,29.26,23.48,35.03,11.55,8.167083,,
8, 2024/5/5 15:09:59,7.06,10.31,23.48,18.71,18.64,--,--,--,--,--,--,26,29.25,23.48,35.02,11.54,8.160009,,
9, 2024/5/5 15:10:00,8.06,10.34,23.46,18.73,18.62,--,--,--,--,--,--,25.98,29.25,23.46,35.03,11.57,8.181228,,
10, 2024/5/5 15:10:01,9.06,10.39,23.49,18.72,18.6,--,--,--,--,--,--,25.99,29.26,23.49,35.03,11.54,8.160012,,
11, 2024/5/5 15:10:02,10.06,10.4,23.44,18.56,18.52,--,--,--,--,--,--,25.99,29.24,23.44,35.04,11.6,8.202439,,
12, 2024/5/5 15:10:03,11.06,10.44,23.46,18.49,18.51,--,--,--,--,--,--,25.98,29.25,23.46,35.04,11.58,8.188297,,
13, 2024/5/5 15:10:04,12.07,10.46,23.48,18.43,18.46,--,--,--,--,--,--,25.99,29.28,23.48,35.07,11.59,8.195369,,
14, 2024/5/5 15:10:05,13.07,10.45,23.47,18.43,18.42,--,--,--,--,--,--,25.99,29.28,23.47,35.09,11.62,8.216582,,
15, 2024/5/5 15:10:06,14.07,10.59,23.45,18.41,18.35,--,--,--,--,--,--,25.99,29.29,23.45,35.12,11.67,8.251933,,
16, 2024/5/5 15:10:07,15.07,10.54,23.43,18.37,18.27,--,--,--,--,--,--,25.99,29.27,23.43,35.11,11.68,8.259007,,
17, 2024/5/5 15:10:08,16.07,10.62,23.46,18.34,18.25,--,--,--,--,--,--,25.99,29.31,23.46,35.15,11.69,8.26608,,
18, 2024/5/5 15:10:09,17.07,10.62,23.44,18.35,18.19,--,--,--,--,--,--,25.99,29.28,23.44,35.12,11.68,8.259007,,
19, 2024/5/5 15:10:10,18.07,10.66,23.45,18.31,18.15,--,--,--,--,--,--,25.99,29.28,23.45,35.1,11.65,8.237791,,
20, 2024/5/5 15:10:11,19.07,10.68,23.43,18.29,18.12,--,--,--,--,--,--,25.99,29.27,23.43,35.1,11.67,8.251934,,
21, 2024/5/5 15:10:12,20.08,10.72,23.45,18.3,18.12,--,--,--,--,--,--,25.99,29.29,23.45,35.12,11.67,8.251933,,
22, 2024/5/5 15:10:13,21.08,10.75,23.46,18.29,18.11,--,--,--,--,--,--,25.99,29.29,23.46,35.12,11.66,8.244865,,
23, 2024/5/5 15:10:14,22.08,10.78,23.43,18.31,18.19,--,--,--,--,--,--,25.99,29.28,23.43,35.13,11.7,8.273148,,
24, 2024/5/5 15:10:15,23.08,10.74,23.47,18.35,18.24,--,--,--,--,--,--,25.99,29.3,23.47,35.13,11.66,8.244865,,
25, 2024/5/5 15:10:16,24.08,10.79,23.46,18.41,18.26,--,--,--,--,--,--,25.99,29.3,23.46,35.13,11.67,8.251937,,
26, 2024/5/5 15:10:17,25.08,10.74,23.44,18.39,18.23,--,--,--,--,--,--,25.99,29.29,23.44,35.14,11.7,8.273151,,
27, 2024/5/5 15:10:18,26.08,10.82,23.44,18.4,18.14,--,--,--,--,--,--,25.98,29.3,23.44,35.15,11.71,8.280221,,
28, 2024/5/5 15:10:19,27.09,10.86,23.47,18.35,18.14,--,--,--,--,--,--,25.99,29.33,23.47,35.19,11.72,8.287295,,
29, 2024/5/5 15:10:20,28.09,10.94,23.44,18.35,18.1,--,--,--,--,--,--,26,29.32,23.44,35.2,11.76,8.315577,,
30, 2024/5/5 15:10:21,29.09,10.92,23.46,18.31,18.09,--,--,--,--,--,--,25.99,29.32,23.46,35.17,11.71,8.280217,,
31, 2024/5/5 15:10:22,30.09,10.97,23.46,18.33,18.09,--,--,--,--,--,--,25.99,29.33,23.46,35.19,11.73,8.294367,,
32, 2024/5/5 15:10:23,31.09,10.98,23.45,18.26,18.11,--,--,--,--,--,--,25.99,29.33,23.45,35.21,11.76,8.315573,,
33, 2024/5/5 15:10:24,32.09,11,23.45,18.13,18.04,--,--,--,--,--,--,25.98,29.34,23.45,35.22,11.77,8.322647,,
34, 2024/5/5 15:10:25,33.1,11.03,23.47,18.11,18.21,--,--,--,--,--,--,26,29.38,23.47,35.28,11.81,8.350933,,
35, 2024/5/5 15:10:26,34.09,11.09,23.44,18.02,18.49,--,--,--,--,--,--,25.99,29.36,23.44,35.27,11.83,8.365073,,
36, 2024/5/5 15:10:27,35.1,11.1,23.43,17.93,18.67,--,--,--,--,--,--,25.98,29.37,23.43,35.31,11.88,8.400426,,
37, 2024/5/5 15:10:28,36.1,11.09,23.44,17.93,18.79,--,--,--,--,--,--,25.98,29.37,23.44,35.29,11.85,8.379217,,
38, 2024/5/5 15:10:29,37.1,11.1,23.46,17.91,18.81,--,--,--,--,--,--,25.99,29.41,23.46,35.35,11.89,8.407503,,
39, 2024/5/5 15:10:30,38.1,11.15,23.41,17.87,18.81,--,--,--,--,--,--,25.98,29.39,23.41,35.37,11.96,8.456998,,
40, 2024/5/5 15:10:31,39.1,11.18,23.43,17.88,18.76,--,--,--,--,--,--,25.98,29.41,23.43,35.38,11.95,8.449928,,
41, 2024/5/5 15:10:32,40.1,11.2,23.43,17.87,18.68,--,--,--,--,--,--,26,29.42,23.43,35.41,11.98,8.471135,,
42, 2024/5/5 15:10:33,41.1,11.19,23.45,17.83,18.66,--,--,--,--,--,--,25.99,29.43,23.45,35.41,11.96,8.456993,,
43, 2024/5/5 15:10:34,42.11,11.17,23.46,17.82,18.59,--,--,--,--,--,--,25.99,29.47,23.46,35.47,12.01,8.492354,,
44, 2024/5/5 15:10:35,43.11,11.27,23.46,17.78,18.55,--,--,--,--,--,--,26,29.48,23.46,35.49,12.03,8.506495,,
45, 2024/5/5 15:10:36,44.11,11.29,23.44,17.8,18.5,--,--,--,--,--,--,25.99,29.49,23.44,35.53,12.09,8.548924,,
46, 2024/5/5 15:10:37,45.11,11.33,23.42,17.77,18.45,--,--,--,--,--,--,25.98,29.48,23.42,35.54,12.12,8.570135,,
47, 2024/5/5 15:10:38,46.11,11.35,23.41,17.74,18.41,--,--,--,--,--,--,25.99,29.5,23.41,35.59,12.18,8.612557,,
48, 2024/5/5 15:10:39,47.11,11.34,23.46,17.73,18.38,--,--,--,--,--,--,25.99,29.51,23.46,35.56,12.1,8.555994,,
49, 2024/5/5 15:10:40,48.11,11.39,23.43,17.75,18.31,--,--,--,--,--,--,25.97,29.51,23.43,35.59,12.16,8.598415,,
50, 2024/5/5 15:10:41,49.12,11.43,23.49,17.75,18.28,--,--,--,--,--,--,25.98,29.53,23.49,35.57,12.08,8.541848,,
51, 2024/5/5 15:10:42,50.12,11.45,23.44,17.77,18.23,--,--,--,--,--,--,25.99,29.53,23.44,35.62,12.18,8.61256,,
52, 2024/5/5 15:10:43,51.12,11.46,23.45,17.91,18.13,--,--,--,--,--,--,25.98,29.53,23.45,35.6,12.15,8.591344,,
53, 2024/5/5 15:10:44,52.12,11.54,23.46,17.94,18.05,--,--,--,--,--,--,26,29.57,23.46,35.67,12.21,8.633774,,
54, 2024/5/5 15:10:45,53.12,11.53,23.45,17.96,18.04,--,--,--,--,--,--,25.98,29.56,23.45,35.67,12.22,8.640841,,
55, 2024/5/5 15:10:46,54.12,11.53,23.42,17.98,18.05,--,--,--,--,--,--,25.96,29.53,23.42,35.64,12.22,8.640846,,
56, 2024/5/5 15:10:47,55.12,11.52,23.44,17.95,17.99,--,--,--,--,--,--,25.99,29.56,23.44,35.67,12.23,8.647915,,
57, 2024/5/5 15:10:48,56.13,11.61,23.46,17.92,17.99,--,--,--,--,--,--,25.98,29.59,23.46,35.71,12.25,8.662056,,
58, 2024/5/5 15:10:49,57.13,11.6,23.45,17.97,18,--,--,--,--,--,--,25.99,29.58,23.45,35.7,12.25,8.662061,,
59, 2024/5/5 15:10:50,58.13,11.61,23.43,18,18.07,--,--,--,--,--,--,25.99,29.58,23.43,35.73,12.3,8.69741,,
60, 2024/5/5 15:10:51,59.13,11.68,23.42,18.06,18.08,--,--,--,--,--,--,25.98,29.58,23.42,35.74,12.32,8.711559,,
61, 2024/5/5 15:10:52,60.13,11.64,23.4,18.02,18.05,--,--,--,--,--,--,25.97,29.55,23.4,35.69,12.29,8.690343,,
62, 2024/5/5 15:10:53,61.13,11.7,23.46,17.99,18.07,--,--,--,--,--,--,25.99,29.6,23.46,35.74,12.28,8.683278,,
63, 2024/5/5 15:10:54,62.13,11.69,23.43,18,18.03,--,--,--,--,--,--,25.99,29.58,23.43,35.73,12.3,8.69741,,
64, 2024/5/5 15:10:55,63.14,11.75,23.44,17.97,18,--,--,--,--,--,--,25.98,29.58,23.44,35.72,12.28,8.683271,,
65, 2024/5/5 15:10:56,64.14,11.78,23.42,17.93,17.96,--,--,--,--,--,--,25.98,29.59,23.42,35.75,12.33,8.718626,,
66, 2024/5/5 15:10:57,65.14,11.8,23.43,17.9,17.93,--,--,--,--,--,--,25.98,29.58,23.43,35.72,12.29,8.690341,,
67, 2024/5/5 15:10:58,66.14,11.83,23.42,17.88,17.92,--,--,--,--,--,--,25.98,29.57,23.42,35.72,12.3,8.697412,,
68, 2024/5/5 15:10:59,67.14,11.86,23.43,17.93,17.93,--,--,--,--,--,--,25.98,29.59,23.43,35.74,12.31,8.704488,,
69, 2024/5/5 15:11:00,68.14,11.89,23.47,17.89,17.92,--,--,--,--,--,--,25.98,29.62,23.47,35.76,12.29,8.690342,,
70, 2024/5/5 15:11:01,69.15,11.85,23.44,17.89,17.95,--,--,--,--,--,--,25.98,29.61,23.44,35.77,12.33,8.718628,,
71, 2024/5/5 15:11:02,70.15,11.87,23.43,17.9,17.95,--,--,--,--,--,--,25.98,29.62,23.43,35.8,12.37,8.746906,,
72, 2024/5/5 15:11:03,71.15,11.91,23.43,17.94,17.95,--,--,--,--,--,--,25.98,29.64,23.43,35.85,12.42,8.782266,,
73, 2024/5/5 15:11:04,72.15,11.97,23.46,17.99,17.99,--,--,--,--,--,--,25.99,29.66,23.46,35.85,12.39,8.761055,,
74, 2024/5/5 15:11:05,73.15,11.98,23.43,17.94,17.86,--,--,--,--,--,--,25.99,29.63,23.43,35.83,12.4,8.768126,,
75, 2024/5/5 15:11:06,74.15,11.97,23.42,17.87,17.74,--,--,--,--,--,--,25.98,29.65,23.42,35.87,12.45,8.80348,,
76, 2024/5/5 15:11:07,75.17,11.98,23.42,17.8,17.72,--,--,--,--,--,--,25.97,29.65,23.42,35.88,12.46,8.810553,,
77, 2024/5/5 15:11:08,76.2,12.01,23.44,17.78,17.76,--,--,--,--,--,--,26,29.68,23.44,35.91,12.47,8.817622,,
78, 2024/5/5 15:11:09,77.23,12.07,23.42,17.82,17.78,--,--,--,--,--,--,25.98,29.68,23.42,35.93,12.51,8.845908,,
79, 2024/5/5 15:11:10,78.27,12.03,23.4,17.86,17.83,--,--,--,--,--,--,25.98,29.66,23.4,35.92,12.52,8.852974,,
80, 2024/5/5 15:11:11,79.29,12.05,23.44,17.97,17.88,--,--,--,--,--,--,26,29.69,23.44,35.93,12.49,8.831768,,
81, 2024/5/5 15:11:12,80.33,12.07,23.46,17.94,17.92,--,--,--,--,--,--,25.99,29.7,23.46,35.93,12.47,8.817626,,
82, 2024/5/5 15:11:13,81.36,12.06,23.44,17.89,17.91,--,--,--,--,--,--,25.98,29.68,23.44,35.91,12.47,8.817622,,
83, 2024/5/5 15:11:14,82.38,12.13,23.42,17.88,17.8,--,--,--,--,--,--,25.98,29.69,23.42,35.95,12.53,8.86005,,
84, 2024/5/5 15:11:15,83.39,12.13,23.45,17.85,17.73,--,--,--,--,--,--,25.99,29.7,23.45,35.95,12.5,8.838836,,
85, 2024/5/5 15:11:16,84.41,12.15,23.4,17.83,17.71,--,--,--,--,--,--,25.98,29.68,23.4,35.96,12.56,8.881265,,
86, 2024/5/5 15:11:17,85.43,12.17,23.42,17.75,17.65,--,--,--,--,--,--,25.98,29.7,23.42,35.98,12.56,8.881264,,
87, 2024/5/5 15:11:18,86.45,12.24,23.45,17.72,17.63,--,--,--,--,--,--,25.98,29.73,23.45,36,12.55,8.874189,,
88, 2024/5/5 15:11:19,87.48,12.2,23.41,17.73,17.59,--,--,--,--,--,--,25.98,29.68,23.41,35.95,12.54,8.867121,,
89, 2024/5/5 15:11:20,88.5,12.3,23.43,17.73,17.6,--,--,--,--,--,--,25.97,29.69,23.43,35.94,12.51,8.845902,,
90, 2024/5/5 15:11:21,89.5,12.28,23.43,17.78,17.66,--,--,--,--,--,--,25.97,29.7,23.43,35.96,12.53,8.860049,,
91, 2024/5/5 15:11:22,90.52,12.3,23.48,17.85,17.72,--,--,--,--,--,--,26,29.74,23.48,35.99,12.51,8.845909,,
92, 2024/5/5 15:11:23,91.55,12.33,23.44,17.78,17.57,--,--,--,--,--,--,25.99,29.72,23.44,36,12.56,8.881263,,
93, 2024/5/5 15:11:24,92.57,12.3,23.43,17.76,17.51,--,--,--,--,--,--,25.98,29.7,23.43,35.96,12.53,8.860049,,
94, 2024/5/5 15:11:25,93.6,12.33,23.42,17.75,17.49,--,--,--,--,--,--,26,29.7,23.42,35.98,12.56,8.881264,,
95, 2024/5/5 15:11:26,94.62,12.39,23.45,17.71,17.45,--,--,--,--,--,--,26,29.73,23.45,36,12.55,8.874189,,
96, 2024/5/5 15:11:27,95.63,12.35,23.4,17.71,17.46,--,--,--,--,--,--,25.98,29.71,23.4,36.01,12.61,8.916616,,
97, 2024/5/5 15:11:28,96.64,12.34,23.43,17.71,17.47,--,--,--,--,--,--,25.98,29.73,23.43,36.03,12.6,8.909541,,
98, 2024/5/5 15:11:29,97.66,12.47,23.41,17.71,17.49,--,--,--,--,--,--,25.97,29.71,23.41,36.01,12.6,8.909543,,
99, 2024/5/5 15:11:30,98.68,12.45,23.4,17.71,17.53,--,--,--,--,--,--,25.98,29.72,23.4,36.04,12.64,8.937834,,
100, 2024/5/5 15:11:31,99.69,12.5,23.41,17.71,17.55,--,--,--,--,--,--,25.97,29.72,23.41,36.03,12.62,8.923683,,
101, 2024/5/5 15:11:32,100.73,12.45,23.42,17.68,17.58,--,--,--,--,--,--,25.98,29.71,23.42,36,12.58,8.895403,,
102, 2024/5/5 15:11:33,101.74,12.5,23.43,17.67,17.54,--,--,--,--,--,--,25.99,29.76,23.43,36.08,12.65,8.944899,,
103, 2024/5/5 15:11:34,102.75,12.49,23.45,17.68,17.54,--,--,--,--,--,--,25.99,29.77,23.45,36.09,12.64,8.937832,,
104, 2024/5/5 15:11:35,103.77,12.54,23.39,17.67,17.55,--,--,--,--,--,--,25.96,29.73,23.39,36.06,12.67,8.959044,,
105, 2024/5/5 15:11:36,104.78,12.55,23.4,17.7,17.52,--,--,--,--,--,--,25.98,29.76,23.4,36.11,12.71,8.987328,,
106, 2024/5/5 15:11:37,105.8,12.56,23.42,17.71,17.56,--,--,--,--,--,--,25.98,29.75,23.42,36.08,12.66,8.95197,,
107, 2024/5/5 15:11:38,106.81,12.64,23.45,17.7,17.53,--,--,--,--,--,--,25.98,29.78,23.45,36.1,12.65,8.944896,,
108, 2024/5/5 15:11:39,107.82,12.61,23.42,17.71,17.53,--,--,--,--,--,--,25.98,29.78,23.42,36.13,12.71,8.987327,,
109, 2024/5/5 15:11:40,108.83,12.61,23.4,17.69,17.56,--,--,--,--,--,--,25.98,29.77,23.4,36.13,12.73,9.00147,,
110, 2024/5/5 15:11:41,109.84,12.66,23.45,17.72,17.54,--,--,--,--,--,--,25.98,29.77,23.45,36.09,12.64,8.937832,,
111, 2024/5/5 15:11:43,110.86,12.68,23.42,17.67,17.59,--,--,--,--,--,--,25.98,29.79,23.42,36.15,12.73,9.001472,,
112, 2024/5/5 15:11:44,111.87,12.69,23.44,17.72,17.6,--,--,--,--,--,--,25.97,29.79,23.44,36.13,12.69,8.973186,,
113, 2024/5/5 15:11:45,112.88,12.71,23.43,17.73,17.63,--,--,--,--,--,--,25.97,29.78,23.43,36.13,12.7,8.980255,,
114, 2024/5/5 15:11:46,113.9,12.74,23.44,17.73,17.64,--,--,--,--,--,--,25.98,29.8,23.44,36.15,12.71,8.98733,,
115, 2024/5/5 15:11:47,114.9,12.74,23.43,17.71,17.67,--,--,--,--,--,--,25.99,29.8,23.43,36.16,12.73,9.001466,,
116, 2024/5/5 15:11:48,115.92,12.75,23.43,17.78,17.7,--,--,--,--,--,--,25.98,29.8,23.43,36.16,12.73,9.001466,,
117, 2024/5/5 15:11:49,116.95,12.78,23.42,17.8,17.79,--,--,--,--,--,--,25.98,29.8,23.42,36.18,12.76,9.022683,,
118, 2024/5/5 15:11:50,117.97,12.79,23.41,17.87,17.81,--,--,--,--,--,--,25.98,29.79,23.41,36.16,12.75,9.015608,,
119, 2024/5/5 15:11:51,118.98,12.83,23.4,17.88,17.86,--,--,--,--,--,--,25.98,29.79,23.4,36.17,12.77,9.029756,,
120, 2024/5/5 15:11:52,119.99,12.82,23.42,17.86,17.86,--,--,--,--,--,--,26,29.82,23.42,36.22,12.8,9.050964,,
121, 2024/5/5 15:11:53,121.01,12.84,23.41,17.82,17.86,--,--,--,--,--,--,25.98,29.79,23.41,36.16,12.75,9.015608,,
122, 2024/5/5 15:11:54,122.03,12.85,23.42,17.79,17.8,--,--,--,--,--,--,25.98,29.8,23.42,36.17,12.75,9.015612,,
123, 2024/5/5 15:11:55,123.04,12.87,23.38,17.79,17.82,--,--,--,--,--,--,25.99,29.79,23.38,36.19,12.81,9.058036,,
124, 2024/5/5 15:11:56,124.05,12.88,23.44,17.77,17.8,--,--,--,--,--,--,25.98,29.8,23.44,36.16,12.72,8.994396,,
125, 2024/5/5 15:11:57,125.07,12.92,23.44,17.81,17.77,--,--,--,--,--,--,25.99,29.8,23.44,36.15,12.71,8.98733,,
126, 2024/5/5 15:11:58,126.08,12.93,23.41,17.81,17.72,--,--,--,--,--,--,25.98,29.78,23.41,36.14,12.73,9.001472,,
127, 2024/5/5 15:11:59,127.09,12.99,23.42,17.8,17.76,--,--,--,--,--,--,25.99,29.77,23.42,36.12,12.7,8.980253,,
128, 2024/5/5 15:12:00,128.1,12.98,23.44,17.77,17.71,--,--,--,--,--,--,25.99,29.78,23.44,36.11,12.67,8.959044,,
129, 2024/5/5 15:12:01,129.12,12.97,23.44,17.76,17.66,--,--,--,--,--,--,25.98,29.78,23.44,36.11,12.67,8.959044,,
130, 2024/5/5 15:12:02,130.13,12.98,23.44,17.76,17.67,--,--,--,--,--,--,25.98,29.78,23.44,36.12,12.68,8.966113,,
131, 2024/5/5 15:12:03,131.14,13,23.44,17.74,17.65,--,--,--,--,--,--,25.98,29.78,23.44,36.12,12.68,8.966113,,
132, 2024/5/5 15:12:04,132.16,13,23.42,17.74,17.6,--,--,--,--,--,--,25.97,29.78,23.42,36.14,12.72,8.9944,,
133, 2024/5/5 15:12:05,133.17,13.07,23.45,17.72,17.61,--,--,--,--,--,--,25.98,29.81,23.45,36.16,12.71,8.987323,,
134, 2024/5/5 15:12:06,134.18,13.02,23.42,17.71,17.58,--,--,--,--,--,--,25.98,29.8,23.42,36.18,12.76,9.022683,,
135, 2024/5/5 15:12:07,135.2,13.08,23.4,17.69,17.57,--,--,--,--,--,--,25.97,29.78,23.4,36.16,12.76,9.02268,,
136, 2024/5/5 15:12:08,136.21,13.11,23.44,17.68,17.57,--,--,--,--,--,--,25.98,29.82,23.44,36.19,12.75,9.015609,,
137, 2024/5/5 15:12:09,137.22,13.12,23.4,17.66,17.53,--,--,--,--,--,--,25.98,29.8,23.4,36.19,12.79,9.043893,,
138, 2024/5/5 15:12:10,138.23,13.12,23.39,17.67,17.49,--,--,--,--,--,--,25.98,29.81,23.39,36.23,12.84,9.079252,,
139, 2024/5/5 15:12:11,139.24,13.17,23.43,17.68,17.46,--,--,--,--,--,--,25.99,29.83,23.43,36.23,12.8,9.050968,,
140, 2024/5/5 15:12:12,140.26,13.17,23.39,17.65,17.48,--,--,--,--,--,--,25.97,29.8,23.39,36.2,12.81,9.058038,,
141, 2024/5/5 15:12:13,141.27,13.18,23.41,17.64,17.46,--,--,--,--,--,--,25.98,29.81,23.41,36.2,12.79,9.043896,,
142, 2024/5/5 15:12:14,142.28,13.19,23.43,17.67,17.53,--,--,--,--,--,--,25.98,29.82,23.43,36.21,12.78,9.036825,,
143, 2024/5/5 15:12:15,143.29,13.2,23.44,17.65,17.54,--,--,--,--,--,--,25.97,29.83,23.44,36.22,12.78,9.036823,,
144, 2024/5/5 15:12:16,144.31,13.23,23.45,17.69,17.57,--,--,--,--,--,--,25.99,29.82,23.45,36.19,12.74,9.008535,,
145, 2024/5/5 15:12:17,145.32,13.22,23.42,17.69,17.59,--,--,--,--,--,--,25.99,29.83,23.42,36.24,12.82,9.065112,,
146, 2024/5/5 15:12:18,146.34,13.25,23.43,17.66,17.58,--,--,--,--,--,--,25.98,29.82,23.43,36.2,12.77,9.029754,,
147, 2024/5/5 15:12:19,147.35,13.29,23.42,17.7,17.6,--,--,--,--,--,--,25.97,29.82,23.42,36.22,12.8,9.050964,,
148, 2024/5/5 15:12:20,148.36,13.3,23.41,17.67,17.59,--,--,--,--,--,--,25.97,29.81,23.41,36.21,12.8,9.050967,,
149, 2024/5/5 15:12:21,149.37,13.32,23.44,17.69,17.5,--,--,--,--,--,--,25.98,29.85,23.44,36.25,12.81,9.058039,,
150, 2024/5/5 15:12:22,150.38,13.36,23.44,17.63,17.4,--,--,--,--,--,--,25.98,29.86,23.44,36.28,12.84,9.079249,,
151, 2024/5/5 15:12:23,151.39,13.36,23.43,17.66,17.38,--,--,--,--,--,--,25.99,29.86,23.43,36.29,12.86,9.09339,,
152, 2024/5/5 15:12:24,152.41,13.34,23.38,17.71,17.42,--,--,--,--,--,--,25.98,29.84,23.38,36.3,12.92,9.135821,,
153, 2024/5/5 15:12:25,153.43,13.37,23.39,17.77,17.59,--,--,--,--,--,--,25.98,29.86,23.39,36.33,12.94,9.149961,,
154, 2024/5/5 15:12:26,154.44,13.38,23.41,17.8,17.65,--,--,--,--,--,--,26,29.88,23.41,36.35,12.94,9.14996,,
155, 2024/5/5 15:12:27,155.46,13.35,23.45,17.8,17.7,--,--,--,--,--,--,25.98,29.91,23.45,36.36,12.91,9.12875,,
156, 2024/5/5 15:12:28,156.49,13.37,23.43,17.82,17.7,--,--,--,--,--,--,25.98,29.89,23.43,36.34,12.91,9.128746,,
157, 2024/5/5 15:12:29,157.5,13.42,23.42,17.78,17.64,--,--,--,--,--,--,25.97,29.91,23.42,36.4,12.98,9.178246,,
158, 2024/5/5 15:12:30,158.52,13.44,23.43,17.82,17.59,--,--,--,--,--,--,25.98,29.92,23.43,36.4,12.97,9.171174,,
159, 2024/5/5 15:12:31,159.54,13.41,23.41,17.82,17.67,--,--,--,--,--,--,25.99,29.91,23.41,36.4,12.99,9.185316,,
160, 2024/5/5 15:12:32,160.57,13.48,23.46,17.81,17.71,--,--,--,--,--,--,25.98,29.95,23.46,36.44,12.98,9.178249,,
161, 2024/5/5 15:12:33,161.61,13.46,23.44,17.77,17.6,--,--,--,--,--,--,25.97,29.93,23.44,36.41,12.97,9.171177,,
162, 2024/5/5 15:12:34,162.64,13.44,23.41,17.73,17.47,--,--,--,--,--,--,25.98,29.93,23.41,36.44,13.03,9.213601,,
163, 2024/5/5 15:12:35,163.64,13.45,23.41,17.71,17.51,--,--,--,--,--,--,25.98,29.92,23.41,36.42,13.01,9.199457,,
164, 2024/5/5 15:12:36,164.64,13.51,23.41,17.72,17.51,--,--,--,--,--,--,25.97,29.92,23.41,36.43,13.02,9.206529,,
165, 2024/5/5 15:12:37,165.65,13.47,23.44,17.68,17.41,--,--,--,--,--,--,25.97,29.95,23.44,36.45,13.01,9.19946,,
166, 2024/5/5 15:12:38,166.65,13.54,23.4,17.66,17.4,--,--,--,--,--,--,25.97,29.91,23.4,36.42,13.02,9.20653,,
167, 2024/5/5 15:12:39,167.65,13.57,23.37,17.69,17.41,--,--,--,--,--,--,25.97,29.9,23.37,36.43,13.06,9.234812,,
168, 2024/5/5 15:12:40,168.65,13.56,23.38,17.73,17.48,--,--,--,--,--,--,25.98,29.92,23.38,36.46,13.08,9.248959,,
169, 2024/5/5 15:12:41,169.65,13.54,23.43,17.72,17.5,--,--,--,--,--,--,25.98,29.9,23.43,36.37,12.94,9.149962,,
170, 2024/5/5 15:12:42,170.65,13.57,23.5,17.74,17.53,--,--,--,--,--,--,25.98,29.88,23.5,36.26,12.76,9.022681,,
171, 2024/5/5 15:12:43,171.66,13.63,23.52,17.72,17.55,--,--,--,--,--,--,25.97,29.83,23.52,36.13,12.61,8.916616,,
172, 2024/5/5 15:12:44,172.65,13.57,23.5,17.74,17.59,--,--,--,--,--,--,25.97,29.81,23.5,36.11,12.61,8.916616,,
173, 2024/5/5 15:12:45,173.66,13.6,23.52,17.72,17.59,--,--,--,--,--,--,25.97,29.81,23.52,36.09,12.57,8.888335,,
174, 2024/5/5 15:12:46,174.66,13.6,23.53,17.73,17.63,--,--,--,--,--,--,25.99,29.8,23.53,36.06,12.53,8.860051,,
175, 2024/5/5 15:12:47,175.66,13.64,23.55,17.7,17.58,--,--,--,--,--,--,25.99,29.8,23.55,36.04,12.49,8.831768,,
176, 2024/5/5 15:12:48,176.66,13.64,23.55,17.73,17.6,--,--,--,--,--,--,25.98,29.77,23.55,35.99,12.44,8.796413,,
177, 2024/5/5 15:12:49,177.66,13.65,23.59,17.72,17.61,--,--,--,--,--,--,25.97,29.79,23.59,35.99,12.4,8.768127,,
178, 2024/5/5 15:12:50,178.66,13.67,23.57,17.71,17.56,--,--,--,--,--,--,25.97,29.79,23.57,36.01,12.44,8.796406,,
179, 2024/5/5 15:12:51,179.66,13.67,23.58,17.68,17.47,--,--,--,--,--,--,25.98,29.78,23.58,35.98,12.4,8.768128,,
180, 2024/5/5 15:12:52,180.67,13.74,23.58,17.7,17.47,--,--,--,--,--,--,25.97,29.8,23.58,36.01,12.43,8.789337,,
181, 2024/5/5 15:12:53,181.67,13.76,23.63,17.7,17.44,--,--,--,--,--,--,25.98,29.82,23.63,36.01,12.38,8.753979,,
182, 2024/5/5 15:12:54,182.67,13.72,23.57,17.68,17.41,--,--,--,--,--,--,25.99,29.8,23.57,36.02,12.45,8.803478,,
183, 2024/5/5 15:12:55,183.67,13.71,23.62,17.69,17.43,--,--,--,--,--,--,25.99,29.8,23.62,35.98,12.36,8.739841,,
184, 2024/5/5 15:12:56,184.67,13.76,23.59,17.65,17.38,--,--,--,--,--,--,25.97,29.78,23.59,35.97,12.38,8.75398,,
185, 2024/5/5 15:12:57,185.67,13.72,23.62,17.69,17.35,--,--,--,--,--,--,25.98,29.81,23.62,35.99,12.37,8.746913,,
186, 2024/5/5 15:12:58,186.67,13.73,23.6,17.7,17.38,--,--,--,--,--,--,25.98,29.79,23.6,35.97,12.37,8.746909,,
187, 2024/5/5 15:12:59,187.68,13.76,23.61,17.69,17.36,--,--,--,--,--,--,25.99,29.79,23.61,35.97,12.36,8.739838,,
188, 2024/5/5 15:13:00,188.68,13.79,23.64,17.69,17.34,--,--,--,--,--,--,25.99,29.79,23.64,35.94,12.3,8.69741,,
189, 2024/5/5 15:13:01,189.68,13.84,23.63,17.68,17.31,--,--,--,--,--,--,25.98,29.78,23.63,35.93,12.3,8.697415,,
190, 2024/5/5 15:13:02,190.68,13.83,23.62,17.71,17.34,--,--,--,--,--,--,25.96,29.76,23.62,35.9,12.28,8.683268,,
191, 2024/5/5 15:13:03,191.68,13.87,23.62,17.73,17.35,--,--,--,--,--,--,25.99,29.77,23.62,35.92,12.3,8.697408,,
192, 2024/5/5 15:13:04,192.68,13.84,23.63,17.68,17.33,--,--,--,--,--,--,25.97,29.77,23.63,35.91,12.28,8.68327,,
193, 2024/5/5 15:13:05,193.68,13.9,23.6,17.71,17.35,--,--,--,--,--,--,25.98,29.76,23.6,35.91,12.31,8.704484,,
194, 2024/5/5 15:13:06,194.69,13.89,23.58,17.73,17.32,--,--,--,--,--,--,25.98,29.74,23.58,35.9,12.32,8.711555,,
195, 2024/5/5 15:13:07,195.69,13.92,23.61,17.73,17.38,--,--,--,--,--,--,25.99,29.77,23.61,35.93,12.32,8.711557,,
196, 2024/5/5 15:13:08,196.69,13.9,23.64,17.74,17.39,--,--,--,--,--,--,25.97,29.75,23.64,35.86,12.22,8.640847,,
197, 2024/5/5 15:13:09,197.69,13.87,23.61,17.77,17.37,--,--,--,--,--,--,25.98,29.76,23.61,35.91,12.3,8.697412,,
198, 2024/5/5 15:13:10,198.69,13.92,23.63,17.79,17.36,--,--,--,--,--,--,25.98,29.76,23.63,35.88,12.25,8.66206,,
199, 2024/5/5 15:13:11,199.69,13.92,23.64,17.75,17.38,--,--,--,--,--,--,25.98,29.8,23.64,35.96,12.32,8.711556,,
200, 2024/5/5 15:13:12,200.69,13.96,23.62,17.77,17.4,--,--,--,--,--,--,25.97,29.77,23.62,35.92,12.3,8.697408,,
201, 2024/5/5 15:13:13,201.7,13.97,23.66,17.77,17.42,--,--,--,--,--,--,25.98,29.8,23.66,35.93,12.27,8.676203,,
202, 2024/5/5 15:13:14,202.7,13.99,23.66,17.75,17.46,--,--,--,--,--,--,25.98,29.81,23.66,35.95,12.29,8.690345,,
203, 2024/5/5 15:13:15,203.7,14,23.69,17.77,17.46,--,--,--,--,--,--,25.99,29.82,23.69,35.94,12.25,8.662055,,
204, 2024/5/5 15:13:16,204.7,14.03,23.65,17.81,17.55,--,--,--,--,--,--,25.98,29.81,23.65,35.97,12.32,8.711555,,
205, 2024/5/5 15:13:17,205.7,14.05,23.68,17.93,17.63,--,--,--,--,--,--,25.98,29.82,23.68,35.95,12.27,8.676204,,
206, 2024/5/5 15:13:18,206.7,14.05,23.6,18.01,17.71,--,--,--,--,--,--,25.96,29.79,23.6,35.97,12.37,8.746909,,
207, 2024/5/5 15:13:19,207.7,14.05,23.67,18.06,17.72,--,--,--,--,--,--,25.98,29.82,23.67,35.97,12.3,8.697412,,
208, 2024/5/5 15:13:20,208.71,14,23.62,18.06,17.8,--,--,--,--,--,--,25.98,29.8,23.62,35.97,12.35,8.732765,,
209, 2024/5/5 15:13:21,209.71,14.04,23.68,18.08,17.82,--,--,--,--,--,--,25.99,29.82,23.68,35.96,12.28,8.683274,,
210, 2024/5/5 15:13:22,210.71,14.13,23.65,18,17.78,--,--,--,--,--,--,25.98,29.82,23.65,35.98,12.33,8.718632,,
211, 2024/5/5 15:13:23,211.71,14.1,23.64,17.95,17.68,--,--,--,--,--,--,25.96,29.81,23.64,35.98,12.34,8.725699,,
212, 2024/5/5 15:13:24,212.71,14.1,23.63,17.92,17.52,--,--,--,--,--,--,25.97,29.8,23.63,35.96,12.33,8.718628,,
213, 2024/5/5 15:13:25,213.71,14.11,23.64,17.88,17.5,--,--,--,--,--,--,25.98,29.81,23.64,35.97,12.33,8.718624,,
214, 2024/5/5 15:13:26,214.71,14.1,23.65,17.89,17.57,--,--,--,--,--,--,25.98,29.8,23.65,35.94,12.29,8.690342,,
215, 2024/5/5 15:13:27,215.71,14.14,23.65,17.96,17.66,--,--,--,--,--,--,25.98,29.8,23.65,35.95,12.3,8.697417,,
216, 2024/5/5 15:13:28,216.72,14.15,23.67,17.96,17.69,--,--,--,--,--,--,25.98,29.81,23.67,35.95,12.28,8.683274,,
217, 2024/5/5 15:13:29,217.72,14.19,23.62,17.95,17.62,--,--,--,--,--,--,25.96,29.77,23.62,35.92,12.3,8.697408,,
218, 2024/5/5 15:13:30,218.72,14.2,23.67,17.88,17.54,--,--,--,--,--,--,25.99,29.82,23.67,35.97,12.3,8.697412,,
219, 2024/5/5 15:13:31,219.72,14.14,23.64,17.89,17.48,--,--,--,--,--,--,25.98,29.79,23.64,35.93,12.29,8.690344,,
220, 2024/5/5 15:13:32,220.72,14.19,23.63,17.85,17.43,--,--,--,--,--,--,25.99,29.79,23.63,35.94,12.31,8.704481,,
221, 2024/5/5 15:13:33,221.72,14.16,23.65,17.86,17.36,--,--,--,--,--,--,25.97,29.78,23.65,35.9,12.25,8.662058,,
222, 2024/5/5 15:13:34,222.73,14.16,23.69,17.88,17.32,--,--,--,--,--,--,25.99,29.82,23.69,35.94,12.25,8.662055,,
223, 2024/5/5 15:13:35,223.73,14.2,23.68,17.92,17.45,--,--,--,--,--,--,25.99,29.82,23.68,35.96,12.28,8.683274,,
224, 2024/5/5 15:13:36,224.73,14.2,23.65,17.88,17.47,--,--,--,--,--,--,25.97,29.79,23.65,35.93,12.28,8.683276,,
225, 2024/5/5 15:13:37,225.73,14.19,23.65,17.91,17.51,--,--,--,--,--,--,25.98,29.81,23.65,35.96,12.31,8.704489,,
226, 2024/5/5 15:13:38,226.73,14.22,23.68,17.92,17.58,--,--,--,--,--,--,25.99,29.83,23.68,35.97,12.29,8.690341,,
227, 2024/5/5 15:13:39,227.73,14.26,23.66,17.9,17.62,--,--,--,--,--,--,25.98,29.81,23.66,35.95,12.29,8.690345,,
228, 2024/5/5 15:13:40,228.73,14.25,23.7,17.94,17.71,--,--,--,--,--,--,25.99,29.84,23.7,35.98,12.28,8.683275,,
229, 2024/5/5 15:13:41,229.73,14.27,23.66,18.01,17.74,--,--,--,--,--,--,25.98,29.81,23.66,35.96,12.3,8.697415,,
230, 2024/5/5 15:13:42,230.74,14.28,23.64,17.95,17.63,--,--,--,--,--,--,25.98,29.81,23.64,35.97,12.33,8.718624,,
231, 2024/5/5 15:13:43,231.74,14.27,23.66,17.88,17.62,--,--,--,--,--,--,25.98,29.83,23.66,36,12.34,8.725698,,
232, 2024/5/5 15:13:44,232.74,14.28,23.65,17.82,17.6,--,--,--,--,--,--,25.98,29.83,23.65,36.01,12.36,8.73984,,
233, 2024/5/5 15:13:45,233.74,14.3,23.67,17.85,17.56,--,--,--,--,--,--,25.98,29.84,23.67,36,12.33,8.718628,,
234, 2024/5/5 15:13:46,234.74,14.3,23.64,17.85,17.52,--,--,--,--,--,--,25.98,29.84,23.64,36.03,12.39,8.761048,,
235, 2024/5/5 15:13:47,235.74,14.34,23.67,17.85,17.45,--,--,--,--,--,--,25.98,29.85,23.67,36.03,12.36,8.739838,,
236, 2024/5/5 15:13:48,236.74,14.31,23.67,17.86,17.48,--,--,--,--,--,--,25.97,29.85,23.67,36.02,12.35,8.73277,,
237, 2024/5/5 15:13:49,237.75,14.35,23.7,17.92,17.57,--,--,--,--,--,--,25.97,29.86,23.7,36.01,12.31,8.704484,,
238, 2024/5/5 15:13:50,238.75,14.35,23.68,17.9,17.55,--,--,--,--,--,--,25.98,29.85,23.68,36.01,12.33,8.718626,,
239, 2024/5/5 15:13:51,239.75,14.35,23.67,17.89,17.53,--,--,--,--,--,--,25.96,29.82,23.67,35.97,12.3,8.697412,,
240, 2024/5/5 15:13:52,240.75,14.39,23.66,17.89,17.49,--,--,--,--,--,--,25.96,29.82,23.66,35.97,12.31,8.704483,,
241, 2024/5/5 15:13:53,241.75,14.4,23.63,17.9,17.54,--,--,--,--,--,--,25.97,29.79,23.63,35.95,12.32,8.711556,,
242, 2024/5/5 15:13:54,242.75,14.36,23.68,17.93,17.6,--,--,--,--,--,--,25.98,29.83,23.68,35.97,12.29,8.690341,,
243, 2024/5/5 15:13:55,243.75,14.4,23.64,17.93,17.64,--,--,--,--,--,--,25.98,29.8,23.64,35.96,12.32,8.711556,,
244, 2024/5/5 15:13:56,244.76,14.41,23.68,17.95,17.71,--,--,--,--,--,--,25.98,29.8,23.68,35.92,12.24,8.654984,,
245, 2024/5/5 15:13:57,245.76,14.41,23.65,18,17.76,--,--,--,--,--,--,25.98,29.8,23.65,35.94,12.29,8.690342,,
246, 2024/5/5 15:13:58,246.76,14.37,23.67,18,17.76,--,--,--,--,--,--,25.98,29.78,23.67,35.88,12.21,8.633778,,
247, 2024/5/5 15:13:59,247.76,14.4,23.67,18,17.77,--,--,--,--,--,--,25.97,29.78,23.67,35.88,12.21,8.633778,,
248, 2024/5/5 15:14:00,248.76,14.44,23.68,17.98,17.81,--,--,--,--,--,--,25.98,29.8,23.68,35.91,12.23,8.647916,,
249, 2024/5/5 15:14:01,249.76,14.48,23.7,18.03,17.82,--,--,--,--,--,--,25.99,29.81,23.7,35.92,12.22,8.640841,,
250, 2024/5/5 15:14:02,250.77,14.46,23.66,18.08,17.87,--,--,--,--,--,--,25.97,29.81,23.66,35.96,12.3,8.697415,,
251, 2024/5/5 15:14:03,251.76,14.45,23.68,18.02,17.84,--,--,--,--,--,--,25.97,29.82,23.68,35.96,12.28,8.683274,,
252, 2024/5/5 15:14:04,252.77,14.46,23.65,18.03,17.86,--,--,--,--,--,--,25.97,29.83,23.65,36.01,12.36,8.73984,,
253, 2024/5/5 15:14:05,253.77,14.49,23.68,17.97,17.85,--,--,--,--,--,--,25.97,29.84,23.68,36,12.32,8.711556,,
254, 2024/5/5 15:14:06,254.77,14.51,23.69,17.96,17.85,--,--,--,--,--,--,25.99,29.88,23.69,36.06,12.37,8.746913,,
255, 2024/5/5 15:14:07,255.77,14.57,23.68,17.95,17.82,--,--,--,--,--,--,25.98,29.89,23.68,36.1,12.42,8.782263,,
256, 2024/5/5 15:14:08,256.77,14.52,23.69,17.91,17.84,--,--,--,--,--,--,25.97,29.89,23.69,36.09,12.4,8.768126,,
257, 2024/5/5 15:14:09,257.77,14.53,23.65,17.93,17.79,--,--,--,--,--,--,25.97,29.88,23.65,36.11,12.46,8.810552,,
258, 2024/5/5 15:14:10,258.77,14.58,23.68,17.85,17.72,--,--,--,--,--,--,25.99,29.92,23.68,36.16,12.48,8.82469,,
259, 2024/5/5 15:14:11,259.78,14.61,23.67,17.84,17.66,--,--,--,--,--,--,25.98,29.9,23.67,36.13,12.46,8.810551,,
260, 2024/5/5 15:14:12,260.78,14.58,23.69,17.81,17.62,--,--,--,--,--,--,25.99,29.92,23.69,36.15,12.46,8.810553,,
261, 2024/5/5 15:14:13,261.78,14.6,23.65,17.8,17.6,--,--,--,--,--,--,25.98,29.92,23.65,36.18,12.53,8.86005,,
262, 2024/5/5 15:14:14,262.78,14.59,23.68,17.78,17.58,--,--,--,--,--,--,25.98,29.93,23.68,36.18,12.5,8.838837,,
263, 2024/5/5 15:14:15,263.78,14.66,23.63,17.79,17.61,--,--,--,--,--,--,25.97,29.92,23.63,36.2,12.57,8.888332,,
264, 2024/5/5 15:14:16,264.78,14.66,23.68,17.8,17.62,--,--,--,--,--,--,25.97,29.96,23.68,36.23,12.55,8.874193,,
265, 2024/5/5 15:14:17,265.78,14.68,23.68,17.78,17.65,--,--,--,--,--,--,25.98,29.96,23.68,36.24,12.56,8.881266,,
266, 2024/5/5 15:14:18,266.79,14.71,23.69,17.85,17.71,--,--,--,--,--,--,25.98,29.98,23.69,36.26,12.57,8.88833,,
267, 2024/5/5 15:14:19,267.79,14.67,23.65,17.92,17.75,--,--,--,--,--,--,25.96,29.96,23.65,36.27,12.62,8.92369,,
268, 2024/5/5 15:14:20,268.79,14.69,23.63,17.9,17.76,--,--,--,--,--,--,25.97,29.97,23.63,36.3,12.67,8.959042,,
269, 2024/5/5 15:14:21,269.79,14.7,23.65,17.89,17.8,--,--,--,--,--,--,25.96,29.99,23.65,36.32,12.67,8.959043,,
270, 2024/5/5 15:14:22,270.79,14.74,23.67,17.87,17.74,--,--,--,--,--,--,25.98,30.03,23.67,36.38,12.71,8.987331,,
271, 2024/5/5 15:14:23,271.79,14.73,23.66,17.82,17.72,--,--,--,--,--,--,25.98,30.01,23.66,36.36,12.7,8.980259,,
272, 2024/5/5 15:14:24,272.79,14.7,23.7,17.81,17.73,--,--,--,--,--,--,25.98,30.04,23.7,36.38,12.68,8.966118,,
273, 2024/5/5 15:14:25,273.8,14.75,23.66,17.79,17.68,--,--,--,--,--,--,25.96,30.02,23.66,36.38,12.72,8.994401,,
274, 2024/5/5 15:14:26,274.8,14.8,23.68,17.77,17.65,--,--,--,--,--,--,25.96,30.04,23.68,36.4,12.72,8.994398,,
275, 2024/5/5 15:14:27,275.8,14.78,23.68,17.74,17.63,--,--,--,--,--,--,25.97,30.03,23.68,36.38,12.7,8.98026,,
276, 2024/5/5 15:14:28,276.8,14.83,23.73,17.79,17.67,--,--,--,--,--,--,25.97,30.08,23.73,36.43,12.7,8.980254,,
277, 2024/5/5 15:14:29,277.8,14.78,23.68,17.76,17.61,--,--,--,--,--,--,25.98,30.07,23.68,36.45,12.77,9.029754,,
278, 2024/5/5 15:14:30,278.8,14.85,23.7,17.77,17.57,--,--,--,--,--,--,25.99,30.07,23.7,36.44,12.74,9.008542,,
279, 2024/5/5 15:14:31,279.8,14.88,23.69,17.72,17.56,--,--,--,--,--,--,25.98,30.08,23.69,36.46,12.77,9.029753,,
280, 2024/5/5 15:14:32,280.81,14.79,23.66,17.72,17.54,--,--,--,--,--,--,25.96,30.07,23.66,36.47,12.81,9.058042,,
281, 2024/5/5 15:14:33,281.81,14.88,23.65,17.73,17.54,--,--,--,--,--,--,25.97,30.05,23.65,36.45,12.8,9.050968,,
282, 2024/5/5 15:14:34,282.81,14.85,23.69,17.73,17.53,--,--,--,--,--,--,25.97,30.09,23.69,36.48,12.79,9.043898,,
283, 2024/5/5 15:14:35,283.81,14.81,23.68,17.74,17.51,--,--,--,--,--,--,25.98,30.08,23.68,36.48,12.8,9.050969,,
284, 2024/5/5 15:14:36,284.81,14.86,23.66,17.69,17.58,--,--,--,--,--,--,25.98,30.1,23.66,36.53,12.87,9.100463,,
285, 2024/5/5 15:14:37,285.81,14.92,23.69,17.71,17.53,--,--,--,--,--,--,25.97,30.09,23.69,36.49,12.8,9.05097,,
286, 2024/5/5 15:14:38,286.81,14.87,23.69,17.71,17.53,--,--,--,--,--,--,25.98,30.1,23.69,36.5,12.81,9.058038,,
287, 2024/5/5 15:14:39,287.81,14.89,23.68,17.69,17.51,--,--,--,--,--,--,25.96,30.07,23.68,36.46,12.78,9.036825,,
288, 2024/5/5 15:14:40,288.82,14.93,23.7,17.73,17.55,--,--,--,--,--,--,25.99,30.1,23.7,36.49,12.79,9.0439,,
289, 2024/5/5 15:14:41,289.82,14.9,23.64,17.73,17.59,--,--,--,--,--,--,25.96,30.06,23.64,36.47,12.83,9.072183,,
290, 2024/5/5 15:14:42,290.82,14.89,23.68,17.77,17.66,--,--,--,--,--,--,25.98,30.1,23.68,36.51,12.83,9.07218,,
291, 2024/5/5 15:14:43,291.82,14.89,23.7,17.84,17.74,--,--,--,--,--,--,25.98,30.08,23.7,36.46,12.76,9.022683,,
292, 2024/5/5 15:14:44,292.82,14.91,23.71,17.87,17.72,--,--,--,--,--,--,25.98,30.08,23.71,36.45,12.74,9.008541,,
293, 2024/5/5 15:14:45,293.82,14.89,23.67,17.83,17.74,--,--,--,--,--,--,25.96,30.05,23.67,36.42,12.75,9.015611,,
294, 2024/5/5 15:14:46,294.82,14.91,23.7,17.79,17.73,--,--,--,--,--,--,25.97,30.07,23.7,36.43,12.73,9.00147,,
295, 2024/5/5 15:14:47,295.83,14.93,23.72,17.75,17.7,--,--,--,--,--,--,25.98,30.07,23.72,36.41,12.69,8.973186,,
296, 2024/5/5 15:14:48,296.83,14.89,23.7,17.76,17.67,--,--,--,--,--,--,25.98,30.05,23.7,36.39,12.69,8.973186,,
297, 2024/5/5 15:14:49,297.83,14.93,23.7,17.73,17.61,--,--,--,--,--,--,25.98,30.06,23.7,36.42,12.72,8.994397,,
298, 2024/5/5 15:14:50,298.83,14.92,23.68,17.73,17.63,--,--,--,--,--,--,25.98,30.03,23.68,36.38,12.7,8.98026,,
299, 2024/5/5 15:14:51,299.83,14.95,23.67,17.74,17.64,--,--,--,--,--,--,25.98,30.03,23.67,36.38,12.71,8.987331,,
300, 2024/5/5 15:14:52,300.83,14.93,23.73,17.76,17.64,--,--,--,--,--,--,25.97,30.04,23.73,36.35,12.62,8.923685,,
301, 2024/5/5 15:14:53,301.83,14.95,23.69,17.77,17.68,--,--,--,--,--,--,25.96,30.03,23.69,36.36,12.67,8.959045,,
302, 2024/5/5 15:14:54,302.84,14.95,23.7,17.75,17.69,--,--,--,--,--,--,25.98,30.04,23.7,36.37,12.67,8.959045,,
303, 2024/5/5 15:14:55,303.84,14.97,23.7,17.78,17.72,--,--,--,--,--,--,25.98,30.03,23.7,36.36,12.66,8.951976,,
304, 2024/5/5 15:14:56,304.84,14.97,23.68,17.78,17.72,--,--,--,--,--,--,25.98,30.03,23.68,36.38,12.7,8.98026,,
305, 2024/5/5 15:14:57,305.84,14.94,23.68,17.76,17.72,--,--,--,--,--,--,25.96,30.02,23.68,36.36,12.68,8.966117,,
306, 2024/5/5 15:14:58,306.84,14.95,23.66,17.77,17.71,--,--,--,--,--,--,25.97,30.02,23.66,36.38,12.72,8.994401,,
307, 2024/5/5 15:14:59,307.84,14.94,23.64,17.75,17.73,--,--,--,--,--,--,25.98,30.01,23.64,36.37,12.73,9.00147,,
308, 2024/5/5 15:15:00,308.84,15,23.69,17.76,17.75,--,--,--,--,--,--,25.98,30.03,23.69,36.36,12.67,8.959045,,
309, 2024/5/5 15:15:01,309.85,15.03,23.68,17.74,17.73,--,--,--,--,--,--,25.98,30.04,23.68,36.39,12.71,8.987328,,
310, 2024/5/5 15:15:02,310.85,15.03,23.66,17.75,17.7,--,--,--,--,--,--,25.97,30.03,23.66,36.4,12.74,9.00854,,
311, 2024/5/5 15:15:03,311.85,15.02,23.68,17.79,17.74,--,--,--,--,--,--,25.98,30.04,23.68,36.39,12.71,8.987328,,
312, 2024/5/5 15:15:04,312.85,15.04,23.68,17.77,17.73,--,--,--,--,--,--,25.98,30.05,23.68,36.41,12.73,9.001472,,
313, 2024/5/5 15:15:05,313.85,15.07,23.68,17.75,17.71,--,--,--,--,--,--,25.96,30.04,23.68,36.39,12.71,8.987328,,
314, 2024/5/5 15:15:06,314.85,15.03,23.7,17.76,17.7,--,--,--,--,--,--,25.98,30.07,23.7,36.43,12.73,9.00147,,
315, 2024/5/5 15:15:08,315.85,15.11,23.71,17.73,17.7,--,--,--,--,--,--,25.98,30.08,23.71,36.44,12.73,9.001472,,
316, 2024/5/5 15:15:09,316.86,15.1,23.67,17.72,17.69,--,--,--,--,--,--,25.98,30.06,23.67,36.44,12.77,9.029756,,
317, 2024/5/5 15:15:10,317.86,15.06,23.71,17.74,17.73,--,--,--,--,--,--,25.96,30.07,23.71,36.43,12.72,8.994398,,
318, 2024/5/5 15:15:11,318.86,15.11,23.69,17.75,17.7,--,--,--,--,--,--,25.97,30.09,23.69,36.49,12.8,9.05097,,
319, 2024/5/5 15:15:12,319.86,15.1,23.7,17.75,17.71,--,--,--,--,--,--,25.97,30.09,23.7,36.47,12.77,9.029758,,
320, 2024/5/5 15:15:13,320.86,15.12,23.7,17.76,17.73,--,--,--,--,--,--,25.97,30.09,23.7,36.48,12.78,9.036827,,
321, 2024/5/5 15:15:14,321.86,15.11,23.66,17.69,17.7,--,--,--,--,--,--,25.97,30.08,23.66,36.49,12.83,9.072184,,
322, 2024/5/5 15:15:15,322.86,15.16,23.69,17.73,17.65,--,--,--,--,--,--,25.97,30.08,23.69,36.46,12.77,9.029753,,
323, 2024/5/5 15:15:16,323.87,15.13,23.72,17.69,17.62,--,--,--,--,--,--,25.97,30.09,23.72,36.46,12.74,9.008541,,
324, 2024/5/5 15:15:17,324.87,15.13,23.71,17.69,17.56,--,--,--,--,--,--,25.98,30.12,23.71,36.52,12.81,9.05804,,
325, 2024/5/5 15:15:18,325.87,15.15,23.67,17.66,17.53,--,--,--,--,--,--,25.96,30.09,23.67,36.5,12.83,9.072181,,
326, 2024/5/5 15:15:19,326.87,15.18,23.71,17.65,17.55,--,--,--,--,--,--,25.98,30.11,23.71,36.51,12.8,9.050967,,
327, 2024/5/5 15:15:20,327.87,15.21,23.66,17.64,17.54,--,--,--,--,--,--,25.97,30.09,23.66,36.52,12.86,9.093394,,
328, 2024/5/5 15:15:21,328.87,15.16,23.68,17.64,17.51,--,--,--,--,--,--,25.96,30.09,23.68,36.5,12.82,9.065109,,
329, 2024/5/5 15:15:22,329.88,15.16,23.68,17.66,17.54,--,--,--,--,--,--,25.97,30.1,23.68,36.51,12.83,9.07218,,
330, 2024/5/5 15:15:23,330.87,15.16,23.64,17.66,17.5,--,--,--,--,--,--,25.97,30.09,23.64,36.53,12.89,9.114604,,
331, 2024/5/5 15:15:24,331.88,15.16,23.65,17.64,17.48,--,--,--,--,--,--,25.96,30.09,23.65,36.53,12.88,9.107535,,
332, 2024/5/5 15:15:25,332.88,15.21,23.69,17.64,17.51,--,--,--,--,--,--,25.96,30.11,23.69,36.52,12.83,9.072181,,
333, 2024/5/5 15:15:26,333.88,15.21,23.69,17.68,17.54,--,--,--,--,--,--,25.97,30.12,23.69,36.55,12.86,9.093393,,
334, 2024/5/5 15:15:27,334.88,15.2,23.71,17.66,17.57,--,--,--,--,--,--,25.97,30.13,23.71,36.54,12.83,9.07218,,
335, 2024/5/5 15:15:28,335.88,15.2,23.71,17.65,17.57,--,--,--,--,--,--,25.97,30.15,23.71,36.58,12.87,9.100468,,
336, 2024/5/5 15:15:29,336.88,15.21,23.64,17.68,17.66,--,--,--,--,--,--,25.96,30.11,23.64,36.58,12.94,9.149963,,
337, 2024/5/5 15:15:30,337.88,15.2,23.71,17.73,17.61,--,--,--,--,--,--,25.97,30.15,23.71,36.58,12.87,9.100468,,
338, 2024/5/5 15:15:31,338.89,15.23,23.69,17.74,17.64,--,--,--,--,--,--,25.98,30.14,23.69,36.58,12.89,9.114609,,
339, 2024/5/5 15:15:32,339.89,15.25,23.71,17.75,17.61,--,--,--,--,--,--,25.98,30.15,23.71,36.59,12.88,9.107537,,
340, 2024/5/5 15:15:33,340.89,15.28,23.66,17.69,17.53,--,--,--,--,--,--,25.97,30.13,23.66,36.6,12.94,9.149963,,
341, 2024/5/5 15:15:34,341.89,15.27,23.69,17.64,17.56,--,--,--,--,--,--,25.96,30.14,23.69,36.58,12.89,9.114609,,
342, 2024/5/5 15:15:35,342.89,15.26,23.72,17.62,17.5,--,--,--,--,--,--,25.96,30.17,23.72,36.61,12.89,9.114606,,
343, 2024/5/5 15:15:36,343.89,15.26,23.71,17.61,17.44,--,--,--,--,--,--,25.96,30.16,23.71,36.6,12.89,9.114609,,
344, 2024/5/5 15:15:37,344.89,15.33,23.66,17.62,17.48,--,--,--,--,--,--,25.97,30.14,23.66,36.62,12.96,9.164102,,
345, 2024/5/5 15:15:38,345.9,15.32,23.72,17.67,17.51,--,--,--,--,--,--,25.98,30.16,23.72,36.6,12.88,9.107537,,
346, 2024/5/5 15:15:39,346.9,15.3,23.7,17.65,17.54,--,--,--,--,--,--,25.96,30.16,23.7,36.62,12.92,9.135818,,
347, 2024/5/5 15:15:40,347.9,15.31,23.7,17.64,17.52,--,--,--,--,--,--,25.97,30.16,23.7,36.61,12.91,9.128748,,
348, 2024/5/5 15:15:41,348.9,15.34,23.69,17.65,17.51,--,--,--,--,--,--,25.97,30.17,23.69,36.64,12.95,9.157029,,
349, 2024/5/5 15:15:42,349.9,15.33,23.69,17.61,17.48,--,--,--,--,--,--,25.96,30.15,23.69,36.61,12.92,9.135818,,
350, 2024/5/5 15:15:43,350.9,15.37,23.67,17.63,17.49,--,--,--,--,--,--,25.97,30.16,23.67,36.64,12.97,9.171172,,
351, 2024/5/5 15:15:44,351.9,15.36,23.74,17.64,17.54,--,--,--,--,--,--,25.98,30.2,23.74,36.66,12.92,9.135818,,
352, 2024/5/5 15:15:45,352.91,15.34,23.72,17.65,17.53,--,--,--,--,--,--,25.97,30.18,23.72,36.64,12.92,9.135817,,
353, 2024/5/5 15:15:46,353.91,15.35,23.69,17.66,17.56,--,--,--,--,--,--,25.96,30.18,23.69,36.66,12.97,9.171173,,
354, 2024/5/5 15:15:47,354.91,15.43,23.7,17.65,17.57,--,--,--,--,--,--,25.97,30.17,23.7,36.64,12.94,9.14996,,
355, 2024/5/5 15:15:48,355.91,15.39,23.69,17.64,17.67,--,--,--,--,--,--,25.97,30.18,23.69,36.66,12.97,9.171173,,
356, 2024/5/5 15:15:49,356.91,15.44,23.66,17.69,17.63,--,--,--,--,--,--,25.96,30.14,23.66,36.61,12.95,9.157032,,
357, 2024/5/5 15:15:50,357.91,15.44,23.68,17.7,17.62,--,--,--,--,--,--,25.97,30.19,23.68,36.69,13.01,9.199459,,
358, 2024/5/5 15:15:51,358.91,15.39,23.68,17.66,17.61,--,--,--,--,--,--,25.97,30.19,23.68,36.69,13.01,9.199459,,
359, 2024/5/5 15:15:52,359.92,15.43,23.71,17.64,17.57,--,--,--,--,--,--,25.97,30.21,23.71,36.7,12.99,9.185316,,
360, 2024/5/5 15:15:53,360.92,15.45,23.73,17.68,17.57,--,--,--,--,--,--,25.98,30.22,23.73,36.71,12.98,9.178244,,
361, 2024/5/5 15:15:54,361.92,15.44,23.68,17.67,17.56,--,--,--,--,--,--,25.98,30.21,23.68,36.74,13.06,9.234818,,
362, 2024/5/5 15:15:55,362.92,15.47,23.66,17.68,17.59,--,--,--,--,--,--,25.97,30.18,23.66,36.7,13.04,9.220671,,
363, 2024/5/5 15:15:56,363.92,15.47,23.71,17.71,17.64,--,--,--,--,--,--,25.97,30.2,23.71,36.68,12.97,9.171173,,
364, 2024/5/5 15:15:57,364.92,15.47,23.72,17.76,17.65,--,--,--,--,--,--,25.96,30.21,23.72,36.7,12.98,9.178245,,
365, 2024/5/5 15:15:58,365.92,15.5,23.72,17.72,17.68,--,--,--,--,--,--,25.97,30.23,23.72,36.73,13.01,9.199461,,
366, 2024/5/5 15:15:59,366.95,15.46,23.72,17.74,17.67,--,--,--,--,--,--,25.97,30.23,23.72,36.73,13.01,9.199461,,
367, 2024/5/5 15:16:00,367.97,15.49,23.66,17.72,17.66,--,--,--,--,--,--,25.96,30.2,23.66,36.74,13.08,9.24896,,
368, 2024/5/5 15:16:01,369,15.45,23.73,17.68,17.65,--,--,--,--,--,--,25.97,30.24,23.73,36.74,13.01,9.199461,,
369, 2024/5/5 15:16:02,370.02,15.53,23.71,17.69,17.61,--,--,--,--,--,--,25.97,30.22,23.71,36.72,13.01,9.199463,,
370, 2024/5/5 15:16:03,371.05,15.46,23.7,17.66,17.59,--,--,--,--,--,--,25.95,30.21,23.7,36.71,13.01,9.199459,,
371, 2024/5/5 15:16:04,372.07,15.48,23.74,17.66,17.56,--,--,--,--,--,--,25.98,30.24,23.74,36.74,13,9.192391,,
372, 2024/5/5 15:16:05,373.1,15.51,23.69,17.64,17.59,--,--,--,--,--,--,25.97,30.22,23.69,36.74,13.05,9.227746,,
373, 2024/5/5 15:16:06,374.13,15.49,23.67,17.62,17.58,--,--,--,--,--,--,25.96,30.22,23.67,36.77,13.1,9.263102,,
374, 2024/5/5 15:16:07,375.15,15.52,23.68,17.65,17.55,--,--,--,--,--,--,25.96,30.22,23.68,36.76,13.08,9.248957,,
375, 2024/5/5 15:16:08,376.18,15.55,23.72,17.62,17.56,--,--,--,--,--,--,25.97,30.25,23.72,36.78,13.06,9.234814,,
376, 2024/5/5 15:16:09,377.21,15.49,23.72,17.63,17.52,--,--,--,--,--,--,25.97,30.25,23.72,36.78,13.06,9.234814,,
377, 2024/5/5 15:16:10,378.23,15.54,23.71,17.6,17.49,--,--,--,--,--,--,25.97,30.24,23.71,36.76,13.05,9.227744,,
378, 2024/5/5 15:16:11,379.25,15.55,23.72,17.62,17.5,--,--,--,--,--,--,25.98,30.26,23.72,36.8,13.08,9.24896,,
379, 2024/5/5 15:16:12,380.28,15.58,23.68,17.62,17.5,--,--,--,--,--,--,25.97,30.26,23.68,36.83,13.15,9.298453,,
380, 2024/5/5 15:16:13,381.31,15.59,23.67,17.64,17.54,--,--,--,--,--,--,25.97,30.24,23.67,36.8,13.13,9.284315,,
381, 2024/5/5 15:16:14,382.34,15.58,23.71,17.66,17.57,--,--,--,--,--,--,25.96,30.24,23.71,36.77,13.06,9.234818,,
382, 2024/5/5 15:16:15,383.37,15.6,23.71,17.7,17.63,--,--,--,--,--,--,25.98,30.26,23.71,36.8,13.09,9.256031,,
383, 2024/5/5 15:16:16,384.4,15.61,23.71,17.77,17.67,--,--,--,--,--,--,25.97,30.25,23.71,36.78,13.07,9.241886,,
384, 2024/5/5 15:16:17,385.42,15.64,23.69,17.73,17.68,--,--,--,--,--,--,25.97,30.25,23.69,36.81,13.12,9.277242,,
385, 2024/5/5 15:16:18,386.45,15.64,23.69,17.71,17.69,--,--,--,--,--,--,25.96,30.23,23.69,36.76,13.07,9.241884,,
386, 2024/5/5 15:16:19,387.48,15.59,23.69,17.75,17.64,--,--,--,--,--,--,25.97,30.25,23.69,36.8,13.11,9.270171,,
387, 2024/5/5 15:16:20,388.51,15.62,23.68,17.66,17.63,--,--,--,--,--,--,25.95,30.22,23.68,36.76,13.08,9.248957,,
388, 2024/5/5 15:16:21,389.53,15.6,23.67,17.68,17.58,--,--,--,--,--,--,25.95,30.22,23.67,36.77,13.1,9.263102,,
389, 2024/5/5 15:16:22,390.56,15.65,23.74,17.66,17.55,--,--,--,--,--,--,25.97,30.29,23.74,36.83,13.09,9.256025,,
390, 2024/5/5 15:16:23,391.59,15.64,23.72,17.6,17.47,--,--,--,--,--,--,25.97,30.26,23.72,36.79,13.07,9.241886,,
391, 2024/5/5 15:16:24,392.62,15.65,23.68,17.6,17.39,--,--,--,--,--,--,25.97,30.26,23.68,36.83,13.15,9.298453,,
392, 2024/5/5 15:16:25,393.65,15.66,23.73,17.59,17.39,--,--,--,--,--,--,25.97,30.27,23.73,36.8,13.07,9.241886,,
393, 2024/5/5 15:16:26,394.68,15.67,23.7,17.59,17.39,--,--,--,--,--,--,25.97,30.28,23.7,36.85,13.15,9.298452,,
394, 2024/5/5 15:16:27,395.7,15.68,23.73,17.58,17.38,--,--,--,--,--,--,25.97,30.29,23.73,36.85,13.12,9.277238,,
395, 2024/5/5 15:16:28,396.73,15.7,23.67,17.56,17.39,--,--,--,--,--,--,25.96,30.25,23.67,36.83,13.16,9.305524,,
396, 2024/5/5 15:16:29,397.76,15.65,23.72,17.58,17.43,--,--,--,--,--,--,25.97,30.28,23.72,36.83,13.11,9.270168,,
397, 2024/5/5 15:16:30,398.79,15.69,23.72,17.61,17.47,--,--,--,--,--,--,25.96,30.28,23.72,36.83,13.11,9.270168,,
398, 2024/5/5 15:16:31,399.81,15.66,23.67,17.61,17.55,--,--,--,--,--,--,25.97,30.27,23.67,36.87,13.2,9.333811,,
399, 2024/5/5 15:16:32,400.85,15.63,23.71,17.68,17.64,--,--,--,--,--,--,25.97,30.27,23.71,36.83,13.12,9.27724,,
400, 2024/5/5 15:16:34,401.87,15.7,23.69,17.67,17.61,--,--,--,--,--,--,25.96,30.27,23.69,36.85,13.16,9.305523,,
401, 2024/5/5 15:16:35,402.9,15.68,23.72,17.68,17.66,--,--,--,--,--,--,25.97,30.29,23.72,36.86,13.14,9.291386,,
402, 2024/5/5 15:16:36,403.92,15.7,23.73,17.68,17.62,--,--,--,--,--,--,25.97,30.3,23.73,36.86,13.13,9.284312,,
403, 2024/5/5 15:16:37,404.95,15.68,23.72,17.67,17.62,--,--,--,--,--,--,25.97,30.31,23.72,36.89,13.17,9.312597,,
404, 2024/5/5 15:16:38,405.97,15.65,23.71,17.65,17.55,--,--,--,--,--,--,25.98,30.3,23.71,36.88,13.17,9.3126,,
405, 2024/5/5 15:16:39,407,15.68,23.72,17.65,17.53,--,--,--,--,--,--,25.96,30.29,23.72,36.85,13.13,9.28431,,
406, 2024/5/5 15:16:40,408.02,15.69,23.71,17.61,17.52,--,--,--,--,--,--,25.97,30.29,23.71,36.87,13.16,9.305527,,
407, 2024/5/5 15:16:41,409.05,15.69,23.75,17.65,17.51,--,--,--,--,--,--,25.98,30.35,23.75,36.95,13.2,9.333813,,
408, 2024/5/5 15:16:42,410.08,15.65,23.74,17.6,17.58,--,--,--,--,--,--,25.97,30.35,23.74,36.95,13.21,9.340884,,
409, 2024/5/5 15:16:43,411.1,15.71,23.69,17.62,17.59,--,--,--,--,--,--,25.96,30.33,23.69,36.97,13.28,9.390379,,
410, 2024/5/5 15:16:44,412.13,15.72,23.7,17.69,17.63,--,--,--,--,--,--,25.97,30.33,23.7,36.95,13.25,9.369169,,
411, 2024/5/5 15:16:45,413.15,15.74,23.7,17.66,17.63,--,--,--,--,--,--,25.96,30.32,23.7,36.94,13.24,9.362093,,
412, 2024/5/5 15:16:46,414.17,15.72,23.71,17.66,17.65,--,--,--,--,--,--,25.97,30.35,23.71,36.98,13.27,9.383308,,
413, 2024/5/5 15:16:47,415.2,15.68,23.67,17.66,17.64,--,--,--,--,--,--,25.96,30.32,23.67,36.96,13.29,9.397448,,
414, 2024/5/5 15:16:48,416.22,15.69,23.68,17.64,17.62,--,--,--,--,--,--,25.96,30.34,23.68,36.99,13.31,9.411594,,
415, 2024/5/5 15:16:49,417.25,15.72,23.7,17.62,17.62,--,--,--,--,--,--,25.97,30.36,23.7,37.02,13.32,9.418666,,
416, 2024/5/5 15:16:50,418.28,15.69,23.74,17.63,17.64,--,--,--,--,--,--,25.98,30.37,23.74,36.99,13.25,9.369167,,
417, 2024/5/5 15:16:51,419.31,15.68,23.72,17.61,17.58,--,--,--,--,--,--,25.97,30.36,23.72,37,13.28,9.390379,,
418, 2024/5/5 15:16:52,420.33,15.72,23.68,17.64,17.54,--,--,--,--,--,--,25.96,30.35,23.68,37.02,13.34,9.432807,,
419, 2024/5/5 15:16:53,421.36,15.68,23.73,17.64,17.54,--,--,--,--,--,--,25.96,30.37,23.73,37.01,13.28,9.390377,,
420, 2024/5/5 15:16:54,422.39,15.67,23.72,17.69,17.49,--,--,--,--,--,--,25.97,30.37,23.72,37.02,13.3,9.404523,,
421, 2024/5/5 15:16:55,423.42,15.71,23.72,17.65,17.5,--,--,--,--,--,--,25.97,30.39,23.72,37.05,13.33,9.425731,,
422, 2024/5/5 15:16:56,424.45,15.75,23.72,17.62,17.5,--,--,--,--,--,--,25.96,30.37,23.72,37.01,13.29,9.397449,,
423, 2024/5/5 15:16:57,425.47,15.76,23.69,17.64,17.51,--,--,--,--,--,--,25.96,30.37,23.69,37.04,13.35,9.439876,,
424, 2024/5/5 15:16:58,426.5,15.73,23.71,17.68,17.49,--,--,--,--,--,--,25.96,30.39,23.71,37.07,13.36,9.446951,,
425, 2024/5/5 15:16:59,427.53,15.75,23.72,17.61,17.49,--,--,--,--,--,--,25.96,30.38,23.72,37.04,13.32,9.418664,,
426, 2024/5/5 15:17:00,428.55,15.72,23.71,17.59,17.44,--,--,--,--,--,--,25.96,30.39,23.71,37.06,13.35,9.439878,,
427, 2024/5/5 15:17:01,429.57,15.74,23.74,17.59,17.41,--,--,--,--,--,--,25.98,30.42,23.74,37.1,13.36,9.446947,,
428, 2024/5/5 15:17:02,430.6,15.81,23.7,17.57,17.41,--,--,--,--,--,--,25.96,30.4,23.7,37.09,13.39,9.46816,,
429, 2024/5/5 15:17:03,431.62,15.76,23.72,17.6,17.46,--,--,--,--,--,--,25.96,30.4,23.72,37.08,13.36,9.446947,,
430, 2024/5/5 15:17:04,432.64,15.78,23.71,17.59,17.46,--,--,--,--,--,--,25.96,30.41,23.71,37.1,13.39,9.468161,,
431, 2024/5/5 15:17:05,433.67,15.76,23.73,17.62,17.49,--,--,--,--,--,--,25.96,30.41,23.73,37.08,13.35,9.439875,,
432, 2024/5/5 15:17:06,434.7,15.82,23.7,17.65,17.56,--,--,--,--,--,--,25.97,30.41,23.7,37.11,13.41,9.482301,,
433, 2024/5/5 15:17:07,435.72,15.86,23.72,17.66,17.59,--,--,--,--,--,--,25.96,30.43,23.72,37.13,13.41,9.482303,,
434, 2024/5/5 15:17:08,436.75,15.82,23.69,17.66,17.61,--,--,--,--,--,--,25.95,30.39,23.69,37.09,13.4,9.475229,,
435, 2024/5/5 15:17:09,437.77,15.8,23.68,17.67,17.64,--,--,--,--,--,--,25.97,30.41,23.68,37.14,13.46,9.517655,,
436, 2024/5/5 15:17:10,438.8,15.82,23.7,17.7,17.65,--,--,--,--,--,--,25.95,30.41,23.7,37.11,13.41,9.482301,,
437, 2024/5/5 15:17:11,439.83,15.82,23.74,17.71,17.69,--,--,--,--,--,--,25.97,30.43,23.74,37.12,13.38,9.461086,,
438, 2024/5/5 15:17:13,440.86,15.88,23.76,17.69,17.67,--,--,--,--,--,--,25.97,30.46,23.76,37.15,13.39,9.468157,,
439, 2024/5/5 15:17:14,441.9,15.86,23.7,17.64,17.65,--,--,--,--,--,--,25.96,30.43,23.7,37.15,13.45,9.510585,,
440, 2024/5/5 15:17:15,442.92,15.87,23.7,17.64,17.64,--,--,--,--,--,--,25.95,30.42,23.7,37.14,13.44,9.503513,,
441, 2024/5/5 15:17:16,443.95,15.85,23.75,17.62,17.61,--,--,--,--,--,--,25.96,30.47,23.75,37.19,13.44,9.503511,,
442, 2024/5/5 15:17:17,444.98,15.88,23.76,17.59,17.59,--,--,--,--,--,--,25.97,30.48,23.76,37.19,13.43,9.49644,,
443, 2024/5/5 15:17:18,445.99,15.87,23.74,17.63,17.59,--,--,--,--,--,--,25.95,30.49,23.74,37.23,13.49,9.538871,,
444, 2024/5/5 15:17:19,446.99,15.9,23.7,17.63,17.54,--,--,--,--,--,--,25.97,30.47,23.7,37.23,13.53,9.567156,,
445, 2024/5/5 15:17:20,447.99,15.91,23.73,17.63,17.52,--,--,--,--,--,--,25.98,30.49,23.73,37.24,13.51,9.553014,,
446, 2024/5/5 15:17:21,448.99,15.89,23.7,17.61,17.51,--,--,--,--,--,--,25.95,30.48,23.7,37.25,13.55,9.581298,,
447, 2024/5/5 15:17:22,449.99,15.88,23.7,17.6,17.49,--,--,--,--,--,--,25.96,30.47,23.7,37.24,13.54,9.574229,,
448, 2024/5/5 15:17:23,450.99,15.93,23.72,17.58,17.46,--,--,--,--,--,--,25.96,30.46,23.72,37.2,13.48,9.531802,,
449, 2024/5/5 15:17:24,451.99,15.93,23.74,17.59,17.41,--,--,--,--,--,--,25.96,30.48,23.74,37.21,13.47,9.524725,,
450, 2024/5/5 15:17:25,452.99,15.95,23.74,17.56,17.36,--,--,--,--,--,--,25.97,30.5,23.74,37.25,13.51,9.553013,,
451, 2024/5/5 15:17:26,454,15.95,23.72,17.55,17.36,--,--,--,--,--,--,25.97,30.47,23.72,37.21,13.49,9.538868,,
452, 2024/5/5 15:17:27,455,15.91,23.72,17.54,17.31,--,--,--,--,--,--,25.96,30.46,23.72,37.2,13.48,9.531802,,
453, 2024/5/5 15:17:28,456,15.95,23.75,17.57,17.35,--,--,--,--,--,--,25.98,30.51,23.75,37.26,13.51,9.553013,,
454, 2024/5/5 15:17:29,457,15.99,23.71,17.55,17.36,--,--,--,--,--,--,25.96,30.47,23.71,37.23,13.52,9.560085,,
455, 2024/5/5 15:17:30,458,15.95,23.74,17.58,17.37,--,--,--,--,--,--,25.97,30.52,23.74,37.29,13.55,9.581299,,
456, 2024/5/5 15:17:31,459,15.96,23.69,17.57,17.37,--,--,--,--,--,--,25.95,30.46,23.69,37.23,13.54,9.574225,,
457, 2024/5/5 15:17:32,460,16,23.72,17.54,17.39,--,--,--,--,--,--,25.97,30.47,23.72,37.22,13.5,9.545943,,
458, 2024/5/5 15:17:33,461.03,16.03,23.73,17.55,17.36,--,--,--,--,--,--,25.96,30.49,23.73,37.24,13.51,9.553014,,
459, 2024/5/5 15:17:34,462.05,15.93,23.76,17.54,17.37,--,--,--,--,--,--,25.97,30.51,23.76,37.25,13.49,9.53887,,
460, 2024/5/5 15:17:35,463.08,15.98,23.75,17.52,17.38,--,--,--,--,--,--,25.97,30.51,23.75,37.27,13.52,9.560086,,
461, 2024/5/5 15:17:36,464.11,15.98,23.72,17.52,17.38,--,--,--,--,--,--,25.97,30.5,23.72,37.28,13.56,9.588369,,
462, 2024/5/5 15:17:37,465.14,15.97,23.75,17.55,17.37,--,--,--,--,--,--,25.97,30.52,23.75,37.28,13.53,9.567156,,
463, 2024/5/5 15:17:38,466.16,15.99,23.72,17.52,17.38,--,--,--,--,--,--,25.96,30.49,23.72,37.26,13.54,9.574226,,
464, 2024/5/5 15:17:39,467.2,16.03,23.74,17.54,17.31,--,--,--,--,--,--,25.96,30.51,23.74,37.27,13.53,9.567158,,
465, 2024/5/5 15:17:40,468.22,16,23.77,17.53,17.33,--,--,--,--,--,--,25.97,30.51,23.77,37.25,13.48,9.5318,,
466, 2024/5/5 15:17:41,469.25,16,23.74,17.54,17.34,--,--,--,--,--,--,25.97,30.5,23.74,37.26,13.52,9.560083,,
467, 2024/5/5 15:17:42,470.28,16.05,23.74,17.54,17.3,--,--,--,--,--,--,25.96,30.51,23.74,37.27,13.53,9.567158,,
468, 2024/5/5 15:17:43,471.31,16.09,23.7,17.57,17.31,--,--,--,--,--,--,25.95,30.49,23.7,37.27,13.57,9.595443,,
469, 2024/5/5 15:17:44,472.34,16.1,23.76,17.58,17.33,--,--,--,--,--,--,25.96,30.53,23.76,37.29,13.53,9.567156,,
470, 2024/5/5 15:17:45,473.36,16.07,23.72,17.55,17.32,--,--,--,--,--,--,25.95,30.51,23.72,37.3,13.58,9.602509,,
471, 2024/5/5 15:17:46,474.39,16.08,23.73,17.52,17.44,--,--,--,--,--,--,25.97,30.54,23.73,37.34,13.61,9.623724,,
472, 2024/5/5 15:17:47,475.42,16.11,23.77,17.56,17.46,--,--,--,--,--,--,25.96,30.55,23.77,37.32,13.55,9.581296,,
473, 2024/5/5 15:17:48,476.45,16.06,23.74,17.59,17.46,--,--,--,--,--,--,25.97,30.55,23.74,37.36,13.62,9.630795,,
474, 2024/5/5 15:17:49,477.47,16.1,23.72,17.63,17.52,--,--,--,--,--,--,25.95,30.54,23.72,37.35,13.63,9.637862,,
475, 2024/5/5 15:17:50,478.5,16.09,23.73,17.67,17.56,--,--,--,--,--,--,25.96,30.56,23.73,37.38,13.65,9.65201,,
476, 2024/5/5 15:17:51,479.53,16.1,23.75,17.72,17.66,--,--,--,--,--,--,25.96,30.58,23.75,37.41,13.66,9.659077,,
477, 2024/5/5 15:17:52,480.55,16.07,23.73,17.7,17.67,--,--,--,--,--,--,25.95,30.55,23.73,37.36,13.63,9.637865,,
478, 2024/5/5 15:17:53,481.58,16.12,23.7,17.71,17.62,--,--,--,--,--,--,25.95,30.55,23.7,37.4,13.7,9.687366,,
479, 2024/5/5 15:17:54,482.6,16.12,23.73,17.66,17.65,--,--,--,--,--,--,25.95,30.56,23.73,37.38,13.65,9.65201,,
480, 2024/5/5 15:17:55,483.63,16.15,23.71,17.66,17.61,--,--,--,--,--,--,25.95,30.55,23.71,37.39,13.68,9.673223,,
481, 2024/5/5 15:17:56,484.65,16.16,23.72,17.64,17.61,--,--,--,--,--,--,25.96,30.58,23.72,37.43,13.71,9.694432,,
482, 2024/5/5 15:17:57,485.68,16.18,23.73,17.65,17.6,--,--,--,--,--,--,25.94,30.56,23.73,37.39,13.66,9.659079,,
483, 2024/5/5 15:17:58,486.7,16.14,23.74,17.68,17.59,--,--,--,--,--,--,25.96,30.58,23.74,37.42,13.68,9.673218,,
484, 2024/5/5 15:17:59,487.73,16.15,23.72,17.65,17.59,--,--,--,--,--,--,25.95,30.59,23.72,37.45,13.73,9.708577,,
485, 2024/5/5 15:18:00,488.75,16.15,23.74,17.63,17.57,--,--,--,--,--,--,25.95,30.59,23.74,37.43,13.69,9.68029,,
486, 2024/5/5 15:18:01,489.78,16.15,23.75,17.59,17.47,--,--,--,--,--,--,25.97,30.62,23.75,37.49,13.74,9.71565,,
487, 2024/5/5 15:18:02,490.81,16.15,23.73,17.61,17.45,--,--,--,--,--,--,25.95,30.61,23.73,37.49,13.76,9.729791,,
488, 2024/5/5 15:18:03,491.83,16.16,23.75,17.57,17.43,--,--,--,--,--,--,25.97,30.62,23.75,37.48,13.73,9.708576,,
489, 2024/5/5 15:18:05,492.86,16.16,23.72,17.56,17.39,--,--,--,--,--,--,25.97,30.6,23.72,37.48,13.76,9.72979,,
490, 2024/5/5 15:18:06,493.89,16.2,23.71,17.54,17.33,--,--,--,--,--,--,25.94,30.58,23.71,37.45,13.74,9.715649,,
491, 2024/5/5 15:18:07,494.91,16.14,23.75,17.53,17.27,--,--,--,--,--,--,25.96,30.59,23.75,37.42,13.67,9.666146,,
492, 2024/5/5 15:18:08,495.93,16.18,23.73,17.53,17.29,--,--,--,--,--,--,25.94,30.58,23.73,37.43,13.7,9.68736,,
493, 2024/5/5 15:18:09,496.96,16.19,23.73,17.52,17.28,--,--,--,--,--,--,25.95,30.58,23.73,37.43,13.7,9.68736,,
494, 2024/5/5 15:18:10,497.99,16.19,23.74,17.52,17.23,--,--,--,--,--,--,25.95,30.59,23.74,37.43,13.69,9.68029,,
495, 2024/5/5 15:18:11,499.02,16.22,23.75,17.53,17.26,--,--,--,--,--,--,25.97,30.59,23.75,37.43,13.68,9.673219,,
496, 2024/5/5 15:18:12,500.05,16.18,23.76,17.58,17.25,--,--,--,--,--,--,25.97,30.6,23.76,37.43,13.67,9.666147,,
497, 2024/5/5 15:18:13,501.07,16.21,23.76,17.55,17.27,--,--,--,--,--,--,25.96,30.6,23.76,37.44,13.68,9.673222,,
498, 2024/5/5 15:18:14,502.09,16.21,23.74,17.55,17.26,--,--,--,--,--,--,25.95,30.59,23.74,37.43,13.69,9.68029,,
499, 2024/5/5 15:18:15,503.12,16.19,23.78,17.56,17.33,--,--,--,--,--,--,25.96,30.6,23.78,37.41,13.63,9.637861,,
500, 2024/5/5 15:18:16,504.15,16.18,23.76,17.53,17.34,--,--,--,--,--,--,25.97,30.61,23.76,37.45,13.69,9.680292,,
501, 2024/5/5 15:18:17,505.17,16.25,23.7,17.61,17.32,--,--,--,--,--,--,25.96,30.57,23.7,37.43,13.73,9.708575,,
502, 2024/5/5 15:18:18,506.2,16.21,23.75,17.57,17.34,--,--,--,--,--,--,25.96,30.59,23.75,37.42,13.67,9.666146,,
503, 2024/5/5 15:18:19,507.23,16.23,23.74,17.57,17.33,--,--,--,--,--,--,25.95,30.56,23.74,37.37,13.63,9.637866,,
504, 2024/5/5 15:18:20,508.25,16.2,23.75,17.56,17.37,--,--,--,--,--,--,25.96,30.57,23.75,37.39,13.64,9.644938,,
505, 2024/5/5 15:18:21,509.28,16.15,23.76,17.6,17.37,--,--,--,--,--,--,25.97,30.57,23.76,37.38,13.62,9.630796,,
506, 2024/5/5 15:18:22,510.3,16.23,23.74,17.6,17.36,--,--,--,--,--,--,25.96,30.55,23.74,37.35,13.61,9.62372,,
507, 2024/5/5 15:18:23,511.33,16.25,23.74,17.6,17.37,--,--,--,--,--,--,25.94,30.54,23.74,37.34,13.6,9.616653,,
508, 2024/5/5 15:18:24,512.36,16.28,23.72,17.59,17.35,--,--,--,--,--,--,25.96,30.55,23.72,37.38,13.66,9.659082,,
509, 2024/5/5 15:18:25,513.38,16.29,23.74,17.62,17.42,--,--,--,--,--,--,25.96,30.54,23.74,37.34,13.6,9.616653,,
510, 2024/5/5 15:18:26,514.41,16.27,23.76,17.66,17.5,--,--,--,--,--,--,25.96,30.55,23.76,37.33,13.57,9.59544,,
511, 2024/5/5 15:18:27,515.44,16.26,23.74,17.71,17.46,--,--,--,--,--,--,25.95,30.55,23.74,37.35,13.61,9.62372,,
512, 2024/5/5 15:18:28,516.47,16.22,23.78,17.67,17.51,--,--,--,--,--,--,25.96,30.58,23.78,37.37,13.59,9.60958,,
513, 2024/5/5 15:18:29,517.5,16.26,23.73,17.68,17.55,--,--,--,--,--,--,25.95,30.56,23.73,37.39,13.66,9.659079,,
514, 2024/5/5 15:18:30,518.52,16.3,23.75,17.68,17.52,--,--,--,--,--,--,25.96,30.59,23.75,37.42,13.67,9.666146,,
515, 2024/5/5 15:18:31,519.55,16.38,23.77,17.7,17.59,--,--,--,--,--,--,25.96,30.61,23.77,37.44,13.67,9.666152,,
516, 2024/5/5 15:18:32,520.57,16.3,23.74,17.69,17.57,--,--,--,--,--,--,25.96,30.6,23.74,37.45,13.71,9.694435,,
517, 2024/5/5 15:18:33,521.6,16.28,23.77,17.69,17.6,--,--,--,--,--,--,25.96,30.62,23.77,37.47,13.7,9.687364,,
518, 2024/5/5 15:18:34,522.63,16.35,23.77,17.73,17.63,--,--,--,--,--,--,25.96,30.63,23.77,37.49,13.72,9.701508,,
519, 2024/5/5 15:18:35,523.66,16.3,23.73,17.75,17.67,--,--,--,--,--,--,25.95,30.61,23.73,37.48,13.75,9.722717,,
520, 2024/5/5 15:18:36,524.68,16.32,23.76,17.74,17.68,--,--,--,--,--,--,25.96,30.64,23.76,37.52,13.76,9.729792,,
521, 2024/5/5 15:18:37,525.71,16.34,23.75,17.72,17.66,--,--,--,--,--,--,25.96,30.64,23.75,37.52,13.77,9.736863,,
522, 2024/5/5 15:18:38,526.73,16.35,23.74,17.72,17.67,--,--,--,--,--,--,25.95,30.65,23.74,37.55,13.81,9.765144,,
523, 2024/5/5 15:18:39,527.76,16.39,23.74,17.72,17.68,--,--,--,--,--,--,25.96,30.67,23.74,37.59,13.85,9.793427,,
524, 2024/5/5 15:18:40,528.78,16.33,23.74,17.72,17.66,--,--,--,--,--,--,25.96,30.65,23.74,37.55,13.81,9.765144,,
525, 2024/5/5 15:18:41,529.81,16.36,23.76,17.72,17.71,--,--,--,--,--,--,25.97,30.66,23.76,37.55,13.79,9.751001,,
526, 2024/5/5 15:18:42,530.83,16.33,23.73,17.73,17.66,--,--,--,--,--,--,25.95,30.65,23.73,37.57,13.84,9.786357,,
527, 2024/5/5 15:18:44,531.86,16.38,23.75,17.69,17.61,--,--,--,--,--,--,25.95,30.69,23.75,37.62,13.87,9.807569,,
528, 2024/5/5 15:18:45,532.89,16.41,23.77,17.64,17.59,--,--,--,--,--,--,25.95,30.69,23.77,37.61,13.84,9.786356,,
529, 2024/5/5 15:18:46,533.92,16.37,23.72,17.67,17.55,--,--,--,--,--,--,25.95,30.66,23.72,37.59,13.87,9.807569,,
530, 2024/5/5 15:18:47,534.95,16.41,23.74,17.64,17.51,--,--,--,--,--,--,25.96,30.68,23.74,37.61,13.87,9.807569,,
531, 2024/5/5 15:18:48,535.97,16.4,23.73,17.6,17.49,--,--,--,--,--,--,25.94,30.69,23.73,37.64,13.91,9.835853,,
532, 2024/5/5 15:18:49,537,16.4,23.75,17.6,17.46,--,--,--,--,--,--,25.97,30.71,23.75,37.67,13.92,9.842928,,
533, 2024/5/5 15:18:50,538.02,16.41,23.76,17.6,17.42,--,--,--,--,--,--,25.96,30.71,23.76,37.65,13.89,9.821712,,
534, 2024/5/5 15:18:51,539.04,16.4,23.73,17.61,17.41,--,--,--,--,--,--,25.95,30.68,23.73,37.63,13.9,9.828783,,
535, 2024/5/5 15:18:52,540.07,16.39,23.77,17.6,17.41,--,--,--,--,--,--,25.96,30.73,23.77,37.68,13.91,9.835858,,
536, 2024/5/5 15:18:53,541.09,16.41,23.71,17.54,17.36,--,--,--,--,--,--,25.95,30.69,23.71,37.67,13.96,9.871213,,
537, 2024/5/5 15:18:54,542.13,16.42,23.75,17.59,17.41,--,--,--,--,--,--,25.96,30.7,23.75,37.65,13.9,9.828784,,
538, 2024/5/5 15:18:55,543.16,16.46,23.73,17.6,17.41,--,--,--,--,--,--,25.96,30.7,23.73,37.67,13.94,9.857069,,
539, 2024/5/5 15:18:56,544.18,16.45,23.76,17.6,17.41,--,--,--,--,--,--,25.96,30.72,23.76,37.67,13.91,9.835855,,
540, 2024/5/5 15:18:57,545.21,16.48,23.77,17.61,17.44,--,--,--,--,--,--,25.95,30.71,23.77,37.64,13.87,9.80757,,
541, 2024/5/5 15:18:58,546.23,16.46,23.78,17.62,17.46,--,--,--,--,--,--,25.96,30.73,23.78,37.67,13.89,9.821712,,
542, 2024/5/5 15:18:59,547.26,16.43,23.75,17.65,17.52,--,--,--,--,--,--,25.96,30.71,23.75,37.67,13.92,9.842928,,
543, 2024/5/5 15:19:00,548.28,16.44,23.73,17.68,17.55,--,--,--,--,--,--,25.96,30.71,23.73,37.68,13.95,9.864141,,
544, 2024/5/5 15:19:01,549.3,16.45,23.74,17.71,17.6,--,--,--,--,--,--,25.96,30.71,23.74,37.68,13.94,9.857071,,
545, 2024/5/5 15:19:02,550.33,16.53,23.79,17.71,17.63,--,--,--,--,--,--,25.96,30.74,23.79,37.69,13.9,9.828785,,
546, 2024/5/5 15:19:03,551.36,16.45,23.74,17.72,17.67,--,--,--,--,--,--,25.94,30.71,23.74,37.67,13.93,9.849998,,
547, 2024/5/5 15:19:04,552.39,16.46,23.77,17.7,17.63,--,--,--,--,--,--,25.95,30.74,23.77,37.71,13.94,9.85707,,
548, 2024/5/5 15:19:05,553.42,16.53,23.75,17.7,17.59,--,--,--,--,--,--,25.95,30.75,23.75,37.74,13.99,9.892426,,
549, 2024/5/5 15:19:06,554.44,16.54,23.75,17.67,17.49,--,--,--,--,--,--,25.95,30.73,23.75,37.71,13.96,9.871212,,
550, 2024/5/5 15:19:07,555.47,16.49,23.74,17.67,17.45,--,--,--,--,--,--,25.96,30.75,23.74,37.75,14.01,9.906566,,
551, 2024/5/5 15:19:08,556.5,16.48,23.76,17.64,17.4,--,--,--,--,--,--,25.96,30.75,23.76,37.74,13.98,9.885354,,
552, 2024/5/5 15:19:09,557.53,16.49,23.74,17.62,17.33,--,--,--,--,--,--,25.95,30.72,23.74,37.69,13.95,9.86414,,
553, 2024/5/5 15:19:10,558.55,16.49,23.77,17.6,17.28,--,--,--,--,--,--,25.96,30.76,23.77,37.74,13.97,9.878284,,
554, 2024/5/5 15:19:11,559.58,16.54,23.74,17.59,17.22,--,--,--,--,--,--,25.95,30.73,23.74,37.72,13.98,9.885352,,
555, 2024/5/5 15:19:12,560.61,16.5,23.74,17.59,17.26,--,--,--,--,--,--,25.95,30.72,23.74,37.7,13.96,9.87121,,
556, 2024/5/5 15:19:13,561.63,16.49,23.75,17.62,17.24,--,--,--,--,--,--,25.96,30.75,23.75,37.74,13.99,9.892426,,
557, 2024/5/5 15:19:14,562.66,16.53,23.76,17.58,17.27,--,--,--,--,--,--,25.96,30.76,23.76,37.75,13.99,9.892423,,
558, 2024/5/5 15:19:15,563.69,16.53,23.73,17.58,17.32,--,--,--,--,--,--,25.95,30.72,23.73,37.7,13.97,9.878281,,
559, 2024/5/5 15:19:16,564.71,16.6,23.79,17.6,17.38,--,--,--,--,--,--,25.96,30.75,23.79,37.71,13.92,9.842929,,
560, 2024/5/5 15:19:17,565.74,16.53,23.72,17.65,17.42,--,--,--,--,--,--,25.95,30.72,23.72,37.72,14,9.899495,,
561, 2024/5/5 15:19:18,566.77,16.51,23.79,17.63,17.47,--,--,--,--,--,--,25.96,30.77,23.79,37.74,13.95,9.864142,,
562, 2024/5/5 15:19:19,567.8,16.52,23.74,17.64,17.5,--,--,--,--,--,--,25.95,30.75,23.74,37.75,14.01,9.906566,,
563, 2024/5/5 15:19:20,568.82,16.52,23.76,17.65,17.48,--,--,--,--,--,--,25.94,30.75,23.76,37.74,13.98,9.885354,,
564, 2024/5/5 15:19:21,569.85,16.52,23.73,17.67,17.46,--,--,--,--,--,--,25.95,30.76,23.73,37.78,14.05,9.934846,,
565, 2024/5/5 15:19:23,570.89,16.53,23.79,17.64,17.44,--,--,--,--,--,--,25.97,30.79,23.79,37.79,14,9.899499,,
566, 2024/5/5 15:19:24,571.91,16.53,23.77,17.66,17.46,--,--,--,--,--,--,25.96,30.78,23.77,37.78,14.01,9.906563,,
567, 2024/5/5 15:19:25,572.94,16.56,23.77,17.65,17.41,--,--,--,--,--,--,25.95,30.77,23.77,37.77,14,9.899493,,
568, 2024/5/5 15:19:26,573.96,16.59,23.77,17.65,17.42,--,--,--,--,--,--,25.96,30.8,23.77,37.82,14.05,9.934853,,
569, 2024/5/5 15:19:27,574.99,16.54,23.76,17.64,17.36,--,--,--,--,--,--,25.96,30.8,23.76,37.83,14.07,9.948992,,
570, 2024/5/5 15:19:28,576.02,16.57,23.78,17.61,17.42,--,--,--,--,--,--,25.97,30.81,23.78,37.83,14.05,9.934848,,
571, 2024/5/5 15:19:29,577.04,16.56,23.76,17.62,17.42,--,--,--,--,--,--,25.94,30.8,23.76,37.83,14.07,9.948992,,
572, 2024/5/5 15:19:30,578.07,16.59,23.75,17.6,17.4,--,--,--,--,--,--,25.95,30.81,23.75,37.86,14.11,9.977277,,
573, 2024/5/5 15:19:31,579.09,16.55,23.77,17.64,17.39,--,--,--,--,--,--,25.96,30.82,23.77,37.87,14.1,9.970206,,
574, 2024/5/5 15:19:32,580.12,16.55,23.78,17.62,17.39,--,--,--,--,--,--,25.96,30.82,23.78,37.86,14.08,9.956061,,
575, 2024/5/5 15:19:33,581.15,16.55,23.76,17.63,17.35,--,--,--,--,--,--,25.96,30.84,23.76,37.92,14.16,10.01263,,
576, 2024/5/5 15:19:34,582.18,16.51,23.81,17.65,17.35,--,--,--,--,--,--,25.97,30.84,23.81,37.87,14.06,9.941922,,
577, 2024/5/5 15:19:35,583.21,16.58,23.77,17.63,17.38,--,--,--,--,--,--,25.96,30.82,23.77,37.86,14.09,9.963135,,
578, 2024/5/5 15:19:36,584.23,16.57,23.76,17.62,17.38,--,--,--,--,--,--,25.94,30.8,23.76,37.83,14.07,9.948992,,
579, 2024/5/5 15:19:37,585.26,16.57,23.76,17.65,17.41,--,--,--,--,--,--,25.95,30.81,23.76,37.86,14.1,9.970205,,
580, 2024/5/5 15:19:38,586.28,16.61,23.75,17.68,17.38,--,--,--,--,--,--,25.96,30.81,23.75,37.87,14.12,9.984348,,
581, 2024/5/5 15:19:39,587.31,16.56,23.74,17.65,17.4,--,--,--,--,--,--,25.94,30.79,23.74,37.83,14.09,9.963135,,
582, 2024/5/5 15:19:40,588.34,16.59,23.78,17.69,17.47,--,--,--,--,--,--,25.95,30.83,23.78,37.87,14.09,9.963133,,
583, 2024/5/5 15:19:41,589.36,16.52,23.78,17.68,17.43,--,--,--,--,--,--,25.96,30.81,23.78,37.84,14.06,9.941919,,
584, 2024/5/5 15:19:42,590.39,16.57,23.75,17.66,17.41,--,--,--,--,--,--,25.95,30.81,23.75,37.87,14.12,9.984348,,
585, 2024/5/5 15:19:43,591.42,16.6,23.78,17.72,17.49,--,--,--,--,--,--,25.97,30.84,23.78,37.9,14.12,9.984349,,
586, 2024/5/5 15:19:44,592.45,16.55,23.8,17.8,17.56,--,--,--,--,--,--,25.96,30.84,23.8,37.87,14.07,9.948992,,
587, 2024/5/5 15:19:45,593.47,16.58,23.77,17.85,17.62,--,--,--,--,--,--,25.96,30.84,23.77,37.9,14.13,9.991423,,
588, 2024/5/5 15:19:46,594.49,16.59,23.8,17.86,17.62,--,--,--,--,--,--,25.97,30.89,23.8,37.97,14.17,10.0197,,
589, 2024/5/5 15:19:47,595.51,16.6,23.8,17.91,17.63,--,--,--,--,--,--,25.96,30.88,23.8,37.95,14.15,10.00556,,
590, 2024/5/5 15:19:48,596.54,16.63,23.76,17.88,17.66,--,--,--,--,--,--,25.96,30.85,23.76,37.93,14.17,10.0197,,
591, 2024/5/5 15:19:49,597.57,16.63,23.78,17.86,17.68,--,--,--,--,--,--,25.98,30.89,23.78,38,14.22,10.05506,,
592, 2024/5/5 15:19:50,598.6,16.58,23.76,17.83,17.65,--,--,--,--,--,--,25.96,30.89,23.76,38.02,14.26,10.08334,,
593, 2024/5/5 15:19:51,599.62,16.61,23.76,17.77,17.64,--,--,--,--,--,--,25.94,30.87,23.76,37.98,14.22,10.05506,,
594, 2024/5/5 15:19:52,600.64,16.61,23.77,17.83,17.62,--,--,--,--,--,--,25.96,30.89,23.77,38,14.23,10.06213,,
595, 2024/5/5 15:19:53,601.67,16.6,23.77,17.77,17.64,--,--,--,--,--,--,25.96,30.89,23.77,38,14.23,10.06213,,
596, 2024/5/5 15:19:54,602.7,16.62,23.76,17.8,17.65,--,--,--,--,--,--,25.96,30.9,23.76,38.03,14.27,10.09041,,
597, 2024/5/5 15:19:55,603.72,16.64,23.77,17.78,17.64,--,--,--,--,--,--,25.95,30.89,23.77,38,14.23,10.06213,,
598, 2024/5/5 15:19:56,604.75,16.64,23.77,17.77,17.66,--,--,--,--,--,--,25.95,30.88,23.77,37.98,14.21,10.04799,,
599, 2024/5/5 15:19:57,605.78,16.6,23.8,17.76,17.63,--,--,--,--,--,--,25.95,30.9,23.8,37.99,14.19,10.03385,,
600, 2024/5/5 15:19:58,606.81,16.68,23.77,17.77,17.59,--,--,--,--,--,--,25.95,30.89,23.77,38,14.23,10.06213,,
601, 2024/5/5 15:19:59,607.84,16.64,23.8,17.72,17.57,--,--,--,--,--,--,25.96,30.91,23.8,38.01,14.21,10.04799,,
602, 2024/5/5 15:20:01,608.86,16.68,23.79,17.71,17.52,--,--,--,--,--,--,25.96,30.91,23.79,38.02,14.23,10.06213,,
603, 2024/5/5 15:20:02,609.89,16.68,23.8,17.69,17.46,--,--,--,--,--,--,25.96,30.89,23.8,37.97,14.17,10.0197,,
604, 2024/5/5 15:20:03,610.92,16.64,23.77,17.62,17.42,--,--,--,--,--,--,25.95,30.88,23.77,37.99,14.22,10.05506,,
605, 2024/5/5 15:20:04,611.94,16.65,23.77,17.66,17.44,--,--,--,--,--,--,25.95,30.88,23.77,37.99,14.22,10.05506,,
606, 2024/5/5 15:20:05,612.97,16.69,23.79,17.65,17.4,--,--,--,--,--,--,25.96,30.91,23.79,38.02,14.23,10.06213,,
607, 2024/5/5 15:20:06,614,16.68,23.79,17.67,17.43,--,--,--,--,--,--,25.97,30.91,23.79,38.02,14.23,10.06213,,
608, 2024/5/5 15:20:07,615.02,16.67,23.78,17.63,17.33,--,--,--,--,--,--,25.95,30.9,23.78,38.02,14.24,10.0692,,
609, 2024/5/5 15:20:08,616.04,16.69,23.81,17.65,17.35,--,--,--,--,--,--,25.96,30.92,23.81,38.02,14.21,10.04799,,
610, 2024/5/5 15:20:09,617.07,16.68,23.8,17.66,17.35,--,--,--,--,--,--,25.97,30.91,23.8,38.02,14.22,10.05506,,
611, 2024/5/5 15:20:10,618.1,16.66,23.79,17.67,17.37,--,--,--,--,--,--,25.95,30.91,23.79,38.02,14.23,10.06213,,
612, 2024/5/5 15:20:11,619.12,16.67,23.78,17.65,17.39,--,--,--,--,--,--,25.96,30.91,23.78,38.04,14.26,10.08334,,
613, 2024/5/5 15:20:12,620.14,16.71,23.79,17.67,17.43,--,--,--,--,--,--,25.96,30.92,23.79,38.05,14.26,10.08335,,
614, 2024/5/5 15:20:13,621.17,16.71,23.78,17.68,17.43,--,--,--,--,--,--,25.95,30.91,23.78,38.04,14.26,10.08334,,
615, 2024/5/5 15:20:14,622.19,16.69,23.78,17.65,17.36,--,--,--,--,--,--,25.97,30.92,23.78,38.05,14.27,10.09041,,
616, 2024/5/5 15:20:15,623.21,16.67,23.78,17.64,17.37,--,--,--,--,--,--,25.96,30.92,23.78,38.06,14.28,10.09748,,
617, 2024/5/5 15:20:16,624.24,16.69,23.81,17.69,17.35,--,--,--,--,--,--,25.95,30.93,23.81,38.05,14.24,10.0692,,
618, 2024/5/5 15:20:17,625.27,16.7,23.81,17.71,17.34,--,--,--,--,--,--,25.97,30.95,23.81,38.08,14.27,10.09042,,
619, 2024/5/5 15:20:18,626.29,16.68,23.77,17.67,17.33,--,--,--,--,--,--,25.95,30.91,23.77,38.04,14.27,10.09041,,
620, 2024/5/5 15:20:19,627.32,16.72,23.81,17.66,17.37,--,--,--,--,--,--,25.96,30.94,23.81,38.07,14.26,10.08334,,
621, 2024/5/5 15:20:20,628.35,16.72,23.78,17.67,17.34,--,--,--,--,--,--,25.97,30.94,23.78,38.09,14.31,10.1187,,
622, 2024/5/5 15:20:21,629.37,16.76,23.78,17.67,17.35,--,--,--,--,--,--,25.95,30.92,23.78,38.06,14.28,10.09748,,
623, 2024/5/5 15:20:22,630.4,16.73,23.77,17.69,17.35,--,--,--,--,--,--,25.96,30.94,23.77,38.1,14.33,10.13284,,
624, 2024/5/5 15:20:23,631.42,16.66,23.8,17.66,17.34,--,--,--,--,--,--,25.95,30.94,23.8,38.08,14.28,10.09749,,
625, 2024/5/5 15:20:24,632.45,16.75,23.8,17.69,17.36,--,--,--,--,--,--,25.96,30.94,23.8,38.08,14.28,10.09749,,
626, 2024/5/5 15:20:25,633.48,16.74,23.79,17.7,17.4,--,--,--,--,--,--,25.96,30.96,23.79,38.12,14.33,10.13284,,
627, 2024/5/5 15:20:26,634.5,16.76,23.77,17.74,17.47,--,--,--,--,--,--,25.94,30.92,23.77,38.07,14.3,10.11162,,
628, 2024/5/5 15:20:27,635.52,16.75,23.74,17.74,17.47,--,--,--,--,--,--,25.96,30.91,23.74,38.08,14.34,10.13991,,
629, 2024/5/5 15:20:28,636.55,16.73,23.76,17.78,17.48,--,--,--,--,--,--,25.96,30.94,23.76,38.11,14.35,10.14698,,
630, 2024/5/5 15:20:29,637.58,16.74,23.79,17.81,17.51,--,--,--,--,--,--,25.96,30.94,23.79,38.08,14.29,10.10456,,
631, 2024/5/5 15:20:30,638.61,16.75,23.8,17.83,17.52,--,--,--,--,--,--,25.96,30.95,23.8,38.1,14.3,10.11162,,
632, 2024/5/5 15:20:31,639.63,16.76,23.8,17.85,17.55,--,--,--,--,--,--,25.96,30.95,23.8,38.1,14.3,10.11162,,
633, 2024/5/5 15:20:32,640.65,16.77,23.8,17.85,17.57,--,--,--,--,--,--,25.96,30.97,23.8,38.13,14.33,10.13284,,
634, 2024/5/5 15:20:33,641.68,16.82,23.79,17.9,17.6,--,--,--,--,--,--,25.96,30.96,23.79,38.12,14.33,10.13284,,
635, 2024/5/5 15:20:34,642.71,16.77,23.81,17.98,17.66,--,--,--,--,--,--,25.97,30.97,23.81,38.13,14.32,10.12577,,
636, 2024/5/5 15:20:35,643.74,16.76,23.76,17.99,17.66,--,--,--,--,--,--,25.95,30.95,23.76,38.14,14.38,10.16819,,
637, 2024/5/5 15:20:36,644.77,16.79,23.79,17.99,17.62,--,--,--,--,--,--,25.95,30.95,23.79,38.1,14.31,10.1187,,
638, 2024/5/5 15:20:37,645.8,16.81,23.82,17.98,17.57,--,--,--,--,--,--,25.97,30.98,23.82,38.14,14.32,10.12577,,
639, 2024/5/5 15:20:38,646.82,16.8,23.79,17.98,17.55,--,--,--,--,--,--,25.97,30.97,23.79,38.14,14.35,10.14698,,
640, 2024/5/5 15:20:39,647.85,16.82,23.82,17.94,17.55,--,--,--,--,--,--,25.97,30.98,23.82,38.14,14.32,10.12577,,
641, 2024/5/5 15:20:41,648.88,16.8,23.8,17.91,17.52,--,--,--,--,--,--,25.95,30.97,23.8,38.14,14.34,10.13991,,
642, 2024/5/5 15:20:42,649.91,16.83,23.8,17.96,17.51,--,--,--,--,--,--,25.96,30.98,23.8,38.15,14.35,10.14698,,
643, 2024/5/5 15:20:43,650.94,16.84,23.76,18.02,17.53,--,--,--,--,--,--,25.95,30.93,23.76,38.1,14.34,10.13991,,
644, 2024/5/5 15:20:44,651.96,16.81,23.78,18.05,17.53,--,--,--,--,--,--,25.96,30.97,23.78,38.15,14.37,10.16112,,
645, 2024/5/5 15:20:45,652.98,16.82,23.82,18.02,17.52,--,--,--,--,--,--,25.96,30.97,23.82,38.11,14.29,10.10456,,
646, 2024/5/5 15:20:46,654.01,16.85,23.75,17.96,17.55,--,--,--,--,--,--,25.95,30.93,23.75,38.11,14.36,10.15406,,
647, 2024/5/5 15:20:47,655.03,16.83,23.78,17.91,17.49,--,--,--,--,--,--,25.96,30.95,23.78,38.11,14.33,10.13284,,
648, 2024/5/5 15:20:48,656.06,16.86,23.76,17.91,17.5,--,--,--,--,--,--,25.95,30.93,23.76,38.09,14.33,10.13284,,
649, 2024/5/5 15:20:49,657.08,16.87,23.84,17.91,17.46,--,--,--,--,--,--,25.97,30.96,23.84,38.07,14.23,10.06213,,
650, 2024/5/5 15:20:50,658.11,16.87,23.8,17.88,17.46,--,--,--,--,--,--,25.95,30.95,23.8,38.09,14.29,10.10456,,
651, 2024/5/5 15:20:51,659.13,16.87,23.79,17.88,17.44,--,--,--,--,--,--,25.97,30.97,23.79,38.14,14.35,10.14698,,
652, 2024/5/5 15:20:52,660.15,16.89,23.81,17.86,17.47,--,--,--,--,--,--,25.96,30.95,23.81,38.09,14.28,10.09749,,
653, 2024/5/5 15:20:53,661.18,16.85,23.81,17.86,17.46,--,--,--,--,--,--,25.96,30.98,23.81,38.14,14.33,10.13284,,
654, 2024/5/5 15:20:54,662.2,16.89,23.81,17.84,17.46,--,--,--,--,--,--,25.96,30.96,23.81,38.11,14.3,10.11163,,
655, 2024/5/5 15:20:55,663.23,16.83,23.81,17.87,17.45,--,--,--,--,--,--,25.96,30.98,23.81,38.15,14.34,10.13991,,
656, 2024/5/5 15:20:56,664.25,16.9,23.78,17.83,17.48,--,--,--,--,--,--,25.94,30.95,23.78,38.12,14.34,10.13991,,
657, 2024/5/5 15:20:57,665.27,16.89,23.78,17.88,17.49,--,--,--,--,--,--,25.95,30.96,23.78,38.13,14.35,10.14698,,
658, 2024/5/5 15:20:58,666.29,16.96,23.83,17.86,17.52,--,--,--,--,--,--,25.96,31.01,23.83,38.18,14.35,10.14698,,
659, 2024/5/5 15:20:59,667.32,16.93,23.81,17.85,17.55,--,--,--,--,--,--,25.96,31,23.81,38.19,14.38,10.16819,,
660, 2024/5/5 15:21:00,668.34,16.9,23.8,17.88,17.58,--,--,--,--,--,--,25.95,30.97,23.8,38.14,14.34,10.13991,,
661, 2024/5/5 15:21:01,669.37,16.89,23.8,17.86,17.63,--,--,--,--,--,--,25.96,30.99,23.8,38.17,14.37,10.16112,,
662, 2024/5/5 15:21:02,670.39,16.91,23.79,17.84,17.56,--,--,--,--,--,--,25.96,30.96,23.79,38.13,14.34,10.13991,,
663, 2024/5/5 15:21:03,671.41,16.92,23.78,17.83,17.47,--,--,--,--,--,--,25.96,30.96,23.78,38.14,14.36,10.15405,,
664, 2024/5/5 15:21:04,672.44,16.92,23.78,17.84,17.46,--,--,--,--,--,--,25.95,30.97,23.78,38.15,14.37,10.16112,,
665, 2024/5/5 15:21:05,673.47,16.94,23.82,17.83,17.5,--,--,--,--,--,--,25.97,31.01,23.82,38.19,14.37,10.16112,,
666, 2024/5/5 15:21:06,674.5,16.95,23.81,17.82,17.53,--,--,--,--,--,--,25.97,30.98,23.81,38.15,14.34,10.13991,,
667, 2024/5/5 15:21:07,675.52,16.95,23.81,17.85,17.55,--,--,--,--,--,--,25.96,30.99,23.81,38.17,14.36,10.15405,,
668, 2024/5/5 15:21:08,676.55,16.91,23.77,17.87,17.6,--,--,--,--,--,--,25.96,30.98,23.77,38.19,14.42,10.19648,,
669, 2024/5/5 15:21:09,677.57,16.91,23.8,17.85,17.6,--,--,--,--,--,--,25.96,30.99,23.8,38.18,14.38,10.16819,,
670, 2024/5/5 15:21:10,678.61,16.92,23.8,17.88,17.6,--,--,--,--,--,--,25.96,31.01,23.8,38.21,14.41,10.18941,,
671, 2024/5/5 15:21:11,679.64,16.95,23.81,17.86,17.6,--,--,--,--,--,--,25.95,31.01,23.81,38.21,14.4,10.18234,,
672, 2024/5/5 15:21:12,680.66,16.93,23.78,17.88,17.65,--,--,--,--,--,--,25.96,31,23.78,38.21,14.43,10.20355,,
673, 2024/5/5 15:21:13,681.69,16.92,23.79,17.88,17.67,--,--,--,--,--,--,25.97,31.01,23.79,38.23,14.44,10.21062,,
674, 2024/5/5 15:21:14,682.71,16.94,23.81,17.9,17.71,--,--,--,--,--,--,25.96,31.01,23.81,38.21,14.4,10.18234,,
675, 2024/5/5 15:21:15,683.74,16.94,23.81,17.94,17.77,--,--,--,--,--,--,25.96,31,23.81,38.18,14.37,10.16112,,
676, 2024/5/5 15:21:16,684.76,16.96,23.82,17.93,17.76,--,--,--,--,--,--,25.96,31,23.82,38.18,14.36,10.15405,,
677, 2024/5/5 15:21:17,685.78,16.92,23.78,17.9,17.74,--,--,--,--,--,--,25.95,30.98,23.78,38.18,14.4,10.18233,,
678, 2024/5/5 15:21:18,686.81,16.99,23.83,17.86,17.73,--,--,--,--,--,--,25.96,31,23.83,38.16,14.33,10.13284,,
679, 2024/5/5 15:21:19,687.84,16.96,23.83,17.85,17.77,--,--,--,--,--,--,25.96,30.98,23.83,38.13,14.3,10.11163,,
680, 2024/5/5 15:21:21,688.86,16.95,23.83,17.83,17.75,--,--,--,--,--,--,25.97,30.99,23.83,38.15,14.32,10.12577,,
681, 2024/5/5 15:21:22,689.89,16.93,23.85,17.81,17.74,--,--,--,--,--,--,25.97,30.99,23.85,38.13,14.28,10.09748,,
682, 2024/5/5 15:21:23,690.91,16.95,23.81,17.79,17.71,--,--,--,--,--,--,25.96,30.97,23.81,38.13,14.32,10.12577,,
683, 2024/5/5 15:21:24,691.94,16.97,23.81,17.78,17.64,--,--,--,--,--,--,25.97,31,23.81,38.18,14.37,10.16112,,
684, 2024/5/5 15:21:25,692.96,16.95,23.81,17.77,17.6,--,--,--,--,--,--,25.97,30.99,23.81,38.17,14.36,10.15405,,
685, 2024/5/5 15:21:26,694,16.95,23.8,17.76,17.6,--,--,--,--,--,--,25.97,31.01,23.8,38.22,14.42,10.19648,,
686, 2024/5/5 15:21:27,695.02,16.92,23.81,17.75,17.57,--,--,--,--,--,--,25.97,31,23.81,38.19,14.38,10.16819,,
687, 2024/5/5 15:21:28,696.05,16.94,23.81,17.78,17.53,--,--,--,--,--,--,25.97,31.01,23.81,38.2,14.39,10.17527,,
688, 2024/5/5 15:21:29,697.08,17.02,23.8,17.76,17.56,--,--,--,--,--,--,25.96,31.03,23.8,38.25,14.45,10.21769,,
689, 2024/5/5 15:21:30,698.11,16.94,23.82,17.76,17.55,--,--,--,--,--,--,25.97,31.04,23.82,38.26,14.44,10.21062,,
690, 2024/5/5 15:21:31,699.13,16.96,23.8,17.79,17.54,--,--,--,--,--,--,25.94,31,23.8,38.2,14.4,10.18234,,
691, 2024/5/5 15:21:32,700.16,16.96,23.82,17.72,17.5,--,--,--,--,--,--,25.96,31.04,23.82,38.26,14.44,10.21062,,
692, 2024/5/5 15:21:33,701.19,16.96,23.82,17.7,17.47,--,--,--,--,--,--,25.96,31.04,23.82,38.25,14.43,10.20355,,
693, 2024/5/5 15:21:34,702.21,16.98,23.8,17.74,17.51,--,--,--,--,--,--,25.97,31.03,23.8,38.25,14.45,10.21769,,
694, 2024/5/5 15:21:35,703.24,16.95,23.85,17.73,17.6,--,--,--,--,--,--,25.97,31.06,23.85,38.27,14.42,10.19648,,
695, 2024/5/5 15:21:36,704.27,17.01,23.8,17.75,17.58,--,--,--,--,--,--,25.96,31.02,23.8,38.24,14.44,10.21062,,
696, 2024/5/5 15:21:37,705.29,16.98,23.82,17.81,17.6,--,--,--,--,--,--,25.96,31.04,23.82,38.25,14.43,10.20355,,
697, 2024/5/5 15:21:38,706.32,17,23.81,17.78,17.66,--,--,--,--,--,--,25.97,31.04,23.81,38.26,14.45,10.21769,,
698, 2024/5/5 15:21:39,707.34,16.96,23.82,17.76,17.6,--,--,--,--,--,--,25.96,31.05,23.82,38.28,14.46,10.22476,,
699, 2024/5/5 15:21:40,708.37,17.02,23.83,17.76,17.6,--,--,--,--,--,--,25.96,31.04,23.83,38.25,14.42,10.19648,,
700, 2024/5/5 15:21:41,709.4,17.02,23.82,17.77,17.6,--,--,--,--,--,--,25.98,31.04,23.82,38.26,14.44,10.21062,,
701, 2024/5/5 15:21:42,710.42,17.02,23.85,17.75,17.59,--,--,--,--,--,--,25.97,31.06,23.85,38.26,14.41,10.18941,,
702, 2024/5/5 15:21:43,711.44,17.02,23.84,17.76,17.56,--,--,--,--,--,--,25.96,31.04,23.84,38.24,14.4,10.18234,,
703, 2024/5/5 15:21:44,712.47,17.03,23.82,17.74,17.51,--,--,--,--,--,--,25.97,31.06,23.82,38.29,14.47,10.23184,,
704, 2024/5/5 15:21:45,713.5,16.99,23.81,17.72,17.51,--,--,--,--,--,--,25.96,31.03,23.81,38.25,14.44,10.21062,,
705, 2024/5/5 15:21:46,714.52,17.01,23.82,17.72,17.52,--,--,--,--,--,--,25.96,31.06,23.82,38.3,14.48,10.2389,,
706, 2024/5/5 15:21:47,715.55,17.01,23.84,17.72,17.5,--,--,--,--,--,--,25.96,31.06,23.84,38.27,14.43,10.20355,,
707, 2024/5/5 15:21:48,716.59,17.05,23.83,17.73,17.53,--,--,--,--,--,--,25.97,31.07,23.83,38.31,14.48,10.23891,,
708, 2024/5/5 15:21:49,717.61,17.01,23.81,17.75,17.56,--,--,--,--,--,--,25.97,31.07,23.81,38.32,14.51,10.26012,,
709, 2024/5/5 15:21:50,718.63,17,23.85,17.74,17.56,--,--,--,--,--,--,25.97,31.09,23.85,38.32,14.47,10.23183,,
710, 2024/5/5 15:21:51,719.66,16.98,23.83,17.71,17.54,--,--,--,--,--,--,25.97,31.08,23.83,38.33,14.5,10.25305,,
711, 2024/5/5 15:21:52,720.68,17.03,23.86,17.72,17.54,--,--,--,--,--,--,25.98,31.11,23.86,38.35,14.49,10.24598,,
712, 2024/5/5 15:21:53,721.71,17.05,23.83,17.7,17.52,--,--,--,--,--,--,25.97,31.1,23.83,38.36,14.53,10.27426,,
713, 2024/5/5 15:21:54,722.73,17.01,23.81,17.75,17.55,--,--,--,--,--,--,25.95,31.09,23.81,38.36,14.55,10.2884,,
714, 2024/5/5 15:21:55,723.77,17.04,23.82,17.76,17.55,--,--,--,--,--,--,25.95,31.09,23.82,38.36,14.54,10.28133,,
715, 2024/5/5 15:21:56,724.79,17.02,23.84,17.75,17.58,--,--,--,--,--,--,25.97,31.13,23.84,38.42,14.58,10.30962,,
716, 2024/5/5 15:21:57,725.82,17.09,23.83,17.75,17.61,--,--,--,--,--,--,25.96,31.12,23.83,38.4,14.57,10.30254,,
717, 2024/5/5 15:21:58,726.82,17.05,23.82,17.73,17.59,--,--,--,--,--,--,25.97,31.12,23.82,38.41,14.59,10.31669,,
718, 2024/5/5 15:21:59,727.83,17.04,23.84,17.77,17.62,--,--,--,--,--,--,25.96,31.13,23.84,38.41,14.57,10.30255,,
719, 2024/5/5 15:22:00,728.83,17.02,23.83,17.78,17.64,--,--,--,--,--,--,25.97,31.1,23.83,38.37,14.54,10.28133,,
720, 2024/5/5 15:22:01,729.83,17.02,23.83,17.8,17.67,--,--,--,--,--,--,25.96,31.14,23.83,38.44,14.61,10.33083,,
721, 2024/5/5 15:22:02,730.83,17.02,23.83,17.8,17.74,--,--,--,--,--,--,25.96,31.12,23.83,38.4,14.57,10.30254,,
722, 2024/5/5 15:22:03,731.83,17.08,23.87,17.82,17.74,--,--,--,--,--,--,25.97,31.15,23.87,38.42,14.55,10.2884,,
723, 2024/5/5 15:22:04,732.83,17.06,23.84,17.82,17.74,--,--,--,--,--,--,25.96,31.15,23.84,38.45,14.61,10.33083,,
724, 2024/5/5 15:22:05,733.83,17.03,23.85,17.79,17.73,--,--,--,--,--,--,25.97,31.15,23.85,38.44,14.59,10.31669,,
725, 2024/5/5 15:22:06,734.84,17.09,23.85,17.75,17.7,--,--,--,--,--,--,25.97,31.14,23.85,38.42,14.57,10.30255,,
726, 2024/5/5 15:22:07,735.84,17.09,23.84,17.76,17.67,--,--,--,--,--,--,25.97,31.15,23.84,38.46,14.62,10.3379,,
727, 2024/5/5 15:22:08,736.84,17.1,23.87,17.71,17.64,--,--,--,--,--,--,25.97,31.16,23.87,38.45,14.58,10.30962,,
728, 2024/5/5 15:22:09,737.84,17.12,23.82,17.72,17.58,--,--,--,--,--,--,25.96,31.12,23.82,38.41,14.59,10.31669,,
729, 2024/5/5 15:22:10,738.84,17.1,23.84,17.7,17.57,--,--,--,--,--,--,25.98,31.15,23.84,38.46,14.62,10.3379,,
730, 2024/5/5 15:22:11,739.84,17.12,23.85,17.76,17.57,--,--,--,--,--,--,25.96,31.13,23.85,38.41,14.56,10.29548,,
731, 2024/5/5 15:22:12,740.85,17.08,23.83,17.71,17.62,--,--,--,--,--,--,25.96,31.15,23.83,38.46,14.63,10.34497,,
732, 2024/5/5 15:22:13,741.84,17.15,23.84,17.73,17.6,--,--,--,--,--,--,25.96,31.13,23.84,38.42,14.58,10.30962,,
733, 2024/5/5 15:22:14,742.85,17.13,23.87,17.7,17.6,--,--,--,--,--,--,25.97,31.15,23.87,38.43,14.56,10.29547,,
734, 2024/5/5 15:22:15,743.85,17.11,23.82,17.71,17.61,--,--,--,--,--,--,25.96,31.11,23.82,38.39,14.57,10.30254,,
735, 2024/5/5 15:22:16,744.85,17.07,23.86,17.74,17.6,--,--,--,--,--,--,25.96,31.13,23.86,38.4,14.54,10.28133,,
736, 2024/5/5 15:22:17,745.85,17.1,23.82,17.74,17.58,--,--,--,--,--,--,25.96,31.12,23.82,38.41,14.59,10.31669,,
737, 2024/5/5 15:22:18,746.85,17.08,23.81,17.76,17.66,--,--,--,--,--,--,25.96,31.13,23.81,38.44,14.63,10.34497,,
738, 2024/5/5 15:22:19,747.85,17.1,23.85,17.71,17.61,--,--,--,--,--,--,25.97,31.15,23.85,38.44,14.59,10.31669,,
739, 2024/5/5 15:22:20,748.85,17.13,23.87,17.74,17.67,--,--,--,--,--,--,25.96,31.15,23.87,38.42,14.55,10.2884,,
740, 2024/5/5 15:22:22,749.86,17.07,23.85,17.72,17.63,--,--,--,--,--,--,25.97,31.15,23.85,38.45,14.6,10.32376,,
741, 2024/5/5 15:22:23,750.86,17.11,23.87,17.7,17.61,--,--,--,--,--,--,25.97,31.15,23.87,38.43,14.56,10.29547,,
742, 2024/5/5 15:22:24,751.86,17.12,23.86,17.67,17.56,--,--,--,--,--,--,25.97,31.14,23.86,38.42,14.56,10.29548,,
743, 2024/5/5 15:22:25,752.86,17.12,23.87,17.7,17.51,--,--,--,--,--,--,25.97,31.17,23.87,38.47,14.6,10.32376,,
744, 2024/5/5 15:22:26,753.86,17.13,23.83,17.68,17.53,--,--,--,--,--,--,25.96,31.14,23.83,38.44,14.61,10.33083,,
745, 2024/5/5 15:22:27,754.86,17.1,23.86,17.73,17.61,--,--,--,--,--,--,25.98,31.17,23.86,38.47,14.61,10.33083,,
746, 2024/5/5 15:22:28,755.86,17.06,23.88,17.74,17.65,--,--,--,--,--,--,25.96,31.17,23.88,38.46,14.58,10.30961,,
747, 2024/5/5 15:22:29,756.87,17.17,23.86,17.77,17.65,--,--,--,--,--,--,25.96,31.15,23.86,38.44,14.58,10.30962,,
748, 2024/5/5 15:22:30,757.87,17.17,23.87,17.74,17.68,--,--,--,--,--,--,25.97,31.18,23.87,38.48,14.61,10.33083,,
749, 2024/5/5 15:22:31,758.87,17.16,23.86,17.77,17.68,--,--,--,--,--,--,25.98,31.18,23.86,38.5,14.64,10.35204,,
750, 2024/5/5 15:22:32,759.87,17.15,23.84,17.73,17.66,--,--,--,--,--,--,25.96,31.16,23.84,38.48,14.64,10.35204,,
751, 2024/5/5 15:22:33,760.87,17.16,23.85,17.74,17.68,--,--,--,--,--,--,25.95,31.18,23.85,38.5,14.65,10.35911,,
752, 2024/5/5 15:22:34,761.87,17.14,23.84,17.7,17.62,--,--,--,--,--,--,25.96,31.17,23.84,38.49,14.65,10.35911,,
753, 2024/5/5 15:22:35,762.87,17.18,23.86,17.69,17.58,--,--,--,--,--,--,25.97,31.18,23.86,38.49,14.63,10.34497,,
754, 2024/5/5 15:22:36,763.88,17.15,23.84,17.66,17.55,--,--,--,--,--,--,25.96,31.17,23.84,38.49,14.65,10.35911,,
755, 2024/5/5 15:22:37,764.88,17.17,23.86,17.65,17.53,--,--,--,--,--,--,25.97,31.18,23.86,38.49,14.63,10.34497,,
756, 2024/5/5 15:22:38,765.88,17.15,23.83,17.65,17.52,--,--,--,--,--,--,25.97,31.17,23.83,38.5,14.67,10.37326,,
757, 2024/5/5 15:22:39,766.88,17.16,23.89,17.66,17.55,--,--,--,--,--,--,25.97,31.18,23.89,38.47,14.58,10.30962,,
758, 2024/5/5 15:22:40,767.88,17.21,23.89,17.66,17.48,--,--,--,--,--,--,25.97,31.19,23.89,38.49,14.6,10.32376,,
759, 2024/5/5 15:22:41,768.88,17.2,23.83,17.64,17.5,--,--,--,--,--,--,25.96,31.15,23.83,38.46,14.63,10.34497,,
760, 2024/5/5 15:22:42,769.88,17.18,23.85,17.68,17.51,--,--,--,--,--,--,25.96,31.16,23.85,38.47,14.62,10.3379,,
761, 2024/5/5 15:22:43,770.89,17.23,23.87,17.67,17.53,--,--,--,--,--,--,25.98,31.18,23.87,38.49,14.62,10.3379,,
762, 2024/5/5 15:22:44,771.89,17.19,23.87,17.68,17.51,--,--,--,--,--,--,25.98,31.18,23.87,38.48,14.61,10.33083,,
763, 2024/5/5 15:22:45,772.89,17.16,23.88,17.66,17.6,--,--,--,--,--,--,25.98,31.19,23.88,38.5,14.62,10.3379,,
764, 2024/5/5 15:22:46,773.89,17.18,23.86,17.7,17.61,--,--,--,--,--,--,25.96,31.18,23.86,38.5,14.64,10.35204,,
765, 2024/5/5 15:22:47,774.89,17.19,23.87,17.75,17.62,--,--,--,--,--,--,25.97,31.18,23.87,38.49,14.62,10.3379,,
766, 2024/5/5 15:22:48,775.89,17.19,23.86,17.75,17.69,--,--,--,--,--,--,25.97,31.19,23.86,38.51,14.65,10.35911,,
767, 2024/5/5 15:22:49,776.89,17.19,23.87,17.73,17.67,--,--,--,--,--,--,25.98,31.21,23.87,38.54,14.67,10.37325,,
768, 2024/5/5 15:22:50,777.89,17.21,23.89,17.74,17.7,--,--,--,--,--,--,25.96,31.19,23.89,38.49,14.6,10.32376,,
769, 2024/5/5 15:22:51,778.9,17.21,23.88,17.75,17.69,--,--,--,--,--,--,25.98,31.19,23.88,38.5,14.62,10.3379,,
770, 2024/5/5 15:22:52,779.9,17.2,23.85,17.75,17.68,--,--,--,--,--,--,25.98,31.19,23.85,38.52,14.67,10.37325,,
771, 2024/5/5 15:22:53,780.9,17.18,23.9,17.79,17.72,--,--,--,--,--,--,25.98,31.22,23.9,38.53,14.63,10.34497,,
772, 2024/5/5 15:22:54,781.9,17.23,23.87,17.77,17.71,--,--,--,--,--,--,25.98,31.21,23.87,38.54,14.67,10.37325,,
773, 2024/5/5 15:22:55,782.9,17.2,23.86,17.77,17.68,--,--,--,--,--,--,25.97,31.19,23.86,38.52,14.66,10.36618,,
774, 2024/5/5 15:22:56,783.9,17.19,23.86,17.76,17.68,--,--,--,--,--,--,25.98,31.18,23.86,38.5,14.64,10.35204,,
775, 2024/5/5 15:22:57,784.9,17.25,23.88,17.78,17.7,--,--,--,--,--,--,25.97,31.19,23.88,38.49,14.61,10.33083,,
776, 2024/5/5 15:22:58,785.91,17.23,23.84,17.73,17.7,--,--,--,--,--,--,25.96,31.18,23.84,38.51,14.67,10.37326,,
777, 2024/5/5 15:22:59,786.91,17.17,23.88,17.74,17.7,--,--,--,--,--,--,25.96,31.19,23.88,38.49,14.61,10.33083,,
778, 2024/5/5 15:23:00,787.91,17.22,23.88,17.77,17.66,--,--,--,--,--,--,25.98,31.19,23.88,38.5,14.62,10.3379,,
779, 2024/5/5 15:23:01,788.91,17.2,23.85,17.73,17.69,--,--,--,--,--,--,25.96,31.17,23.85,38.49,14.64,10.35204,,
780, 2024/5/5 15:23:02,789.91,17.25,23.88,17.72,17.68,--,--,--,--,--,--,25.97,31.2,23.88,38.51,14.63,10.34497,,
781, 2024/5/5 15:23:03,790.91,17.21,23.87,17.71,17.67,--,--,--,--,--,--,25.98,31.19,23.87,38.51,14.64,10.35204,,
782, 2024/5/5 15:23:04,791.91,17.17,23.85,17.7,17.71,--,--,--,--,--,--,25.97,31.16,23.85,38.47,14.62,10.3379,,
783, 2024/5/5 15:23:05,792.92,17.25,23.88,17.69,17.68,--,--,--,--,--,--,25.97,31.19,23.88,38.5,14.62,10.3379,,
784, 2024/5/5 15:23:06,793.92,17.26,23.86,17.71,17.64,--,--,--,--,--,--,25.96,31.19,23.86,38.51,14.65,10.35911,,
785, 2024/5/5 15:23:07,794.92,17.25,23.88,17.69,17.58,--,--,--,--,--,--,25.97,31.2,23.88,38.52,14.64,10.35204,,
786, 2024/5/5 15:23:08,795.92,17.19,23.86,17.68,17.54,--,--,--,--,--,--,25.97,31.2,23.86,38.53,14.67,10.37325,,
787, 2024/5/5 15:23:09,796.92,17.22,23.86,17.66,17.53,--,--,--,--,--,--,25.98,31.22,23.86,38.58,14.72,10.40861,,
788, 2024/5/5 15:23:10,797.92,17.3,23.86,17.69,17.52,--,--,--,--,--,--,25.97,31.23,23.86,38.59,14.73,10.41568,,
789, 2024/5/5 15:23:11,798.92,17.32,23.89,17.66,17.55,--,--,--,--,--,--,25.97,31.25,23.89,38.6,14.71,10.40154,,
790, 2024/5/5 15:23:12,799.93,17.31,23.85,17.67,17.55,--,--,--,--,--,--,25.97,31.22,23.85,38.59,14.74,10.42275,,
791, 2024/5/5 15:23:13,800.93,17.22,23.86,17.68,17.58,--,--,--,--,--,--,25.98,31.24,23.86,38.61,14.75,10.42983,,
792, 2024/5/5 15:23:14,801.93,17.22,23.83,17.69,17.59,--,--,--,--,--,--,25.97,31.23,23.83,38.62,14.79,10.45811,,
793, 2024/5/5 15:23:15,802.93,17.23,23.87,17.7,17.61,--,--,--,--,--,--,25.98,31.25,23.87,38.62,14.75,10.42982,,
794, 2024/5/5 15:23:16,803.93,17.27,23.87,17.76,17.59,--,--,--,--,--,--,25.97,31.25,23.87,38.62,14.75,10.42982,,
795, 2024/5/5 15:23:17,804.93,17.24,23.88,17.73,17.65,--,--,--,--,--,--,25.96,31.28,23.88,38.67,14.79,10.45811,,
796, 2024/5/5 15:23:18,805.93,17.27,23.91,17.72,17.66,--,--,--,--,--,--,25.98,31.28,23.91,38.65,14.74,10.42276,,
797, 2024/5/5 15:23:19,806.94,17.27,23.9,17.71,17.65,--,--,--,--,--,--,25.98,31.28,23.9,38.65,14.75,10.42983,,
798, 2024/5/5 15:23:20,807.94,17.28,23.87,17.69,17.61,--,--,--,--,--,--,25.97,31.26,23.87,38.64,14.77,10.44396,,
799, 2024/5/5 15:23:21,808.94,17.27,23.86,17.7,17.63,--,--,--,--,--,--,25.97,31.26,23.86,38.65,14.79,10.45811,,
800, 2024/5/5 15:23:22,809.94,17.28,23.87,17.68,17.61,--,--,--,--,--,--,25.99,31.29,23.87,38.71,14.84,10.49346,,
801, 2024/5/5 15:23:23,810.94,17.29,23.82,17.71,17.65,--,--,--,--,--,--,25.96,31.25,23.82,38.68,14.86,10.50761,,
802, 2024/5/5 15:23:24,811.94,17.26,23.86,17.69,17.63,--,--,--,--,--,--,25.96,31.27,23.86,38.67,14.81,10.47225,,
803, 2024/5/5 15:23:25,812.94,17.27,23.86,17.7,17.63,--,--,--,--,--,--,25.98,31.28,23.86,38.69,14.83,10.48639,,
804, 2024/5/5 15:23:26,813.95,17.29,23.86,17.69,17.64,--,--,--,--,--,--,25.97,31.28,23.86,38.7,14.84,10.49346,,
805, 2024/5/5 15:23:27,814.95,17.32,23.91,17.67,17.65,--,--,--,--,--,--,25.98,31.32,23.91,38.73,14.82,10.47932,,
806, 2024/5/5 15:23:28,815.95,17.28,23.91,17.67,17.61,--,--,--,--,--,--,25.98,31.32,23.91,38.72,14.81,10.47225,,
807, 2024/5/5 15:23:29,816.95,17.3,23.92,17.63,17.6,--,--,--,--,--,--,25.99,31.34,23.92,38.76,14.84,10.49347,,
808, 2024/5/5 15:23:30,817.95,17.29,23.88,17.65,17.6,--,--,--,--,--,--,25.97,31.31,23.88,38.73,14.85,10.50053,,
809, 2024/5/5 15:23:31,818.95,17.33,23.9,17.68,17.59,--,--,--,--,--,--,25.98,31.32,23.9,38.73,14.83,10.48639,,
810, 2024/5/5 15:23:32,819.96,17.34,23.87,17.66,17.59,--,--,--,--,--,--,25.98,31.31,23.87,38.74,14.87,10.51468,,
811, 2024/5/5 15:23:33,820.95,17.3,23.88,17.66,17.56,--,--,--,--,--,--,25.97,31.29,23.88,38.69,14.81,10.47225,,
812, 2024/5/5 15:23:34,821.96,17.35,23.89,17.64,17.55,--,--,--,--,--,--,25.98,31.3,23.89,38.71,14.82,10.47932,,
813, 2024/5/5 15:23:35,822.96,17.32,23.9,17.69,17.55,--,--,--,--,--,--,25.97,31.32,23.9,38.73,14.83,10.48639,,
814, 2024/5/5 15:23:36,823.96,17.29,23.92,17.65,17.57,--,--,--,--,--,--,25.98,31.35,23.92,38.77,14.85,10.50053,,
815, 2024/5/5 15:23:37,824.96,17.37,23.89,17.66,17.54,--,--,--,--,--,--,25.96,31.31,23.89,38.73,14.84,10.49346,,
816, 2024/5/5 15:23:38,825.96,17.33,23.87,17.64,17.56,--,--,--,--,--,--,25.97,31.31,23.87,38.74,14.87,10.51468,,
817, 2024/5/5 15:23:39,826.96,17.33,23.87,17.66,17.54,--,--,--,--,--,--,25.98,31.3,23.87,38.73,14.86,10.5076,,
818, 2024/5/5 15:23:40,827.96,17.37,23.91,17.68,17.57,--,--,--,--,--,--,25.97,31.33,23.91,38.74,14.83,10.48639,,
819, 2024/5/5 15:23:41,828.97,17.38,23.91,17.69,17.59,--,--,--,--,--,--,25.97,31.32,23.91,38.72,14.81,10.47225,,
820, 2024/5/5 15:23:42,829.97,17.35,23.9,17.66,17.59,--,--,--,--,--,--,25.97,31.33,23.9,38.75,14.85,10.50054,,
821, 2024/5/5 15:23:43,830.97,17.39,23.93,17.67,17.63,--,--,--,--,--,--,25.99,31.34,23.93,38.75,14.82,10.47932,,
822, 2024/5/5 15:23:44,831.97,17.37,23.88,17.68,17.63,--,--,--,--,--,--,25.98,31.33,23.88,38.77,14.89,10.52882,,
823, 2024/5/5 15:23:45,832.97,17.37,23.87,17.67,17.66,--,--,--,--,--,--,25.97,31.33,23.87,38.78,14.91,10.54296,,
824, 2024/5/5 15:23:46,833.97,17.36,23.9,17.62,17.62,--,--,--,--,--,--,25.98,31.35,23.9,38.8,14.9,10.53589,,
825, 2024/5/5 15:23:47,834.97,17.38,23.94,17.64,17.61,--,--,--,--,--,--,25.99,31.37,23.94,38.8,14.86,10.5076,,
826, 2024/5/5 15:23:48,835.98,17.4,23.88,17.65,17.62,--,--,--,--,--,--,25.98,31.35,23.88,38.81,14.93,10.5571,,
827, 2024/5/5 15:23:49,836.98,17.34,23.89,17.64,17.61,--,--,--,--,--,--,25.97,31.34,23.89,38.78,14.89,10.52882,,
828, 2024/5/5 15:23:50,837.98,17.41,23.9,17.66,17.57,--,--,--,--,--,--,25.99,31.36,23.9,38.81,14.91,10.54296,,
829, 2024/5/5 15:23:51,838.98,17.39,23.91,17.67,17.61,--,--,--,--,--,--,25.99,31.36,23.91,38.8,14.89,10.52882,,
830, 2024/5/5 15:23:52,839.98,17.37,23.9,17.67,17.6,--,--,--,--,--,--,25.97,31.34,23.9,38.77,14.87,10.51468,,
831, 2024/5/5 15:23:53,840.98,17.37,23.9,17.68,17.56,--,--,--,--,--,--,25.98,31.33,23.9,38.75,14.85,10.50054,,
832, 2024/5/5 15:23:54,841.98,17.39,23.91,17.64,17.54,--,--,--,--,--,--,25.97,31.32,23.91,38.73,14.82,10.47932,,
833, 2024/5/5 15:23:55,842.99,17.41,23.89,17.63,17.53,--,--,--,--,--,--,25.97,31.32,23.89,38.75,14.86,10.50761,,
834, 2024/5/5 15:23:56,843.99,17.38,23.89,17.62,17.54,--,--,--,--,--,--,25.98,31.3,23.89,38.7,14.81,10.47225,,
835, 2024/5/5 15:23:57,844.99,17.39,23.91,17.61,17.56,--,--,--,--,--,--,25.98,31.31,23.91,38.71,14.8,10.46518,,
836, 2024/5/5 15:23:58,845.99,17.42,23.9,17.63,17.56,--,--,--,--,--,--,25.97,31.29,23.9,38.68,14.78,10.45104,,
837, 2024/5/5 15:23:59,846.99,17.37,23.88,17.65,17.6,--,--,--,--,--,--,25.97,31.27,23.88,38.65,14.77,10.44397,,
838, 2024/5/5 15:24:00,847.99,17.44,23.88,17.62,17.55,--,--,--,--,--,--,25.97,31.28,23.88,38.68,14.8,10.46518,,
839, 2024/5/5 15:24:01,848.99,17.4,23.88,17.64,17.55,--,--,--,--,--,--,25.96,31.27,23.88,38.66,14.78,10.45104,,
840, 2024/5/5 15:24:02,850,17.39,23.9,17.66,17.58,--,--,--,--,--,--,25.98,31.28,23.9,38.66,14.76,10.4369,,
841, 2024/5/5 15:24:03,851,17.46,23.88,17.66,17.58,--,--,--,--,--,--,25.97,31.27,23.88,38.66,14.78,10.45104,,
842, 2024/5/5 15:24:04,852,17.39,23.94,17.65,17.56,--,--,--,--,--,--,25.98,31.29,23.94,38.64,14.7,10.39447,,
843, 2024/5/5 15:24:05,853,17.41,23.9,17.66,17.6,--,--,--,--,--,--,25.98,31.29,23.9,38.68,14.78,10.45104,,
844, 2024/5/5 15:24:06,854,17.45,23.92,17.69,17.59,--,--,--,--,--,--,25.97,31.28,23.92,38.63,14.71,10.40154,,
845, 2024/5/5 15:24:07,855,17.45,23.9,17.66,17.59,--,--,--,--,--,--,25.98,31.28,23.9,38.66,14.76,10.4369,,
846, 2024/5/5 15:24:08,856,17.4,23.91,17.69,17.6,--,--,--,--,--,--,25.99,31.3,23.91,38.68,14.77,10.44397,,
847, 2024/5/5 15:24:09,857.01,17.42,23.91,17.66,17.59,--,--,--,--,--,--,25.97,31.29,23.91,38.67,14.76,10.4369,,
848, 2024/5/5 15:24:10,858.01,17.4,23.94,17.66,17.6,--,--,--,--,--,--,25.98,31.29,23.94,38.63,14.69,10.3874,,
849, 2024/5/5 15:24:11,859.01,17.46,23.89,17.68,17.6,--,--,--,--,--,--,25.98,31.27,23.89,38.65,14.76,10.4369,,
850, 2024/5/5 15:24:12,860.01,17.43,23.89,17.66,17.62,--,--,--,--,--,--,25.98,31.27,23.89,38.65,14.76,10.4369,,
851, 2024/5/5 15:24:13,861.01,17.47,23.92,17.65,17.61,--,--,--,--,--,--,25.99,31.29,23.92,38.66,14.74,10.42275,,
852, 2024/5/5 15:24:14,862.01,17.41,23.9,17.65,17.6,--,--,--,--,--,--,25.98,31.27,23.9,38.64,14.74,10.42275,,
853, 2024/5/5 15:24:15,863.02,17.45,23.91,17.68,17.63,--,--,--,--,--,--,25.98,31.28,23.91,38.65,14.74,10.42276,,
854, 2024/5/5 15:24:16,864.04,17.49,23.92,17.67,17.61,--,--,--,--,--,--,25.97,31.28,23.92,38.63,14.71,10.40154,,
855, 2024/5/5 15:24:17,865.06,17.49,23.91,17.64,17.64,--,--,--,--,--,--,25.98,31.27,23.91,38.63,14.72,10.40861,,
856, 2024/5/5 15:24:18,866.08,17.44,23.88,17.7,17.62,--,--,--,--,--,--,25.97,31.28,23.88,38.67,14.79,10.45811,,
857, 2024/5/5 15:24:19,867.11,17.47,23.91,17.69,17.57,--,--,--,--,--,--,25.97,31.27,23.91,38.62,14.71,10.40154,,
858, 2024/5/5 15:24:20,868.13,17.49,23.92,17.63,17.63,--,--,--,--,--,--,25.98,31.26,23.92,38.6,14.68,10.38032,,
859, 2024/5/5 15:24:21,869.16,17.44,23.9,17.68,17.59,--,--,--,--,--,--,25.98,31.26,23.9,38.62,14.72,10.40861,,
860, 2024/5/5 15:24:22,870.19,17.47,23.94,17.64,17.6,--,--,--,--,--,--,25.98,31.27,23.94,38.59,14.65,10.35911,,
861, 2024/5/5 15:24:23,871.21,17.46,23.92,17.67,17.59,--,--,--,--,--,--,25.98,31.27,23.92,38.62,14.7,10.39447,,
862, 2024/5/5 15:24:24,872.24,17.52,23.91,17.65,17.57,--,--,--,--,--,--,25.99,31.27,23.91,38.63,14.72,10.40861,,
863, 2024/5/5 15:24:25,873.27,17.46,23.89,17.67,17.56,--,--,--,--,--,--,25.98,31.28,23.89,38.66,14.77,10.44397,,
864, 2024/5/5 15:24:26,874.3,17.47,23.91,17.64,17.59,--,--,--,--,--,--,25.97,31.27,23.91,38.63,14.72,10.40861,,
865, 2024/5/5 15:24:27,875.33,17.51,23.94,17.65,17.6,--,--,--,--,--,--,25.98,31.29,23.94,38.64,14.7,10.39447,,
866, 2024/5/5 15:24:28,876.35,17.51,23.93,17.65,17.56,--,--,--,--,--,--,25.99,31.32,23.93,38.7,14.77,10.44397,,
