Index, Time, t(seconds), T1,T2,T3,T4,T5,T6,T7,T8,Tenv,Tavg,Tmin,Tmax,Trange,Tsigma,,ZnCl_2+citrate+cellulose+Na_2SiO_3
1, 2024/5/3 15:28:40,0.05,9.59,25.02,18.71,18.67,--,--,--,--,24.27,25.44,18.67,37.61,18.94,8.962953,,
2, 2024/5/3 15:28:41,1.05,9.61,24.95,18.7,18.65,--,--,--,--,24.25,25.4,18.65,37.56,18.91,8.944422,,
3, 2024/5/3 15:28:42,2.05,9.71,24.89,18.67,18.65,--,--,--,--,24.24,25.39,18.65,37.6,18.95,8.96721,,
4, 2024/5/3 15:28:43,3.05,9.69,24.93,18.71,18.63,--,--,--,--,24.25,25.41,18.63,37.62,18.99,8.973207,,
5, 2024/5/3 15:28:44,4.06,9.78,24.9,18.67,18.65,--,--,--,--,24.25,25.41,18.65,37.68,19.03,9.003994,,
6, 2024/5/3 15:28:45,5.06,9.86,24.86,18.74,18.66,--,--,--,--,24.25,25.43,18.66,37.72,19.06,9.000471,,
7, 2024/5/3 15:28:46,6.06,9.87,24.87,18.72,18.65,--,--,--,--,24.25,25.43,18.65,37.74,19.09,9.017479,,
8, 2024/5/3 15:28:47,7.06,9.96,24.84,18.71,18.64,--,--,--,--,24.24,25.44,18.64,37.8,19.16,9.04848,,
9, 2024/5/3 15:28:48,8.06,10.03,24.83,18.73,18.62,--,--,--,--,24.26,25.45,18.62,37.86,19.24,9.075467,,
10, 2024/5/3 15:28:49,9.06,10.09,24.8,18.72,18.6,--,--,--,--,24.25,25.44,18.6,37.89,19.29,9.095395,,
11, 2024/5/3 15:28:50,10.06,10.16,24.77,18.56,18.52,--,--,--,--,24.24,25.38,18.52,37.93,19.41,9.171951,,
12, 2024/5/3 15:28:51,11.07,10.15,24.78,18.49,18.51,--,--,--,--,24.25,25.37,18.49,37.93,19.44,9.192264,,
13, 2024/5/3 15:28:52,12.07,10.25,24.72,18.43,18.46,--,--,--,--,24.24,25.33,18.43,37.97,19.54,9.235369,,
14, 2024/5/3 15:28:53,13.07,10.29,24.74,18.43,18.42,--,--,--,--,24.25,25.34,18.42,38.03,19.61,9.273493,,
15, 2024/5/3 15:28:54,14.07,10.32,24.73,18.41,18.35,--,--,--,--,24.25,25.32,18.35,38.05,19.7,9.304613,,
16, 2024/5/3 15:28:55,15.07,10.37,24.7,18.37,18.27,--,--,--,--,24.24,25.29,18.27,38.07,19.8,9.342389,,
17, 2024/5/3 15:28:56,16.07,10.4,24.69,18.34,18.25,--,--,--,--,24.25,25.28,18.25,38.09,19.84,9.363514,,
18, 2024/5/3 15:28:57,17.07,10.5,24.64,18.35,18.19,--,--,--,--,24.24,25.27,18.19,38.14,19.95,9.396879,,
19, 2024/5/3 15:28:58,18.08,10.48,24.68,18.31,18.15,--,--,--,--,24.24,25.26,18.15,38.16,20.01,9.427503,,
20, 2024/5/3 15:28:59,19.08,10.58,24.63,18.29,18.12,--,--,--,--,24.25,25.25,18.12,38.21,20.09,9.460743,,
21, 2024/5/3 15:29:00,20.08,10.55,24.65,18.3,18.12,--,--,--,--,24.26,25.26,18.12,38.2,20.08,9.45453,,
22, 2024/5/3 15:29:01,21.08,10.62,24.63,18.29,18.11,--,--,--,--,24.25,25.26,18.11,38.25,20.14,9.481524,,
23, 2024/5/3 15:29:02,22.08,10.7,24.61,18.31,18.19,--,--,--,--,24.25,25.29,18.19,38.31,20.12,9.483244,,
24, 2024/5/3 15:29:03,23.08,10.76,24.57,18.35,18.24,--,--,--,--,24.24,25.31,18.24,38.33,20.09,9.468669,,
25, 2024/5/3 15:29:04,24.08,10.77,24.59,18.41,18.26,--,--,--,--,24.25,25.34,18.26,38.36,20.1,9.463468,,
26, 2024/5/3 15:29:05,25.08,10.81,24.56,18.39,18.23,--,--,--,--,24.24,25.33,18.23,38.37,20.14,9.479372,,
27, 2024/5/3 15:29:06,26.08,10.86,24.56,18.4,18.14,--,--,--,--,24.25,25.32,18.14,38.42,20.28,9.52241,,
28, 2024/5/3 15:29:07,27.09,10.84,24.57,18.35,18.14,--,--,--,--,24.25,25.31,18.14,38.41,20.27,9.530312,,
29, 2024/5/3 15:29:08,28.09,10.91,24.55,18.35,18.1,--,--,--,--,24.25,25.3,18.1,38.46,20.36,9.562566,,
30, 2024/5/3 15:29:09,29.09,10.96,24.54,18.31,18.09,--,--,--,--,24.24,25.3,18.09,38.5,20.41,9.592779,,
31, 2024/5/3 15:29:10,30.09,11,24.51,18.33,18.09,--,--,--,--,24.24,25.3,18.09,38.51,20.42,9.5915,,
32, 2024/5/3 15:29:11,31.09,11,24.51,18.26,18.11,--,--,--,--,24.25,25.29,18.11,38.51,20.4,9.603515,,
33, 2024/5/3 15:29:12,32.09,11.02,24.49,18.13,18.04,--,--,--,--,24.25,25.23,18.04,38.51,20.47,9.652022,,
34, 2024/5/3 15:29:13,33.1,11.1,24.46,18.11,18.21,--,--,--,--,24.25,25.27,18.11,38.56,20.45,9.637027,,
35, 2024/5/3 15:29:14,34.1,11.13,24.49,18.02,18.49,--,--,--,--,24.25,25.34,18.02,38.62,20.6,9.620693,,
36, 2024/5/3 15:29:15,35.1,11.17,24.45,17.93,18.67,--,--,--,--,24.25,25.36,17.93,38.62,20.69,9.600245,,
37, 2024/5/3 15:29:16,36.1,11.18,24.44,17.93,18.79,--,--,--,--,24.25,25.38,17.93,38.62,20.69,9.572255,,
38, 2024/5/3 15:29:17,37.1,11.21,24.45,17.91,18.81,--,--,--,--,24.24,25.4,17.91,38.66,20.75,9.591589,,
39, 2024/5/3 15:29:18,38.1,11.24,24.42,17.87,18.81,--,--,--,--,24.25,25.38,17.87,38.66,20.79,9.601171,,
40, 2024/5/3 15:29:19,39.1,11.28,24.42,17.88,18.76,--,--,--,--,24.25,25.38,17.88,38.7,20.82,9.628446,,
41, 2024/5/3 15:29:20,40.11,11.32,24.41,17.87,18.68,--,--,--,--,24.25,25.36,17.87,38.73,20.86,9.662976,,
42, 2024/5/3 15:29:21,41.11,11.33,24.41,17.83,18.66,--,--,--,--,24.25,25.35,17.83,38.74,20.91,9.682539,,
43, 2024/5/3 15:29:22,42.12,11.37,24.37,17.82,18.59,--,--,--,--,24.25,25.32,17.82,38.74,20.92,9.70016,,
44, 2024/5/3 15:29:23,43.14,11.41,24.37,17.78,18.55,--,--,--,--,24.25,25.31,17.78,38.78,21,9.738163,,
45, 2024/5/3 15:29:24,44.15,11.43,24.37,17.8,18.5,--,--,--,--,24.26,25.31,17.8,38.8,21,9.753842,,
46, 2024/5/3 15:29:25,45.16,11.47,24.37,17.77,18.45,--,--,--,--,24.25,25.3,17.77,38.84,21.07,9.791618,,
47, 2024/5/3 15:29:26,46.18,11.49,24.37,17.74,18.41,--,--,--,--,24.25,25.28,17.74,38.86,21.12,9.817849,,
48, 2024/5/3 15:29:27,47.2,11.49,24.36,17.73,18.38,--,--,--,--,24.25,25.27,17.73,38.85,21.12,9.822519,,
49, 2024/5/3 15:29:28,48.23,11.55,24.33,17.75,18.31,--,--,--,--,24.26,25.26,17.75,38.88,21.13,9.846816,,
50, 2024/5/3 15:29:29,49.25,11.56,24.33,17.75,18.28,--,--,--,--,24.26,25.25,17.75,38.89,21.14,9.858487,,
51, 2024/5/3 15:29:30,50.26,11.6,24.31,17.77,18.23,--,--,--,--,24.24,25.24,17.77,38.91,21.14,9.873909,,
52, 2024/5/3 15:29:31,51.27,11.61,24.3,17.91,18.13,--,--,--,--,24.25,25.25,17.91,38.91,21,9.862481,,
53, 2024/5/3 15:29:32,52.29,11.66,24.29,17.94,18.05,--,--,--,--,24.24,25.25,17.94,38.95,21.01,9.892591,,
54, 2024/5/3 15:29:33,53.31,11.71,24.28,17.96,18.04,--,--,--,--,24.25,25.26,17.96,38.99,21.03,9.908315,,
55, 2024/5/3 15:29:34,54.33,11.68,24.28,17.98,18.05,--,--,--,--,24.25,25.26,17.98,38.96,20.98,9.887116,,
56, 2024/5/3 15:29:35,55.34,11.74,24.28,17.95,17.99,--,--,--,--,24.25,25.25,17.95,39.02,21.07,9.936781,,
57, 2024/5/3 15:29:36,56.36,11.77,24.24,17.92,17.99,--,--,--,--,24.25,25.23,17.92,39.01,21.09,9.938473,,
58, 2024/5/3 15:29:37,57.38,11.82,24.23,17.97,18,--,--,--,--,24.25,25.25,17.97,39.05,21.08,9.942062,,
59, 2024/5/3 15:29:39,58.39,11.81,24.24,18,18.07,--,--,--,--,24.26,25.28,18,39.05,21.05,9.917989,,
60, 2024/5/3 15:29:40,59.41,11.86,24.21,18.06,18.08,--,--,--,--,24.25,25.29,18.06,39.07,21.01,9.909494,,
61, 2024/5/3 15:29:41,60.42,11.86,24.24,18.02,18.05,--,--,--,--,24.25,25.29,18.02,39.1,21.08,9.941104,,
62, 2024/5/3 15:29:42,61.44,11.89,24.21,17.99,18.07,--,--,--,--,24.25,25.28,17.99,39.1,21.11,9.942888,,
63, 2024/5/3 15:29:43,62.46,11.92,24.22,18,18.03,--,--,--,--,24.26,25.29,18,39.14,21.14,9.968893,,
64, 2024/5/3 15:29:44,63.47,11.97,24.16,17.97,18,--,--,--,--,24.25,25.25,17.97,39.13,21.16,9.977489,,
65, 2024/5/3 15:29:45,64.48,11.98,24.17,17.93,17.96,--,--,--,--,24.25,25.24,17.93,39.15,21.22,10.00642,,
66, 2024/5/3 15:29:46,65.49,11.93,24.21,17.9,17.93,--,--,--,--,24.25,25.23,17.9,39.14,21.24,10.01732,,
67, 2024/5/3 15:29:47,66.5,11.99,24.2,17.88,17.92,--,--,--,--,24.26,25.24,17.88,39.19,21.31,10.04753,,
68, 2024/5/3 15:29:48,67.52,12.06,24.15,17.93,17.93,--,--,--,--,24.25,25.24,17.93,39.21,21.28,10.04106,,
69, 2024/5/3 15:29:49,68.53,12.04,24.16,17.89,17.92,--,--,--,--,24.24,25.23,17.89,39.2,21.31,10.0488,,
70, 2024/5/3 15:29:50,69.54,12.05,24.14,17.89,17.95,--,--,--,--,24.25,25.23,17.89,39.19,21.3,10.03645,,
71, 2024/5/3 15:29:51,70.55,12.14,24.14,17.9,17.95,--,--,--,--,24.25,25.26,17.9,39.28,21.38,10.07576,,
72, 2024/5/3 15:29:52,71.56,12.13,24.13,17.94,17.95,--,--,--,--,24.26,25.26,17.94,39.26,21.32,10.05655,,
73, 2024/5/3 15:29:53,72.57,12.12,24.14,17.99,17.99,--,--,--,--,24.26,25.28,17.99,39.26,21.27,10.03495,,
74, 2024/5/3 15:29:54,73.58,12.18,24.12,17.94,17.86,--,--,--,--,24.25,25.24,17.86,39.3,21.44,10.09678,,
75, 2024/5/3 15:29:55,74.59,12.21,24.08,17.87,17.74,--,--,--,--,24.25,25.18,17.74,39.29,21.55,10.13746,,
76, 2024/5/3 15:29:56,75.6,12.22,24.1,17.8,17.72,--,--,--,--,24.25,25.17,17.72,39.32,21.6,10.17357,,
77, 2024/5/3 15:29:57,76.62,12.26,24.09,17.78,17.76,--,--,--,--,24.25,25.18,17.76,39.35,21.59,10.18235,,
78, 2024/5/3 15:29:58,77.63,12.27,24.08,17.82,17.78,--,--,--,--,24.25,25.2,17.78,39.35,21.57,10.1676,,
79, 2024/5/3 15:29:59,78.65,12.29,24.09,17.86,17.83,--,--,--,--,24.26,25.23,17.83,39.38,21.55,10.15991,,
80, 2024/5/3 15:30:00,79.67,12.3,24.09,17.97,17.88,--,--,--,--,24.26,25.27,17.88,39.39,21.51,10.1259,,
81, 2024/5/3 15:30:01,80.68,12.37,24.06,17.94,17.92,--,--,--,--,24.25,25.28,17.92,39.43,21.51,10.14147,,
82, 2024/5/3 15:30:02,81.69,12.33,24.08,17.89,17.91,--,--,--,--,24.26,25.26,17.89,39.41,21.52,10.14703,,
83, 2024/5/3 15:30:03,82.71,12.34,24.07,17.88,17.8,--,--,--,--,24.26,25.23,17.8,39.41,21.61,10.17592,,
84, 2024/5/3 15:30:04,83.73,12.42,24.04,17.85,17.73,--,--,--,--,24.26,25.21,17.73,39.46,21.73,10.22283,,
85, 2024/5/3 15:30:05,84.74,12.46,24.01,17.83,17.71,--,--,--,--,24.25,25.19,17.71,39.47,21.76,10.23659,,
86, 2024/5/3 15:30:06,85.76,12.41,24.08,17.75,17.65,--,--,--,--,24.26,25.18,17.65,39.49,21.84,10.28112,,
87, 2024/5/3 15:30:07,86.78,12.51,24.01,17.72,17.63,--,--,--,--,24.26,25.16,17.63,39.52,21.89,10.30573,,
88, 2024/5/3 15:30:08,87.78,12.51,24.02,17.73,17.59,--,--,--,--,24.26,25.16,17.59,39.53,21.94,10.31792,,
89, 2024/5/3 15:30:09,88.79,12.53,24,17.73,17.6,--,--,--,--,24.25,25.15,17.6,39.53,21.93,10.31509,,
90, 2024/5/3 15:30:10,89.79,12.54,23.98,17.78,17.66,--,--,--,--,24.25,25.17,17.66,39.52,21.86,10.28345,,
91, 2024/5/3 15:30:11,90.79,12.49,24.03,17.85,17.72,--,--,--,--,24.25,25.22,17.72,39.52,21.8,10.25298,,
92, 2024/5/3 15:30:12,91.79,12.57,23.98,17.78,17.57,--,--,--,--,24.26,25.16,17.57,39.55,21.98,10.31939,,
93, 2024/5/3 15:30:13,92.79,12.61,23.97,17.76,17.51,--,--,--,--,24.26,25.14,17.51,39.58,22.07,10.35264,,
94, 2024/5/3 15:30:14,93.79,12.6,24,17.75,17.49,--,--,--,--,24.26,25.15,17.49,39.6,22.11,10.3698,,
95, 2024/5/3 15:30:15,94.79,12.61,23.97,17.71,17.45,--,--,--,--,24.25,25.12,17.45,39.58,22.13,10.37928,,
96, 2024/5/3 15:30:16,95.8,12.63,23.98,17.71,17.46,--,--,--,--,24.26,25.13,17.46,39.61,22.15,10.39095,,
97, 2024/5/3 15:30:17,96.79,12.7,23.94,17.71,17.47,--,--,--,--,24.26,25.13,17.47,39.64,22.17,10.40169,,
98, 2024/5/3 15:30:18,97.8,12.76,23.9,17.71,17.49,--,--,--,--,24.24,25.13,17.49,39.66,22.17,10.4054,,
99, 2024/5/3 15:30:19,98.8,12.69,23.97,17.71,17.53,--,--,--,--,24.26,25.16,17.53,39.66,22.13,10.39684,,
100, 2024/5/3 15:30:20,99.8,12.76,23.93,17.71,17.55,--,--,--,--,24.26,25.16,17.55,39.69,22.14,10.40522,,
101, 2024/5/3 15:30:21,100.8,12.76,23.92,17.68,17.58,--,--,--,--,24.25,25.15,17.58,39.68,22.1,10.40027,,
102, 2024/5/3 15:30:22,101.8,12.78,23.93,17.67,17.54,--,--,--,--,24.26,25.15,17.54,39.71,22.17,10.42652,,
103, 2024/5/3 15:30:23,102.81,12.79,23.92,17.68,17.54,--,--,--,--,24.25,25.15,17.54,39.71,22.17,10.42396,,
104, 2024/5/3 15:30:24,103.81,12.82,23.87,17.67,17.55,--,--,--,--,24.25,25.13,17.55,39.69,22.14,10.4138,,
105, 2024/5/3 15:30:25,104.81,12.78,23.95,17.7,17.52,--,--,--,--,24.26,25.16,17.52,39.73,22.21,10.43388,,
106, 2024/5/3 15:30:26,105.81,12.84,23.93,17.71,17.56,--,--,--,--,24.27,25.18,17.56,39.77,22.21,10.44004,,
107, 2024/5/3 15:30:27,106.81,12.89,23.89,17.7,17.53,--,--,--,--,24.26,25.16,17.53,39.78,22.25,10.45376,,
108, 2024/5/3 15:30:28,107.81,12.85,23.91,17.71,17.53,--,--,--,--,24.26,25.17,17.53,39.76,22.23,10.44237,,
109, 2024/5/3 15:30:29,108.81,12.92,23.86,17.69,17.56,--,--,--,--,24.25,25.16,17.56,39.78,22.22,10.44841,,
110, 2024/5/3 15:30:30,109.82,12.94,23.88,17.72,17.54,--,--,--,--,24.25,25.18,17.54,39.82,22.28,10.46507,,
111, 2024/5/3 15:30:31,110.82,12.91,23.88,17.67,17.59,--,--,--,--,24.26,25.17,17.59,39.79,22.2,10.45088,,
112, 2024/5/3 15:30:32,111.82,12.93,23.9,17.72,17.6,--,--,--,--,24.26,25.2,17.6,39.83,22.23,10.45546,,
113, 2024/5/3 15:30:33,112.82,12.95,23.87,17.73,17.63,--,--,--,--,24.25,25.2,17.63,39.82,22.19,10.44073,,
114, 2024/5/3 15:30:34,113.82,13.01,23.82,17.73,17.64,--,--,--,--,24.25,25.19,17.64,39.83,22.19,10.44235,,
115, 2024/5/3 15:30:35,114.82,13.03,23.84,17.71,17.67,--,--,--,--,24.25,25.21,17.67,39.87,22.2,10.45883,,
116, 2024/5/3 15:30:36,115.82,13.02,23.83,17.78,17.7,--,--,--,--,24.25,25.23,17.7,39.85,22.15,10.42545,,
117, 2024/5/3 15:30:37,116.82,13,23.87,17.8,17.79,--,--,--,--,24.26,25.27,17.79,39.87,22.08,10.40887,,
118, 2024/5/3 15:30:38,117.83,13.08,23.82,17.87,17.81,--,--,--,--,24.26,25.29,17.81,39.9,22.09,10.40092,,
119, 2024/5/3 15:30:39,118.83,13.12,23.8,17.88,17.86,--,--,--,--,24.26,25.3,17.86,39.92,22.06,10.39578,,
120, 2024/5/3 15:30:40,119.83,13.09,23.79,17.86,17.86,--,--,--,--,24.25,25.29,17.86,39.88,22.02,10.38172,,
121, 2024/5/3 15:30:41,120.83,13.12,23.79,17.82,17.86,--,--,--,--,24.25,25.28,17.82,39.91,22.09,10.40533,,
122, 2024/5/3 15:30:42,121.83,13.13,23.82,17.79,17.8,--,--,--,--,24.25,25.28,17.79,39.95,22.16,10.44579,,
123, 2024/5/3 15:30:43,122.83,13.11,23.81,17.79,17.82,--,--,--,--,24.25,25.27,17.79,39.92,22.13,10.42688,,
124, 2024/5/3 15:30:44,123.83,13.14,23.8,17.77,17.8,--,--,--,--,24.26,25.27,17.77,39.94,22.17,10.4457,,
125, 2024/5/3 15:30:45,124.84,13.17,23.79,17.81,17.77,--,--,--,--,24.27,25.27,17.77,39.96,22.19,10.4526,,
126, 2024/5/3 15:30:46,125.84,13.19,23.8,17.81,17.72,--,--,--,--,24.26,25.27,17.72,39.99,22.27,10.47872,,
127, 2024/5/3 15:30:47,126.84,13.19,23.79,17.8,17.76,--,--,--,--,24.26,25.27,17.76,39.98,22.22,10.46674,,
128, 2024/5/3 15:30:48,127.84,13.2,23.78,17.77,17.71,--,--,--,--,24.25,25.25,17.71,39.98,22.27,10.48576,,
129, 2024/5/3 15:30:49,128.84,13.22,23.78,17.76,17.66,--,--,--,--,24.26,25.24,17.66,40,22.34,10.50949,,
130, 2024/5/3 15:30:50,129.84,13.23,23.76,17.76,17.67,--,--,--,--,24.26,25.23,17.67,39.99,22.32,10.50223,,
131, 2024/5/3 15:30:51,130.84,13.29,23.72,17.74,17.65,--,--,--,--,24.26,25.22,17.65,40.01,22.36,10.5208,,
132, 2024/5/3 15:30:52,131.84,13.26,23.74,17.74,17.6,--,--,--,--,24.25,25.21,17.6,40,22.4,10.5283,,
133, 2024/5/3 15:30:53,132.85,13.25,23.76,17.72,17.61,--,--,--,--,24.26,25.21,17.61,40.01,22.4,10.5355,,
134, 2024/5/3 15:30:54,133.85,13.28,23.75,17.71,17.58,--,--,--,--,24.25,25.21,17.58,40.03,22.45,10.55436,,
135, 2024/5/3 15:30:55,134.85,13.27,23.77,17.69,17.57,--,--,--,--,24.25,25.21,17.57,40.04,22.47,10.56638,,
136, 2024/5/3 15:30:56,135.85,13.36,23.7,17.68,17.57,--,--,--,--,24.25,25.19,17.57,40.06,22.49,10.57748,,
137, 2024/5/3 15:30:57,136.85,13.37,23.7,17.66,17.53,--,--,--,--,24.25,25.18,17.53,40.07,22.54,10.59651,,
138, 2024/5/3 15:30:58,137.85,13.33,23.74,17.67,17.49,--,--,--,--,24.26,25.18,17.49,40.07,22.58,10.60416,,
139, 2024/5/3 15:30:59,138.86,13.33,23.73,17.68,17.46,--,--,--,--,24.26,25.17,17.46,40.06,22.6,10.60428,,
140, 2024/5/3 15:31:00,139.86,13.4,23.68,17.65,17.48,--,--,--,--,24.25,25.16,17.48,40.08,22.6,10.61543,,
141, 2024/5/3 15:31:01,140.86,13.4,23.69,17.64,17.46,--,--,--,--,24.25,25.16,17.46,40.09,22.63,10.62738,,
142, 2024/5/3 15:31:02,141.86,13.43,23.68,17.67,17.53,--,--,--,--,24.25,25.19,17.53,40.11,22.58,10.61273,,
143, 2024/5/3 15:31:03,142.86,13.42,23.69,17.65,17.54,--,--,--,--,24.25,25.19,17.54,40.11,22.57,10.61513,,
144, 2024/5/3 15:31:04,143.86,13.45,23.69,17.69,17.57,--,--,--,--,24.27,25.21,17.57,40.14,22.57,10.61254,,
145, 2024/5/3 15:31:05,144.86,13.43,23.71,17.69,17.59,--,--,--,--,24.26,25.22,17.59,40.14,22.55,10.60789,,
146, 2024/5/3 15:31:06,145.87,13.47,23.68,17.66,17.58,--,--,--,--,24.26,25.21,17.58,40.15,22.57,10.62185,,
147, 2024/5/3 15:31:07,146.87,13.52,23.64,17.7,17.6,--,--,--,--,24.26,25.21,17.6,40.16,22.56,10.61205,,
148, 2024/5/3 15:31:08,147.87,13.51,23.66,17.67,17.59,--,--,--,--,24.25,25.21,17.59,40.17,22.58,10.62634,,
149, 2024/5/3 15:31:09,148.87,13.51,23.68,17.69,17.5,--,--,--,--,24.26,25.2,17.5,40.19,22.69,10.65275,,
150, 2024/5/3 15:31:10,149.87,13.53,23.66,17.63,17.4,--,--,--,--,24.26,25.16,17.4,40.19,22.79,10.69083,,
151, 2024/5/3 15:31:11,150.87,13.55,23.63,17.66,17.38,--,--,--,--,24.26,25.15,17.38,40.18,22.8,10.68374,,
152, 2024/5/3 15:31:12,151.87,13.52,23.68,17.71,17.42,--,--,--,--,24.27,25.19,17.42,40.2,22.78,10.6721,,
153, 2024/5/3 15:31:13,152.87,13.56,23.66,17.77,17.59,--,--,--,--,24.25,25.25,17.59,40.22,22.63,10.62626,,
154, 2024/5/3 15:31:14,153.88,13.58,23.63,17.8,17.65,--,--,--,--,24.26,25.26,17.65,40.21,22.56,10.60001,,
155, 2024/5/3 15:31:15,154.88,13.59,23.63,17.8,17.7,--,--,--,--,24.25,25.28,17.7,40.22,22.52,10.59277,,
156, 2024/5/3 15:31:16,155.88,13.64,23.63,17.82,17.7,--,--,--,--,24.26,25.29,17.7,40.27,22.57,10.61159,,
157, 2024/5/3 15:31:17,156.88,13.64,23.63,17.78,17.64,--,--,--,--,24.26,25.27,17.64,40.27,22.63,10.6353,,
158, 2024/5/3 15:31:18,157.88,13.62,23.63,17.82,17.59,--,--,--,--,24.26,25.26,17.59,40.25,22.66,10.62853,,
159, 2024/5/3 15:31:19,158.88,13.66,23.62,17.82,17.67,--,--,--,--,24.26,25.29,17.67,40.28,22.61,10.62343,,
160, 2024/5/3 15:31:20,159.88,13.65,23.62,17.81,17.71,--,--,--,--,24.26,25.29,17.71,40.27,22.56,10.61153,,
161, 2024/5/3 15:31:21,160.88,13.66,23.62,17.77,17.6,--,--,--,--,24.26,25.26,17.6,40.28,22.68,10.65189,,
162, 2024/5/3 15:31:22,161.89,13.68,23.62,17.73,17.47,--,--,--,--,24.26,25.22,17.47,40.3,22.83,10.70189,,
163, 2024/5/3 15:31:23,162.89,13.73,23.63,17.71,17.51,--,--,--,--,24.26,25.24,17.51,40.36,22.85,10.72517,,
164, 2024/5/3 15:31:24,163.89,13.68,23.62,17.72,17.51,--,--,--,--,24.26,25.23,17.51,40.3,22.79,10.69459,,
165, 2024/5/3 15:31:25,164.89,13.74,23.6,17.68,17.41,--,--,--,--,24.25,25.2,17.41,40.34,22.93,10.74673,,
166, 2024/5/3 15:31:26,165.89,13.72,23.61,17.66,17.4,--,--,--,--,24.25,25.19,17.4,40.33,22.93,10.74916,,
167, 2024/5/3 15:31:27,166.89,13.75,23.59,17.69,17.41,--,--,--,--,24.25,25.2,17.41,40.34,22.93,10.74435,,
168, 2024/5/3 15:31:28,167.89,13.76,23.6,17.73,17.48,--,--,--,--,24.27,25.23,17.48,40.36,22.88,10.72759,,
169, 2024/5/3 15:31:29,168.9,13.8,23.58,17.72,17.5,--,--,--,--,24.26,25.23,17.5,40.38,22.88,10.73445,,
170, 2024/5/3 15:31:30,169.9,13.76,23.58,17.74,17.53,--,--,--,--,24.26,25.24,17.53,40.34,22.81,10.70377,,
171, 2024/5/3 15:31:31,170.9,13.78,23.59,17.72,17.55,--,--,--,--,24.26,25.25,17.55,40.37,22.82,10.71779,,
172, 2024/5/3 15:31:32,171.9,13.82,23.55,17.74,17.59,--,--,--,--,24.26,25.25,17.59,40.37,22.78,10.70347,,
173, 2024/5/3 15:31:33,172.9,13.84,23.54,17.72,17.59,--,--,--,--,24.26,25.25,17.59,40.38,22.79,10.71284,,
174, 2024/5/3 15:31:34,173.9,13.84,23.56,17.73,17.63,--,--,--,--,24.25,25.27,17.63,40.4,22.77,10.71043,,
175, 2024/5/3 15:31:35,174.91,13.85,23.59,17.7,17.58,--,--,--,--,24.26,25.27,17.58,40.44,22.86,10.74825,,
176, 2024/5/3 15:31:36,175.9,13.89,23.54,17.73,17.6,--,--,--,--,24.26,25.26,17.6,40.43,22.83,10.73167,,
177, 2024/5/3 15:31:37,176.91,13.84,23.56,17.72,17.61,--,--,--,--,24.26,25.26,17.61,40.4,22.79,10.71753,,
178, 2024/5/3 15:31:38,177.91,13.9,23.55,17.71,17.56,--,--,--,--,24.26,25.26,17.56,40.45,22.89,10.75531,,
179, 2024/5/3 15:31:39,178.91,13.86,23.56,17.68,17.47,--,--,--,--,24.25,25.22,17.47,40.42,22.95,10.76974,,
180, 2024/5/3 15:31:40,179.91,13.91,23.54,17.7,17.47,--,--,--,--,24.26,25.23,17.47,40.45,22.98,10.77915,,
181, 2024/5/3 15:31:41,180.91,13.88,23.55,17.7,17.44,--,--,--,--,24.25,25.22,17.44,40.43,22.99,10.77697,,
182, 2024/5/3 15:31:42,181.92,13.9,23.56,17.68,17.41,--,--,--,--,24.26,25.22,17.41,40.46,23.05,10.80298,,
183, 2024/5/3 15:31:43,182.92,13.92,23.53,17.69,17.43,--,--,--,--,24.26,25.21,17.43,40.45,23.02,10.79106,,
184, 2024/5/3 15:31:44,183.92,13.95,23.52,17.65,17.38,--,--,--,--,24.26,25.19,17.38,40.47,23.09,10.82178,,
185, 2024/5/3 15:31:45,184.92,13.98,23.49,17.69,17.35,--,--,--,--,24.26,25.19,17.35,40.47,23.12,10.81968,,
186, 2024/5/3 15:31:46,185.92,14.02,23.48,17.7,17.38,--,--,--,--,24.26,25.2,17.38,40.5,23.12,10.82425,,
187, 2024/5/3 15:31:47,186.92,14.01,23.48,17.69,17.36,--,--,--,--,24.25,25.19,17.36,40.49,23.13,10.82667,,
188, 2024/5/3 15:31:48,187.92,14,23.49,17.69,17.34,--,--,--,--,24.26,25.19,17.34,40.49,23.15,10.83151,,
189, 2024/5/3 15:31:49,188.92,14,23.51,17.68,17.31,--,--,--,--,24.26,25.19,17.31,40.51,23.2,10.85053,,
190, 2024/5/3 15:31:50,189.92,14.04,23.49,17.71,17.34,--,--,--,--,24.26,25.21,17.34,40.53,23.19,10.84574,,
191, 2024/5/3 15:31:51,190.93,14.08,23.48,17.73,17.35,--,--,--,--,24.27,25.22,17.35,40.56,23.21,10.85285,,
192, 2024/5/3 15:31:52,191.93,14.04,23.48,17.68,17.33,--,--,--,--,24.25,25.19,17.33,40.52,23.19,10.85035,,
193, 2024/5/3 15:31:53,192.93,14.11,23.45,17.71,17.35,--,--,--,--,24.26,25.21,17.35,40.56,23.21,10.85744,,
194, 2024/5/3 15:31:54,193.93,14.03,23.49,17.73,17.32,--,--,--,--,24.26,25.2,17.32,40.52,23.2,10.84127,,
195, 2024/5/3 15:31:55,194.93,14.12,23.44,17.73,17.38,--,--,--,--,24.26,25.22,17.38,40.56,23.18,10.84562,,
196, 2024/5/3 15:31:56,195.93,14.1,23.48,17.74,17.39,--,--,--,--,24.27,25.24,17.39,40.58,23.19,10.85032,,
197, 2024/5/3 15:31:57,196.93,14.11,23.46,17.77,17.37,--,--,--,--,24.25,25.23,17.37,40.57,23.2,10.84354,,
198, 2024/5/3 15:31:58,197.94,14.11,23.46,17.79,17.36,--,--,--,--,24.25,25.23,17.36,40.57,23.21,10.84138,,
199, 2024/5/3 15:31:59,198.94,14.16,23.47,17.75,17.38,--,--,--,--,24.26,25.25,17.38,40.63,23.25,10.87401,,
200, 2024/5/3 15:32:00,199.94,14.19,23.44,17.77,17.4,--,--,--,--,24.26,25.25,17.4,40.63,23.23,10.86464,,
201, 2024/5/3 15:32:01,200.94,14.16,23.44,17.77,17.42,--,--,--,--,24.26,25.25,17.42,40.6,23.18,10.84566,,
202, 2024/5/3 15:32:02,201.94,14.22,23.42,17.75,17.46,--,--,--,--,24.25,25.26,17.46,40.64,23.18,10.8596,,
203, 2024/5/3 15:32:03,202.94,14.2,23.44,17.77,17.46,--,--,--,--,24.26,25.27,17.46,40.64,23.18,10.85494,,
204, 2024/5/3 15:32:04,203.95,14.22,23.41,17.81,17.55,--,--,--,--,24.26,25.29,17.55,40.63,23.08,10.81959,,
205, 2024/5/3 15:32:05,204.95,14.21,23.43,17.93,17.63,--,--,--,--,24.26,25.35,17.63,40.64,23.01,10.77756,,
206, 2024/5/3 15:32:06,205.95,14.25,23.41,18.01,17.71,--,--,--,--,24.25,25.39,17.71,40.66,22.95,10.74977,,
207, 2024/5/3 15:32:07,206.95,14.21,23.44,18.06,17.72,--,--,--,--,24.26,25.41,17.72,40.65,22.93,10.73102,,
208, 2024/5/3 15:32:08,207.95,14.27,23.39,18.06,17.8,--,--,--,--,24.26,25.42,17.8,40.66,22.86,10.71712,,
209, 2024/5/3 15:32:09,208.95,14.25,23.43,18.08,17.82,--,--,--,--,24.26,25.44,17.82,40.68,22.86,10.71695,,
210, 2024/5/3 15:32:10,209.95,14.25,23.42,18,17.78,--,--,--,--,24.27,25.41,17.78,40.67,22.89,10.74011,,
211, 2024/5/3 15:32:11,210.96,14.23,23.42,17.95,17.68,--,--,--,--,24.26,25.36,17.68,40.65,22.97,10.76585,,
212, 2024/5/3 15:32:12,211.95,14.26,23.42,17.92,17.52,--,--,--,--,24.26,25.32,17.52,40.68,23.16,10.82516,,
213, 2024/5/3 15:32:13,212.96,14.31,23.38,17.88,17.5,--,--,--,--,24.26,25.3,17.5,40.69,23.19,10.84401,,
214, 2024/5/3 15:32:14,213.96,14.27,23.42,17.89,17.57,--,--,--,--,24.26,25.33,17.57,40.69,23.12,10.82476,,
215, 2024/5/3 15:32:15,214.96,14.35,23.39,17.96,17.66,--,--,--,--,24.26,25.38,17.66,40.74,23.08,10.81113,,
216, 2024/5/3 15:32:16,215.96,14.32,23.4,17.96,17.69,--,--,--,--,24.26,25.38,17.69,40.72,23.03,10.79446,,
217, 2024/5/3 15:32:17,216.96,14.33,23.38,17.95,17.62,--,--,--,--,24.26,25.35,17.62,40.71,23.09,10.80881,,
218, 2024/5/3 15:32:18,217.96,14.37,23.39,17.88,17.54,--,--,--,--,24.26,25.33,17.54,40.76,23.22,10.8675,,
219, 2024/5/3 15:32:19,218.96,14.38,23.37,17.89,17.48,--,--,--,--,24.26,25.31,17.48,40.75,23.27,10.87497,,
220, 2024/5/3 15:32:20,219.97,14.37,23.39,17.85,17.43,--,--,--,--,24.25,25.3,17.43,40.76,23.33,10.90071,,
221, 2024/5/3 15:32:21,220.97,14.34,23.39,17.86,17.36,--,--,--,--,24.25,25.27,17.36,40.73,23.37,10.90114,,
222, 2024/5/3 15:32:22,221.97,14.37,23.38,17.88,17.32,--,--,--,--,24.25,25.27,17.32,40.75,23.43,10.91581,,
223, 2024/5/3 15:32:23,222.97,14.37,23.38,17.92,17.45,--,--,--,--,24.25,25.31,17.45,40.75,23.3,10.87532,,
224, 2024/5/3 15:32:24,223.97,14.38,23.39,17.88,17.47,--,--,--,--,24.26,25.32,17.47,40.77,23.3,10.889,,
225, 2024/5/3 15:32:25,224.97,14.41,23.38,17.91,17.51,--,--,--,--,24.25,25.34,17.51,40.79,23.28,10.8821,,
226, 2024/5/3 15:32:26,225.97,14.44,23.37,17.92,17.58,--,--,--,--,24.26,25.36,17.58,40.81,23.23,10.87263,,
227, 2024/5/3 15:32:27,226.98,14.39,23.4,17.9,17.62,--,--,--,--,24.25,25.37,17.62,40.79,23.17,10.85799,,
228, 2024/5/3 15:32:28,227.98,14.45,23.34,17.94,17.71,--,--,--,--,24.25,25.38,17.71,40.79,23.08,10.82797,,
229, 2024/5/3 15:32:29,228.98,14.47,23.33,18.01,17.74,--,--,--,--,24.25,25.41,17.74,40.8,23.06,10.80972,,
230, 2024/5/3 15:32:30,229.98,14.43,23.36,17.95,17.63,--,--,--,--,24.26,25.37,17.63,40.79,23.16,10.84448,,
231, 2024/5/3 15:32:31,230.98,14.57,23.28,17.88,17.62,--,--,--,--,24.26,25.35,17.62,40.85,23.23,10.89199,,
232, 2024/5/3 15:32:32,231.98,14.48,23.35,17.82,17.6,--,--,--,--,24.26,25.34,17.6,40.83,23.23,10.90039,,
233, 2024/5/3 15:32:33,232.98,14.52,23.36,17.85,17.56,--,--,--,--,24.26,25.35,17.56,40.88,23.32,10.92661,,
234, 2024/5/3 15:32:34,233.99,14.5,23.35,17.85,17.52,--,--,--,--,24.26,25.33,17.52,40.85,23.33,10.92199,,
235, 2024/5/3 15:32:35,234.99,14.52,23.35,17.85,17.45,--,--,--,--,24.26,25.32,17.45,40.87,23.42,10.94819,,
236, 2024/5/3 15:32:36,235.99,14.53,23.35,17.86,17.48,--,--,--,--,24.26,25.33,17.48,40.88,23.4,10.94347,,
237, 2024/5/3 15:32:37,236.99,14.54,23.34,17.92,17.57,--,--,--,--,24.26,25.37,17.57,40.88,23.31,10.90842,,
238, 2024/5/3 15:32:38,237.99,14.59,23.32,17.9,17.55,--,--,--,--,24.26,25.36,17.55,40.91,23.36,10.93213,,
239, 2024/5/3 15:32:39,238.99,14.53,23.36,17.89,17.53,--,--,--,--,24.26,25.36,17.53,40.89,23.36,10.92937,,
240, 2024/5/3 15:32:40,240,14.55,23.34,17.89,17.49,--,--,--,--,24.26,25.34,17.49,40.89,23.4,10.93907,,
241, 2024/5/3 15:32:41,241,14.56,23.33,17.9,17.54,--,--,--,--,24.26,25.35,17.54,40.89,23.35,10.92494,,
242, 2024/5/3 15:32:42,242,14.6,23.3,17.93,17.6,--,--,--,--,24.26,25.37,17.6,40.9,23.3,10.90886,,
243, 2024/5/3 15:32:43,243,14.69,23.27,17.93,17.64,--,--,--,--,24.26,25.39,17.64,40.96,23.32,10.92819,,
244, 2024/5/3 15:32:44,244,14.56,23.33,17.95,17.71,--,--,--,--,24.25,25.41,17.71,40.89,23.18,10.87322,,
245, 2024/5/3 15:32:45,245,14.65,23.28,18,17.76,--,--,--,--,24.26,25.43,17.76,40.93,23.17,10.86959,,
246, 2024/5/3 15:32:46,246,14.68,23.27,18,17.76,--,--,--,--,24.25,25.43,17.76,40.95,23.19,10.87922,,
247, 2024/5/3 15:32:47,247.01,14.66,23.3,18,17.77,--,--,--,--,24.27,25.45,17.77,40.96,23.19,10.88125,,
248, 2024/5/3 15:32:48,248.01,14.69,23.27,17.98,17.81,--,--,--,--,24.26,25.44,17.81,40.96,23.15,10.87681,,
249, 2024/5/3 15:32:49,249.01,14.68,23.29,18.03,17.82,--,--,--,--,24.26,25.47,17.82,40.97,23.15,10.86755,,
250, 2024/5/3 15:32:50,250.01,14.69,23.29,18.08,17.87,--,--,--,--,24.27,25.49,17.87,40.98,23.11,10.84919,,
251, 2024/5/3 15:32:51,251.01,14.69,23.28,18.02,17.84,--,--,--,--,24.26,25.47,17.84,40.97,23.13,10.86528,,
252, 2024/5/3 15:32:52,252.01,14.7,23.28,18.03,17.86,--,--,--,--,24.26,25.48,17.86,40.98,23.12,10.86308,,
253, 2024/5/3 15:32:53,253.01,14.72,23.27,17.97,17.85,--,--,--,--,24.25,25.46,17.85,40.99,23.14,10.88404,,
254, 2024/5/3 15:32:54,254.02,14.72,23.27,17.96,17.85,--,--,--,--,24.26,25.46,17.85,40.99,23.14,10.88633,,
255, 2024/5/3 15:32:55,255.01,14.74,23.28,17.95,17.82,--,--,--,--,24.26,25.46,17.82,41.02,23.2,10.90975,,
256, 2024/5/3 15:32:56,256.02,14.76,23.24,17.91,17.84,--,--,--,--,24.25,25.44,17.84,41,23.16,10.9053,,
257, 2024/5/3 15:32:57,257.02,14.76,23.27,17.93,17.79,--,--,--,--,24.26,25.44,17.79,41.03,23.24,10.92622,,
258, 2024/5/3 15:32:58,258.02,14.77,23.26,17.85,17.72,--,--,--,--,24.26,25.4,17.72,41.03,23.31,10.96105,,
259, 2024/5/3 15:32:59,259.02,14.73,23.29,17.84,17.66,--,--,--,--,24.26,25.39,17.66,41.02,23.36,10.97231,,
260, 2024/5/3 15:33:00,260.02,14.75,23.25,17.81,17.62,--,--,--,--,24.25,25.36,17.62,41,23.38,10.97952,,
261, 2024/5/3 15:33:01,261.03,14.83,23.24,17.8,17.6,--,--,--,--,24.26,25.37,17.6,41.07,23.47,11.01986,,
262, 2024/5/3 15:33:02,262.03,14.79,23.26,17.78,17.58,--,--,--,--,24.25,25.36,17.58,41.05,23.47,11.01943,,
263, 2024/5/3 15:33:03,263.03,14.8,23.24,17.79,17.61,--,--,--,--,24.25,25.36,17.61,41.04,23.43,11.00555,,
264, 2024/5/3 15:33:04,264.03,14.82,23.24,17.8,17.62,--,--,--,--,24.26,25.37,17.62,41.06,23.44,11.01042,,
265, 2024/5/3 15:33:05,265.03,14.82,23.26,17.78,17.65,--,--,--,--,24.25,25.38,17.65,41.08,23.43,11.01726,,
266, 2024/5/3 15:33:06,266.03,14.8,23.28,17.85,17.71,--,--,--,--,24.26,25.42,17.71,41.08,23.37,10.98691,,
267, 2024/5/3 15:33:07,267.03,14.85,23.21,17.92,17.75,--,--,--,--,24.25,25.42,17.75,41.06,23.31,10.95293,,
268, 2024/5/3 15:33:08,268.03,14.89,23.21,17.9,17.76,--,--,--,--,24.25,25.43,17.76,41.1,23.34,10.9742,,
269, 2024/5/3 15:33:09,269.03,14.9,23.21,17.89,17.8,--,--,--,--,24.26,25.44,17.8,41.11,23.31,10.97195,,
270, 2024/5/3 15:33:10,270.04,14.87,23.23,17.87,17.74,--,--,--,--,24.26,25.42,17.74,41.1,23.36,10.98546,,
271, 2024/5/3 15:33:11,271.04,14.86,23.23,17.82,17.72,--,--,--,--,24.25,25.4,17.72,41.09,23.37,10.99684,,
272, 2024/5/3 15:33:12,272.04,14.92,23.21,17.81,17.73,--,--,--,--,24.26,25.41,17.73,41.13,23.4,11.0161,,
273, 2024/5/3 15:33:13,273.04,14.92,23.22,17.79,17.68,--,--,--,--,24.25,25.4,17.68,41.14,23.46,11.03695,,
274, 2024/5/3 15:33:14,274.04,14.95,23.18,17.77,17.65,--,--,--,--,24.26,25.37,17.65,41.13,23.48,11.0443,,
275, 2024/5/3 15:33:15,275.04,14.94,23.19,17.74,17.63,--,--,--,--,24.25,25.36,17.63,41.13,23.5,11.05572,,
276, 2024/5/3 15:33:16,276.04,14.98,23.2,17.79,17.67,--,--,--,--,24.27,25.4,17.67,41.18,23.51,11.05857,,
277, 2024/5/3 15:33:17,277.05,15,23.17,17.76,17.61,--,--,--,--,24.25,25.37,17.61,41.17,23.56,11.07508,,
278, 2024/5/3 15:33:18,278.05,14.92,23.22,17.77,17.57,--,--,--,--,24.26,25.36,17.57,41.14,23.57,11.06726,,
279, 2024/5/3 15:33:19,279.05,14.93,23.19,17.72,17.56,--,--,--,--,24.25,25.34,17.56,41.12,23.56,11.0719,,
280, 2024/5/3 15:33:20,280.05,14.94,23.21,17.72,17.54,--,--,--,--,24.25,25.34,17.54,41.15,23.61,11.09061,,
281, 2024/5/3 15:33:21,281.05,14.94,23.19,17.73,17.54,--,--,--,--,24.25,25.34,17.54,41.13,23.59,11.07905,,
282, 2024/5/3 15:33:22,282.05,14.96,23.21,17.73,17.53,--,--,--,--,24.26,25.35,17.53,41.17,23.64,11.10017,,
283, 2024/5/3 15:33:23,283.05,14.98,23.2,17.74,17.51,--,--,--,--,24.25,25.35,17.51,41.18,23.67,11.10745,,
284, 2024/5/3 15:33:24,284.06,15.02,23.17,17.69,17.58,--,--,--,--,24.26,25.35,17.58,41.19,23.61,11.10764,,
285, 2024/5/3 15:33:25,285.06,15.04,23.15,17.71,17.53,--,--,--,--,24.25,25.33,17.53,41.19,23.66,11.11499,,
286, 2024/5/3 15:33:26,286.06,15.05,23.16,17.71,17.53,--,--,--,--,24.25,25.34,17.53,41.21,23.68,11.12437,,
287, 2024/5/3 15:33:27,287.06,15.02,23.17,17.69,17.51,--,--,--,--,24.25,25.33,17.51,41.19,23.68,11.12399,,
288, 2024/5/3 15:33:28,288.06,15.03,23.19,17.73,17.55,--,--,--,--,24.25,25.36,17.55,41.22,23.67,11.11949,,
289, 2024/5/3 15:33:29,289.06,15.06,23.18,17.73,17.59,--,--,--,--,24.26,25.37,17.59,41.24,23.65,11.11978,,
290, 2024/5/3 15:33:30,290.07,15.04,23.17,17.77,17.66,--,--,--,--,24.25,25.39,17.66,41.21,23.55,11.08017,,
291, 2024/5/3 15:33:31,291.07,15.04,23.15,17.84,17.74,--,--,--,--,24.25,25.42,17.74,41.19,23.45,11.03633,,
292, 2024/5/3 15:33:32,292.07,15.08,23.15,17.87,17.72,--,--,--,--,24.25,25.43,17.72,41.23,23.51,11.05318,,
293, 2024/5/3 15:33:33,293.07,15.06,23.18,17.83,17.74,--,--,--,--,24.24,25.44,17.74,41.24,23.5,11.06198,,
294, 2024/5/3 15:33:34,294.07,15.05,23.17,17.79,17.73,--,--,--,--,24.24,25.42,17.73,41.22,23.49,11.0641,,
295, 2024/5/3 15:33:35,295.07,15.13,23.14,17.75,17.7,--,--,--,--,24.25,25.4,17.7,41.27,23.57,11.1045,,
296, 2024/5/3 15:33:36,296.07,15.09,23.16,17.76,17.67,--,--,--,--,24.25,25.4,17.67,41.25,23.58,11.09933,,
297, 2024/5/3 15:33:37,297.08,15.09,23.14,17.73,17.61,--,--,--,--,24.25,25.37,17.61,41.23,23.62,11.11091,,
298, 2024/5/3 15:33:38,298.08,15.09,23.16,17.73,17.63,--,--,--,--,24.25,25.38,17.63,41.25,23.62,11.1155,,
299, 2024/5/3 15:33:39,299.08,15.12,23.16,17.74,17.64,--,--,--,--,24.25,25.39,17.64,41.28,23.64,11.12516,,
300, 2024/5/3 15:33:40,300.08,15.1,23.16,17.76,17.64,--,--,--,--,24.25,25.39,17.64,41.26,23.62,11.11106,,
301, 2024/5/3 15:33:41,301.08,15.14,23.14,17.77,17.68,--,--,--,--,24.25,25.41,17.68,41.28,23.6,11.1093,,
302, 2024/5/3 15:33:42,302.08,15.13,23.14,17.75,17.69,--,--,--,--,24.25,25.4,17.69,41.27,23.58,11.10681,,
303, 2024/5/3 15:33:43,303.08,15.15,23.16,17.78,17.72,--,--,--,--,24.25,25.43,17.72,41.31,23.59,11.11173,,
304, 2024/5/3 15:33:44,304.08,15.21,23.11,17.78,17.72,--,--,--,--,24.24,25.42,17.72,41.32,23.6,11.1173,,
305, 2024/5/3 15:33:45,305.08,15.22,23.12,17.76,17.72,--,--,--,--,24.25,25.42,17.72,41.34,23.62,11.13126,,
306, 2024/5/3 15:33:46,306.09,15.2,23.14,17.77,17.71,--,--,--,--,24.25,25.43,17.71,41.34,23.63,11.13094,,
307, 2024/5/3 15:33:47,307.09,15.22,23.11,17.75,17.73,--,--,--,--,24.25,25.42,17.73,41.33,23.6,11.12665,,
308, 2024/5/3 15:33:48,308.09,15.23,23.13,17.76,17.75,--,--,--,--,24.25,25.44,17.75,41.36,23.61,11.13371,,
309, 2024/5/3 15:33:49,309.09,15.19,23.15,17.74,17.73,--,--,--,--,24.26,25.43,17.73,41.34,23.61,11.13306,,
310, 2024/5/3 15:33:50,310.09,15.21,23.12,17.75,17.7,--,--,--,--,24.24,25.41,17.7,41.33,23.63,11.1334,,
311, 2024/5/3 15:33:51,311.09,15.2,23.13,17.79,17.74,--,--,--,--,24.24,25.44,17.74,41.33,23.59,11.11483,,
312, 2024/5/3 15:33:52,312.09,15.25,23.11,17.77,17.73,--,--,--,--,24.25,25.43,17.73,41.36,23.63,11.13636,,
313, 2024/5/3 15:33:53,313.1,15.2,23.16,17.75,17.71,--,--,--,--,24.25,25.43,17.71,41.36,23.65,11.14475,,
314, 2024/5/3 15:33:54,314.1,15.22,23.13,17.76,17.7,--,--,--,--,24.25,25.42,17.7,41.35,23.65,11.14047,,
315, 2024/5/3 15:33:55,315.1,15.26,23.1,17.73,17.7,--,--,--,--,24.25,25.41,17.7,41.36,23.66,11.15262,,
316, 2024/5/3 15:33:56,316.1,15.27,23.11,17.72,17.69,--,--,--,--,24.24,25.41,17.69,41.38,23.69,11.16659,,
317, 2024/5/3 15:33:57,317.1,15.31,23.08,17.74,17.73,--,--,--,--,24.25,25.42,17.73,41.39,23.66,11.15807,,
318, 2024/5/3 15:33:58,318.1,15.28,23.1,17.75,17.7,--,--,--,--,24.24,25.42,17.7,41.38,23.68,11.15757,,
319, 2024/5/3 15:33:59,319.1,15.28,23.11,17.75,17.71,--,--,--,--,24.25,25.43,17.71,41.39,23.68,11.15986,,
320, 2024/5/3 15:34:00,320.11,15.33,23.08,17.76,17.73,--,--,--,--,24.26,25.43,17.73,41.41,23.68,11.16302,,
321, 2024/5/3 15:34:01,321.11,15.31,23.1,17.69,17.7,--,--,--,--,24.24,25.41,17.69,41.41,23.72,11.18565,,
322, 2024/5/3 15:34:02,322.11,15.31,23.11,17.73,17.65,--,--,--,--,24.25,25.42,17.65,41.42,23.77,11.19259,,
323, 2024/5/3 15:34:03,323.11,15.38,23.06,17.69,17.62,--,--,--,--,24.25,25.39,17.62,41.44,23.82,11.21906,,
324, 2024/5/3 15:34:04,324.11,15.28,23.11,17.69,17.56,--,--,--,--,24.25,25.38,17.56,41.39,23.83,11.20831,,
325, 2024/5/3 15:34:05,325.11,15.33,23.09,17.66,17.53,--,--,--,--,24.25,25.36,17.53,41.42,23.89,11.23674,,
326, 2024/5/3 15:34:06,326.11,15.32,23.09,17.65,17.55,--,--,--,--,24.23,25.36,17.55,41.41,23.86,11.22962,,
327, 2024/5/3 15:34:07,327.12,15.33,23.11,17.64,17.54,--,--,--,--,24.25,25.37,17.54,41.44,23.9,11.24821,,
328, 2024/5/3 15:34:08,328.12,15.39,23.07,17.64,17.51,--,--,--,--,24.24,25.36,17.51,41.46,23.95,11.26532,,
329, 2024/5/3 15:34:09,329.12,15.33,23.1,17.66,17.54,--,--,--,--,24.24,25.37,17.54,41.43,23.89,11.23902,,
330, 2024/5/3 15:34:10,330.12,15.39,23.07,17.66,17.5,--,--,--,--,24.25,25.36,17.5,41.46,23.96,11.26308,,
331, 2024/5/3 15:34:11,331.12,15.39,23.08,17.64,17.48,--,--,--,--,24.24,25.36,17.48,41.47,23.99,11.2769,,
332, 2024/5/3 15:34:12,332.12,15.43,23.03,17.64,17.51,--,--,--,--,24.24,25.35,17.51,41.46,23.95,11.26598,,
333, 2024/5/3 15:34:13,333.12,15.37,23.1,17.68,17.54,--,--,--,--,24.25,25.39,17.54,41.47,23.93,11.25351,,
334, 2024/5/3 15:34:14,334.12,15.44,23.05,17.66,17.57,--,--,--,--,24.25,25.38,17.57,41.49,23.92,11.26149,,
335, 2024/5/3 15:34:15,335.13,15.39,23.09,17.65,17.57,--,--,--,--,24.24,25.39,17.57,41.48,23.91,11.25834,,
336, 2024/5/3 15:34:16,336.13,15.44,23.06,17.68,17.66,--,--,--,--,24.26,25.41,17.66,41.5,23.84,11.24075,,
337, 2024/5/3 15:34:17,337.13,15.44,23.07,17.73,17.61,--,--,--,--,24.24,25.42,17.61,41.51,23.9,11.24545,,
338, 2024/5/3 15:34:18,338.13,15.46,23.06,17.74,17.64,--,--,--,--,24.25,25.43,17.64,41.52,23.88,11.24118,,
339, 2024/5/3 15:34:19,339.13,15.49,23.03,17.75,17.61,--,--,--,--,24.25,25.42,17.61,41.52,23.91,11.2464,,
340, 2024/5/3 15:34:20,340.14,15.48,23.04,17.69,17.53,--,--,--,--,24.24,25.38,17.53,41.52,23.99,11.27839,,
341, 2024/5/3 15:34:21,341.13,15.46,23.05,17.64,17.56,--,--,--,--,24.24,25.38,17.56,41.51,23.95,11.2779,,
342, 2024/5/3 15:34:22,342.14,15.49,23.04,17.62,17.5,--,--,--,--,24.25,25.36,17.5,41.53,24.03,11.30606,,
343, 2024/5/3 15:34:23,343.14,15.48,23.06,17.61,17.44,--,--,--,--,24.24,25.35,17.44,41.54,24.1,11.32671,,
344, 2024/5/3 15:34:24,344.14,15.49,23.04,17.62,17.48,--,--,--,--,24.24,25.36,17.48,41.53,24.05,11.3107,,
345, 2024/5/3 15:34:25,345.14,15.49,23.03,17.67,17.51,--,--,--,--,24.24,25.37,17.51,41.52,24.01,11.28775,,
346, 2024/5/3 15:34:26,346.14,15.53,23.01,17.65,17.54,--,--,--,--,24.24,25.37,17.54,41.54,24,11.29525,,
347, 2024/5/3 15:34:27,347.15,15.55,23.04,17.64,17.52,--,--,--,--,24.25,25.39,17.52,41.59,24.07,11.32548,,
348, 2024/5/3 15:34:28,348.15,15.53,23.02,17.65,17.51,--,--,--,--,24.24,25.37,17.51,41.55,24.04,11.30679,,
349, 2024/5/3 15:34:29,349.15,15.54,23.04,17.61,17.48,--,--,--,--,24.25,25.37,17.48,41.58,24.1,11.33682,,
350, 2024/5/3 15:34:30,350.15,15.57,23.02,17.63,17.49,--,--,--,--,24.23,25.37,17.49,41.59,24.1,11.33506,,
351, 2024/5/3 15:34:31,351.15,15.54,23.04,17.64,17.54,--,--,--,--,24.24,25.39,17.54,41.58,24.04,11.31608,,
352, 2024/5/3 15:34:32,352.15,15.59,23.03,17.65,17.53,--,--,--,--,24.25,25.4,17.53,41.62,24.09,11.33537,,
353, 2024/5/3 15:34:33,353.15,15.58,23.03,17.66,17.56,--,--,--,--,24.24,25.4,17.56,41.61,24.05,11.32139,,
354, 2024/5/3 15:34:34,354.15,15.56,23.03,17.65,17.57,--,--,--,--,24.23,25.4,17.57,41.59,24.02,11.31182,,
355, 2024/5/3 15:34:35,355.16,15.6,23.01,17.64,17.67,--,--,--,--,24.24,25.42,17.64,41.61,23.97,11.30107,,
356, 2024/5/3 15:34:36,356.16,15.61,23.02,17.69,17.63,--,--,--,--,24.25,25.43,17.63,41.63,24,11.30816,,
357, 2024/5/3 15:34:37,357.16,15.59,23.03,17.7,17.62,--,--,--,--,24.25,25.43,17.62,41.62,24,11.30321,,
358, 2024/5/3 15:34:38,358.16,15.63,23.02,17.66,17.61,--,--,--,--,24.24,25.42,17.61,41.65,24.04,11.32915,,
359, 2024/5/3 15:34:39,359.16,15.61,23.01,17.64,17.57,--,--,--,--,24.24,25.4,17.57,41.62,24.05,11.32879,,
360, 2024/5/3 15:34:40,360.16,15.63,23,17.68,17.57,--,--,--,--,24.24,25.41,17.57,41.63,24.06,11.32464,,
361, 2024/5/3 15:34:41,361.16,15.62,23.03,17.67,17.56,--,--,--,--,24.24,25.42,17.56,41.65,24.09,11.3382,,
362, 2024/5/3 15:34:42,362.16,15.64,22.98,17.68,17.59,--,--,--,--,24.24,25.41,17.59,41.62,24.03,11.31565,,
363, 2024/5/3 15:34:43,363.17,15.67,23,17.71,17.64,--,--,--,--,24.23,25.44,17.64,41.67,24.03,11.32081,,
364, 2024/5/3 15:34:44,364.17,15.65,23.01,17.76,17.65,--,--,--,--,24.25,25.46,17.65,41.66,24.01,11.30215,,
365, 2024/5/3 15:34:45,365.17,15.67,23,17.72,17.68,--,--,--,--,24.24,25.46,17.68,41.67,23.99,11.30935,,
366, 2024/5/3 15:34:46,366.17,15.68,23,17.74,17.67,--,--,--,--,24.24,25.46,17.67,41.68,24.01,11.31187,,
367, 2024/5/3 15:34:47,367.17,15.72,22.98,17.72,17.66,--,--,--,--,24.24,25.45,17.66,41.7,24.04,11.32869,,
368, 2024/5/3 15:34:48,368.17,15.68,23.02,17.68,17.65,--,--,--,--,24.24,25.45,17.65,41.7,24.05,11.33928,,
369, 2024/5/3 15:34:49,369.18,15.75,22.94,17.69,17.61,--,--,--,--,24.23,25.42,17.61,41.69,24.08,11.34306,,
370, 2024/5/3 15:34:50,370.18,15.72,22.96,17.66,17.59,--,--,--,--,24.23,25.41,17.59,41.68,24.09,11.34927,,
371, 2024/5/3 15:34:51,371.18,15.73,22.96,17.66,17.56,--,--,--,--,24.23,25.41,17.56,41.69,24.13,11.36095,,
372, 2024/5/3 15:34:52,372.18,15.71,22.99,17.64,17.59,--,--,--,--,24.23,25.42,17.59,41.7,24.11,11.36278,,
373, 2024/5/3 15:34:53,373.18,15.7,23,17.62,17.58,--,--,--,--,24.24,25.41,17.58,41.7,24.12,11.36944,,
374, 2024/5/3 15:34:54,374.18,15.75,22.96,17.65,17.55,--,--,--,--,24.23,25.41,17.55,41.71,24.16,11.37508,,
375, 2024/5/3 15:34:55,375.18,15.79,22.96,17.62,17.56,--,--,--,--,24.24,25.41,17.56,41.75,24.19,11.39872,,
376, 2024/5/3 15:34:56,376.19,15.78,22.97,17.63,17.52,--,--,--,--,24.24,25.41,17.52,41.75,24.23,11.40544,,
377, 2024/5/3 15:34:57,377.18,15.74,22.99,17.6,17.49,--,--,--,--,24.24,25.39,17.49,41.73,24.24,11.40924,,
378, 2024/5/3 15:34:58,378.19,15.75,23,17.62,17.5,--,--,--,--,24.24,25.41,17.5,41.75,24.25,11.41174,,
379, 2024/5/3 15:34:59,379.19,15.75,22.98,17.62,17.5,--,--,--,--,24.23,25.4,17.5,41.73,24.23,11.40257,,
380, 2024/5/3 15:35:00,380.19,15.75,22.97,17.64,17.54,--,--,--,--,24.23,25.41,17.54,41.72,24.18,11.38423,,
381, 2024/5/3 15:35:01,381.19,15.77,22.97,17.66,17.57,--,--,--,--,24.23,25.42,17.57,41.74,24.17,11.38233,,
382, 2024/5/3 15:35:02,382.19,15.78,22.99,17.7,17.63,--,--,--,--,24.24,25.46,17.63,41.77,24.14,11.37337,,
383, 2024/5/3 15:35:03,383.19,15.74,23.01,17.77,17.67,--,--,--,--,24.24,25.49,17.67,41.75,24.08,11.3383,,
384, 2024/5/3 15:35:04,384.19,15.82,22.97,17.73,17.68,--,--,--,--,24.24,25.48,17.68,41.79,24.11,11.3651,,
385, 2024/5/3 15:35:05,385.2,15.85,22.95,17.71,17.69,--,--,--,--,24.24,25.48,17.69,41.8,24.11,11.37259,,
386, 2024/5/3 15:35:06,386.2,15.79,22.97,17.75,17.64,--,--,--,--,24.24,25.47,17.64,41.76,24.12,11.35538,,
387, 2024/5/3 15:35:07,387.2,15.81,22.96,17.66,17.63,--,--,--,--,24.23,25.44,17.63,41.77,24.14,11.38312,,
388, 2024/5/3 15:35:08,388.2,15.83,22.95,17.68,17.58,--,--,--,--,24.23,25.44,17.58,41.78,24.2,11.39503,,
389, 2024/5/3 15:35:09,389.2,15.83,22.95,17.66,17.55,--,--,--,--,24.23,25.42,17.55,41.78,24.23,11.40647,,
390, 2024/5/3 15:35:10,390.2,15.85,22.94,17.6,17.47,--,--,--,--,24.23,25.39,17.47,41.79,24.32,11.44349,,
391, 2024/5/3 15:35:11,391.21,15.83,22.95,17.6,17.39,--,--,--,--,24.24,25.37,17.39,41.78,24.39,11.45702,,
392, 2024/5/3 15:35:12,392.21,15.85,22.93,17.59,17.39,--,--,--,--,24.23,25.36,17.39,41.78,24.39,11.45968,,
393, 2024/5/3 15:35:13,393.21,15.82,22.96,17.59,17.39,--,--,--,--,24.24,25.37,17.39,41.78,24.39,11.45909,,
394, 2024/5/3 15:35:14,394.21,15.87,22.95,17.58,17.38,--,--,--,--,24.24,25.37,17.38,41.82,24.44,11.48297,,
395, 2024/5/3 15:35:15,395.21,15.85,22.95,17.56,17.39,--,--,--,--,24.23,25.36,17.39,41.8,24.41,11.47563,,
396, 2024/5/3 15:35:16,396.21,15.86,22.92,17.58,17.43,--,--,--,--,24.22,25.37,17.43,41.78,24.35,11.45288,,
397, 2024/5/3 15:35:17,397.21,15.89,22.91,17.61,17.47,--,--,--,--,24.24,25.39,17.47,41.8,24.33,11.44663,,
398, 2024/5/3 15:35:18,398.21,15.91,22.93,17.61,17.55,--,--,--,--,24.22,25.42,17.55,41.84,24.29,11.44693,,
399, 2024/5/3 15:35:19,399.22,15.92,22.93,17.68,17.64,--,--,--,--,24.24,25.46,17.64,41.85,24.21,11.41521,,
400, 2024/5/3 15:35:20,400.22,15.9,22.95,17.67,17.61,--,--,--,--,24.24,25.46,17.61,41.85,24.24,11.4239,,
401, 2024/5/3 15:35:21,401.22,15.91,22.93,17.68,17.66,--,--,--,--,24.24,25.47,17.66,41.84,24.18,11.40586,,
402, 2024/5/3 15:35:22,402.22,15.98,22.9,17.68,17.62,--,--,--,--,24.24,25.46,17.62,41.88,24.26,11.43484,,
403, 2024/5/3 15:35:23,403.22,15.9,22.92,17.67,17.62,--,--,--,--,24.23,25.45,17.62,41.82,24.2,11.40793,,
404, 2024/5/3 15:35:24,404.22,15.91,22.93,17.65,17.55,--,--,--,--,24.23,25.43,17.55,41.84,24.29,11.43785,,
405, 2024/5/3 15:35:25,405.22,15.85,22.97,17.65,17.53,--,--,--,--,24.24,25.43,17.53,41.82,24.29,11.43204,,
406, 2024/5/3 15:35:26,406.23,15.92,22.93,17.61,17.52,--,--,--,--,24.24,25.42,17.52,41.85,24.33,11.4586,,
407, 2024/5/3 15:35:27,407.23,15.91,22.94,17.65,17.51,--,--,--,--,24.23,25.43,17.51,41.85,24.34,11.45162,,
408, 2024/5/3 15:35:28,408.23,15.95,22.92,17.6,17.58,--,--,--,--,24.23,25.43,17.58,41.87,24.29,11.45691,,
409, 2024/5/3 15:35:29,409.23,15.95,22.91,17.62,17.59,--,--,--,--,24.23,25.43,17.59,41.86,24.27,11.44552,,
410, 2024/5/3 15:35:30,410.23,16.02,22.9,17.69,17.63,--,--,--,--,24.23,25.47,17.63,41.92,24.29,11.44944,,
411, 2024/5/3 15:35:31,411.23,15.95,22.92,17.66,17.63,--,--,--,--,24.23,25.46,17.63,41.87,24.24,11.43184,,
412, 2024/5/3 15:35:32,412.24,15.97,22.92,17.66,17.65,--,--,--,--,24.24,25.47,17.65,41.89,24.24,11.43685,,
413, 2024/5/3 15:35:33,413.23,16,22.9,17.66,17.64,--,--,--,--,24.23,25.46,17.64,41.9,24.26,11.44439,,
414, 2024/5/3 15:35:34,414.24,15.98,22.9,17.64,17.62,--,--,--,--,24.23,25.45,17.62,41.88,24.26,11.44392,,
415, 2024/5/3 15:35:35,415.24,16.03,22.89,17.62,17.62,--,--,--,--,24.22,25.45,17.62,41.92,24.3,11.46785,,
416, 2024/5/3 15:35:36,416.24,16.05,22.88,17.63,17.64,--,--,--,--,24.24,25.46,17.63,41.93,24.3,11.46605,,
417, 2024/5/3 15:35:37,417.24,15.96,22.93,17.61,17.58,--,--,--,--,24.23,25.44,17.58,41.89,24.31,11.46398,,
418, 2024/5/3 15:35:38,418.24,16.03,22.93,17.64,17.54,--,--,--,--,24.24,25.46,17.54,41.96,24.42,11.49981,,
419, 2024/5/3 15:35:39,419.24,16.01,22.9,17.64,17.54,--,--,--,--,24.23,25.44,17.54,41.91,24.37,11.47657,,
420, 2024/5/3 15:35:40,420.24,16.03,22.92,17.69,17.49,--,--,--,--,24.24,25.45,17.49,41.95,24.46,11.49547,,
421, 2024/5/3 15:35:41,421.25,16.03,22.9,17.65,17.5,--,--,--,--,24.23,25.43,17.5,41.93,24.43,11.49307,,
422, 2024/5/3 15:35:42,422.25,16,22.94,17.62,17.5,--,--,--,--,24.23,25.44,17.5,41.94,24.44,11.50375,,
423, 2024/5/3 15:35:43,423.25,16.05,22.89,17.64,17.51,--,--,--,--,24.22,25.43,17.51,41.94,24.43,11.49804,,
424, 2024/5/3 15:35:44,424.25,16.04,22.88,17.68,17.49,--,--,--,--,24.24,25.43,17.49,41.92,24.43,11.48428,,
425, 2024/5/3 15:35:45,425.25,16.05,22.9,17.61,17.49,--,--,--,--,24.23,25.43,17.49,41.95,24.46,11.51397,,
426, 2024/5/3 15:35:46,426.25,16.09,22.87,17.59,17.44,--,--,--,--,24.23,25.4,17.44,41.96,24.52,11.53545,,
427, 2024/5/3 15:35:47,427.25,16.06,22.88,17.59,17.41,--,--,--,--,24.22,25.39,17.41,41.94,24.53,11.53257,,
428, 2024/5/3 15:35:48,428.26,16.06,22.88,17.57,17.41,--,--,--,--,24.23,25.39,17.41,41.94,24.53,11.53708,,
429, 2024/5/3 15:35:49,429.26,16.08,22.89,17.6,17.46,--,--,--,--,24.24,25.42,17.46,41.97,24.51,11.53292,,
430, 2024/5/3 15:35:50,430.26,16.08,22.87,17.59,17.46,--,--,--,--,24.22,25.41,17.46,41.95,24.49,11.52607,,
431, 2024/5/3 15:35:51,431.26,16.11,22.87,17.62,17.49,--,--,--,--,24.22,25.43,17.49,41.98,24.49,11.52675,,
432, 2024/5/3 15:35:52,432.26,16.15,22.85,17.65,17.56,--,--,--,--,24.22,25.45,17.56,42,24.44,11.51401,,
433, 2024/5/3 15:35:53,433.26,16.11,22.88,17.66,17.59,--,--,--,--,24.23,25.47,17.59,41.99,24.4,11.49937,,
434, 2024/5/3 15:35:54,434.26,16.15,22.84,17.66,17.61,--,--,--,--,24.22,25.46,17.61,41.99,24.38,11.4958,,
435, 2024/5/3 15:35:55,435.27,16.12,22.88,17.67,17.64,--,--,--,--,24.23,25.49,17.64,42,24.36,11.4905,,
436, 2024/5/3 15:35:56,436.27,16.14,22.88,17.7,17.65,--,--,--,--,24.22,25.5,17.65,42.02,24.37,11.49101,,
437, 2024/5/3 15:35:57,437.27,16.12,22.88,17.71,17.69,--,--,--,--,24.22,25.51,17.69,42,24.31,11.47006,,
438, 2024/5/3 15:35:58,438.27,16.13,22.88,17.69,17.67,--,--,--,--,24.24,25.5,17.67,42.01,24.34,11.48393,,
439, 2024/5/3 15:35:59,439.27,16.16,22.87,17.64,17.65,--,--,--,--,24.23,25.49,17.64,42.03,24.39,11.50965,,
440, 2024/5/3 15:36:00,440.27,16.1,22.88,17.64,17.64,--,--,--,--,24.23,25.47,17.64,41.98,24.34,11.48772,,
441, 2024/5/3 15:36:01,441.27,16.17,22.86,17.62,17.61,--,--,--,--,24.22,25.47,17.61,42.03,24.42,11.52353,,
442, 2024/5/3 15:36:02,442.28,16.17,22.86,17.59,17.59,--,--,--,--,24.22,25.46,17.59,42.03,24.44,11.53489,,
443, 2024/5/3 15:36:03,443.28,16.13,22.85,17.63,17.59,--,--,--,--,24.21,25.45,17.59,41.98,24.39,11.50211,,
444, 2024/5/3 15:36:04,444.28,16.2,22.84,17.63,17.54,--,--,--,--,24.23,25.45,17.54,42.04,24.5,11.5425,,
445, 2024/5/3 15:36:05,445.28,16.19,22.86,17.63,17.52,--,--,--,--,24.23,25.45,17.52,42.05,24.53,11.55137,,
446, 2024/5/3 15:36:06,446.28,16.12,22.9,17.61,17.51,--,--,--,--,24.23,25.45,17.51,42.02,24.51,11.54288,,
447, 2024/5/3 15:36:07,447.28,16.15,22.88,17.6,17.49,--,--,--,--,24.23,25.44,17.49,42.03,24.54,11.55497,,
448, 2024/5/3 15:36:08,448.29,16.21,22.84,17.58,17.46,--,--,--,--,24.22,25.42,17.46,42.05,24.59,11.57689,,
449, 2024/5/3 15:36:09,449.28,16.17,22.88,17.59,17.41,--,--,--,--,24.22,25.42,17.41,42.05,24.64,11.58519,,
450, 2024/5/3 15:36:10,450.29,16.19,22.86,17.56,17.36,--,--,--,--,24.22,25.4,17.36,42.05,24.69,11.60393,,
451, 2024/5/3 15:36:11,451.29,16.21,22.85,17.55,17.36,--,--,--,--,24.23,25.39,17.36,42.06,24.7,11.61119,,
452, 2024/5/3 15:36:12,452.29,16.22,22.87,17.54,17.31,--,--,--,--,24.23,25.39,17.31,42.09,24.78,11.6389,,
453, 2024/5/3 15:36:13,453.29,16.25,22.83,17.57,17.35,--,--,--,--,24.22,25.4,17.35,42.08,24.73,11.61904,,
454, 2024/5/3 15:36:14,454.29,16.23,22.84,17.55,17.36,--,--,--,--,24.23,25.39,17.36,42.07,24.71,11.61621,,
455, 2024/5/3 15:36:15,455.29,16.24,22.82,17.58,17.37,--,--,--,--,24.23,25.4,17.37,42.06,24.69,11.60284,,
456, 2024/5/3 15:36:16,456.29,16.27,22.83,17.57,17.37,--,--,--,--,24.22,25.41,17.37,42.1,24.73,11.624,,
457, 2024/5/3 15:36:17,457.3,16.25,22.84,17.54,17.39,--,--,--,--,24.22,25.4,17.39,42.09,24.7,11.62113,,
458, 2024/5/3 15:36:18,458.3,16.26,22.82,17.55,17.36,--,--,--,--,24.21,25.39,17.36,42.08,24.72,11.62146,,
459, 2024/5/3 15:36:19,459.3,16.26,22.85,17.54,17.37,--,--,--,--,24.22,25.41,17.37,42.11,24.74,11.63507,,
460, 2024/5/3 15:36:20,460.3,16.28,22.83,17.52,17.38,--,--,--,--,24.22,25.4,17.38,42.11,24.73,11.63774,,
461, 2024/5/3 15:36:21,461.3,16.22,22.87,17.52,17.38,--,--,--,--,24.22,25.4,17.38,42.09,24.71,11.62726,,
462, 2024/5/3 15:36:22,462.31,16.27,22.86,17.55,17.37,--,--,--,--,24.23,25.42,17.37,42.13,24.76,11.64216,,
463, 2024/5/3 15:36:23,463.3,16.26,22.84,17.52,17.38,--,--,--,--,24.23,25.4,17.38,42.1,24.72,11.63272,,
464, 2024/5/3 15:36:24,464.31,16.3,22.82,17.54,17.31,--,--,--,--,24.23,25.39,17.31,42.12,24.81,11.65439,,
465, 2024/5/3 15:36:25,465.31,16.26,22.86,17.53,17.33,--,--,--,--,24.23,25.4,17.33,42.12,24.79,11.6511,,
466, 2024/5/3 15:36:26,466.31,16.32,22.84,17.54,17.34,--,--,--,--,24.23,25.41,17.34,42.16,24.82,11.66614,,
467, 2024/5/3 15:36:27,467.31,16.3,22.83,17.54,17.3,--,--,--,--,24.23,25.39,17.3,42.13,24.83,11.66125,,
468, 2024/5/3 15:36:28,468.31,16.32,22.81,17.57,17.31,--,--,--,--,24.21,25.39,17.31,42.13,24.82,11.65269,,
469, 2024/5/3 15:36:29,469.31,16.32,22.83,17.58,17.33,--,--,--,--,24.23,25.41,17.33,42.15,24.82,11.65493,,
470, 2024/5/3 15:36:30,470.31,16.29,22.84,17.55,17.32,--,--,--,--,24.21,25.4,17.32,42.13,24.81,11.65415,,
471, 2024/5/3 15:36:31,471.32,16.33,22.81,17.52,17.44,--,--,--,--,24.22,25.42,17.44,42.14,24.7,11.63885,,
472, 2024/5/3 15:36:32,472.32,16.37,22.81,17.56,17.46,--,--,--,--,24.22,25.44,17.46,42.18,24.72,11.64441,,
473, 2024/5/3 15:36:33,473.32,16.34,22.82,17.59,17.46,--,--,--,--,24.21,25.45,17.46,42.16,24.7,11.62781,,
474, 2024/5/3 15:36:34,474.32,16.31,22.83,17.63,17.52,--,--,--,--,24.22,25.47,17.52,42.14,24.62,11.59524,,
475, 2024/5/3 15:36:35,475.32,16.4,22.79,17.67,17.56,--,--,--,--,24.22,25.49,17.56,42.19,24.63,11.60215,,
476, 2024/5/3 15:36:36,476.32,16.32,22.83,17.72,17.66,--,--,--,--,24.22,25.53,17.66,42.15,24.49,11.54787,,
477, 2024/5/3 15:36:37,477.32,16.33,22.84,17.7,17.67,--,--,--,--,24.23,25.53,17.67,42.17,24.5,11.55943,,
478, 2024/5/3 15:36:38,478.33,16.36,22.83,17.71,17.62,--,--,--,--,24.22,25.53,17.62,42.19,24.57,11.57841,,
479, 2024/5/3 15:36:39,479.33,16.35,22.81,17.66,17.65,--,--,--,--,24.21,25.51,17.65,42.16,24.51,11.56903,,
480, 2024/5/3 15:36:40,480.33,16.43,22.78,17.66,17.61,--,--,--,--,24.21,25.5,17.61,42.21,24.6,11.60291,,
481, 2024/5/3 15:36:41,481.33,16.39,22.78,17.64,17.61,--,--,--,--,24.2,25.49,17.61,42.17,24.56,11.58822,,
482, 2024/5/3 15:36:42,482.33,16.36,22.81,17.65,17.6,--,--,--,--,24.21,25.5,17.6,42.17,24.57,11.58742,,
483, 2024/5/3 15:36:43,483.33,16.37,22.81,17.68,17.59,--,--,--,--,24.21,25.5,17.59,42.18,24.59,11.58773,,
484, 2024/5/3 15:36:44,484.33,16.43,22.81,17.65,17.59,--,--,--,--,24.22,25.51,17.59,42.24,24.65,11.62327,,
485, 2024/5/3 15:36:45,485.33,16.41,22.8,17.63,17.57,--,--,--,--,24.22,25.49,17.57,42.21,24.64,11.61821,,
486, 2024/5/3 15:36:46,486.34,16.41,22.79,17.59,17.47,--,--,--,--,24.21,25.45,17.47,42.2,24.73,11.64547,,
487, 2024/5/3 15:36:47,487.34,16.44,22.79,17.61,17.45,--,--,--,--,24.22,25.46,17.45,42.23,24.78,11.65993,,
488, 2024/5/3 15:36:48,488.34,16.41,22.8,17.57,17.43,--,--,--,--,24.22,25.44,17.43,42.21,24.78,11.66365,,
489, 2024/5/3 15:36:49,489.34,16.46,22.76,17.56,17.39,--,--,--,--,24.22,25.42,17.39,42.22,24.83,11.68088,,
490, 2024/5/3 15:36:50,490.34,16.42,22.78,17.54,17.33,--,--,--,--,24.22,25.4,17.33,42.2,24.87,11.68905,,
491, 2024/5/3 15:36:51,491.34,16.44,22.77,17.53,17.27,--,--,--,--,24.21,25.38,17.27,42.21,24.94,11.71015,,
492, 2024/5/3 15:36:52,492.34,16.45,22.79,17.53,17.29,--,--,--,--,24.22,25.4,17.29,42.24,24.95,11.71942,,
493, 2024/5/3 15:36:53,493.35,16.42,22.8,17.52,17.28,--,--,--,--,24.22,25.39,17.28,42.22,24.94,11.71414,,
494, 2024/5/3 15:36:54,494.35,16.38,22.84,17.52,17.23,--,--,--,--,24.22,25.39,17.23,42.22,24.99,11.72478,,
495, 2024/5/3 15:36:55,495.35,16.4,22.81,17.53,17.26,--,--,--,--,24.21,25.39,17.26,42.21,24.95,11.7115,,
496, 2024/5/3 15:36:56,496.35,16.41,22.8,17.58,17.25,--,--,--,--,24.21,25.4,17.25,42.21,24.96,11.7029,,
497, 2024/5/3 15:36:57,497.35,16.47,22.79,17.55,17.27,--,--,--,--,24.22,25.41,17.27,42.26,24.99,11.72914,,
498, 2024/5/3 15:36:58,498.35,16.43,22.79,17.55,17.26,--,--,--,--,24.21,25.39,17.26,42.22,24.96,11.7123,,
499, 2024/5/3 15:36:59,499.36,16.48,22.77,17.56,17.33,--,--,--,--,24.22,25.42,17.33,42.25,24.92,11.70878,,
500, 2024/5/3 15:37:00,500.36,16.43,22.8,17.53,17.34,--,--,--,--,24.21,25.41,17.34,42.23,24.89,11.70287,,
501, 2024/5/3 15:37:01,501.36,16.49,22.76,17.61,17.32,--,--,--,--,24.21,25.42,17.32,42.25,24.93,11.70019,,
502, 2024/5/3 15:37:02,502.36,16.52,22.75,17.57,17.34,--,--,--,--,24.21,25.42,17.34,42.27,24.93,11.71435,,
503, 2024/5/3 15:37:03,503.36,16.46,22.78,17.57,17.33,--,--,--,--,24.21,25.42,17.33,42.24,24.91,11.7015,,
504, 2024/5/3 15:37:04,504.36,16.46,22.79,17.56,17.37,--,--,--,--,24.21,25.43,17.37,42.25,24.88,11.69907,,
505, 2024/5/3 15:37:05,505.36,16.54,22.74,17.6,17.37,--,--,--,--,24.2,25.44,17.37,42.28,24.91,11.70582,,
506, 2024/5/3 15:37:06,506.36,16.49,22.79,17.6,17.36,--,--,--,--,24.22,25.45,17.36,42.28,24.92,11.7068,,
507, 2024/5/3 15:37:07,507.37,16.5,22.78,17.6,17.37,--,--,--,--,24.21,25.45,17.37,42.28,24.91,11.70476,,
508, 2024/5/3 15:37:08,508.37,16.52,22.79,17.59,17.35,--,--,--,--,24.21,25.45,17.35,42.31,24.96,11.72572,,
509, 2024/5/3 15:37:09,509.37,16.49,22.78,17.62,17.42,--,--,--,--,24.2,25.46,17.42,42.27,24.85,11.68401,,
510, 2024/5/3 15:37:10,510.37,16.51,22.76,17.66,17.5,--,--,--,--,24.21,25.49,17.5,42.27,24.77,11.6573,,
511, 2024/5/3 15:37:11,511.37,16.54,22.77,17.71,17.46,--,--,--,--,24.21,25.5,17.46,42.31,24.85,11.67422,,
512, 2024/5/3 15:37:12,512.37,16.5,22.8,17.67,17.51,--,--,--,--,24.22,25.51,17.51,42.3,24.79,11.66607,,
513, 2024/5/3 15:37:13,513.37,16.52,22.8,17.68,17.55,--,--,--,--,24.22,25.53,17.55,42.32,24.77,11.6643,,
514, 2024/5/3 15:37:14,514.38,16.51,22.78,17.68,17.52,--,--,--,--,24.22,25.51,17.52,42.29,24.77,11.6573,,
515, 2024/5/3 15:37:15,515.38,16.48,22.78,17.7,17.59,--,--,--,--,24.22,25.52,17.59,42.26,24.67,11.62246,,
516, 2024/5/3 15:37:16,516.38,16.57,22.74,17.69,17.57,--,--,--,--,24.21,25.52,17.57,42.31,24.74,11.65442,,
517, 2024/5/3 15:37:17,517.38,16.55,22.75,17.69,17.6,--,--,--,--,24.21,25.52,17.6,42.3,24.7,11.64251,,
518, 2024/5/3 15:37:18,518.38,16.55,22.76,17.73,17.63,--,--,--,--,24.21,25.55,17.63,42.31,24.68,11.63125,,
519, 2024/5/3 15:37:19,519.38,16.56,22.75,17.75,17.67,--,--,--,--,24.21,25.56,17.67,42.31,24.64,11.61801,,
520, 2024/5/3 15:37:20,520.38,16.6,22.74,17.74,17.68,--,--,--,--,24.22,25.56,17.68,42.34,24.66,11.63271,,
521, 2024/5/3 15:37:21,521.39,16.58,22.78,17.72,17.66,--,--,--,--,24.22,25.57,17.66,42.36,24.7,11.65013,,
522, 2024/5/3 15:37:22,522.39,16.58,22.76,17.72,17.67,--,--,--,--,24.21,25.56,17.67,42.34,24.67,11.63885,,
523, 2024/5/3 15:37:23,523.39,16.56,22.77,17.72,17.68,--,--,--,--,24.2,25.56,17.68,42.33,24.65,11.63149,,
524, 2024/5/3 15:37:24,524.39,16.58,22.76,17.72,17.66,--,--,--,--,24.2,25.56,17.66,42.34,24.68,11.64111,,
525, 2024/5/3 15:37:25,525.39,16.6,22.75,17.72,17.71,--,--,--,--,24.21,25.57,17.71,42.35,24.64,11.63494,,
526, 2024/5/3 15:37:27,526.39,16.65,22.73,17.73,17.66,--,--,--,--,24.21,25.56,17.66,42.38,24.72,11.65901,,
527, 2024/5/3 15:37:28,527.4,16.58,22.76,17.69,17.61,--,--,--,--,24.2,25.54,17.61,42.34,24.73,11.65916,,
528, 2024/5/3 15:37:29,528.39,16.59,22.73,17.64,17.59,--,--,--,--,24.21,25.51,17.59,42.32,24.73,11.66619,,
529, 2024/5/3 15:37:30,529.4,16.6,22.74,17.67,17.55,--,--,--,--,24.21,25.51,17.55,42.34,24.79,11.67785,,
530, 2024/5/3 15:37:31,530.4,16.57,22.78,17.64,17.51,--,--,--,--,24.21,25.51,17.51,42.35,24.84,11.69733,,
531, 2024/5/3 15:37:32,531.4,16.6,22.77,17.6,17.49,--,--,--,--,24.2,25.5,17.49,42.37,24.88,11.72074,,
532, 2024/5/3 15:37:33,532.4,16.62,22.75,17.6,17.46,--,--,--,--,24.21,25.48,17.46,42.37,24.91,11.72813,,
533, 2024/5/3 15:37:34,533.4,16.62,22.76,17.6,17.42,--,--,--,--,24.2,25.48,17.42,42.38,24.96,11.74179,,
534, 2024/5/3 15:37:35,534.4,16.61,22.75,17.61,17.41,--,--,--,--,24.2,25.47,17.41,42.36,24.95,11.73252,,
535, 2024/5/3 15:37:36,535.4,16.62,22.74,17.6,17.41,--,--,--,--,24.2,25.47,17.41,42.36,24.95,11.73503,,
536, 2024/5/3 15:37:37,536.41,16.66,22.75,17.54,17.36,--,--,--,--,24.2,25.45,17.36,42.41,25.05,11.78361,,
537, 2024/5/3 15:37:38,537.41,16.64,22.78,17.59,17.41,--,--,--,--,24.21,25.49,17.41,42.42,25.01,11.76496,,
538, 2024/5/3 15:37:39,538.41,16.67,22.73,17.6,17.41,--,--,--,--,24.2,25.47,17.41,42.4,24.99,11.75451,,
539, 2024/5/3 15:37:40,539.41,16.69,22.72,17.6,17.41,--,--,--,--,24.2,25.47,17.41,42.41,25,11.75959,,
540, 2024/5/3 15:37:41,540.41,16.68,22.72,17.61,17.44,--,--,--,--,24.21,25.48,17.44,42.4,24.96,11.74571,,
541, 2024/5/3 15:37:42,541.41,16.65,22.72,17.62,17.46,--,--,--,--,24.19,25.48,17.46,42.37,24.91,11.72451,,
542, 2024/5/3 15:37:43,542.41,16.7,22.72,17.65,17.52,--,--,--,--,24.2,25.52,17.52,42.42,24.9,11.72816,,
543, 2024/5/3 15:37:44,543.42,16.68,22.73,17.68,17.55,--,--,--,--,24.2,25.53,17.55,42.41,24.86,11.70954,,
544, 2024/5/3 15:37:45,544.42,16.64,22.75,17.71,17.6,--,--,--,--,24.21,25.55,17.6,42.39,24.79,11.68127,,
545, 2024/5/3 15:37:46,545.42,16.7,22.71,17.71,17.63,--,--,--,--,24.2,25.55,17.63,42.41,24.78,11.68531,,
546, 2024/5/3 15:37:47,546.42,16.65,22.74,17.72,17.67,--,--,--,--,24.2,25.57,17.67,42.39,24.72,11.66349,,
547, 2024/5/3 15:37:48,547.42,16.64,22.74,17.7,17.63,--,--,--,--,24.19,25.55,17.63,42.38,24.75,11.67221,,
548, 2024/5/3 15:37:49,548.42,16.69,22.73,17.7,17.59,--,--,--,--,24.21,25.55,17.59,42.42,24.83,11.7008,,
549, 2024/5/3 15:37:50,549.42,16.64,22.77,17.67,17.49,--,--,--,--,24.21,25.52,17.49,42.41,24.92,11.72427,,
550, 2024/5/3 15:37:51,550.43,16.7,22.73,17.67,17.45,--,--,--,--,24.2,25.51,17.45,42.43,24.98,11.74417,,
551, 2024/5/3 15:37:52,551.43,16.7,22.73,17.64,17.4,--,--,--,--,24.2,25.49,17.4,42.43,25.03,11.76229,,
552, 2024/5/3 15:37:53,552.43,16.72,22.72,17.62,17.33,--,--,--,--,24.2,25.47,17.33,42.44,25.11,11.78789,,
553, 2024/5/3 15:37:54,553.43,16.67,22.75,17.6,17.28,--,--,--,--,24.2,25.45,17.28,42.42,25.14,11.79343,,
554, 2024/5/3 15:37:55,554.43,16.72,22.72,17.59,17.22,--,--,--,--,24.2,25.43,17.22,42.44,25.22,11.81992,,
555, 2024/5/3 15:37:56,555.43,16.68,22.75,17.59,17.26,--,--,--,--,24.2,25.45,17.26,42.43,25.17,11.80506,,
556, 2024/5/3 15:37:57,556.43,16.75,22.71,17.62,17.24,--,--,--,--,24.21,25.45,17.24,42.46,25.22,11.81853,,
557, 2024/5/3 15:37:58,557.44,16.74,22.7,17.58,17.27,--,--,--,--,24.2,25.44,17.27,42.44,25.17,11.81113,,
558, 2024/5/3 15:37:59,558.44,16.75,22.7,17.58,17.32,--,--,--,--,24.2,25.45,17.32,42.45,25.13,11.80443,,
559, 2024/5/3 15:38:00,559.44,16.76,22.71,17.6,17.38,--,--,--,--,24.2,25.48,17.38,42.47,25.09,11.79555,,
560, 2024/5/3 15:38:01,560.44,16.75,22.72,17.65,17.42,--,--,--,--,24.2,25.5,17.42,42.47,25.05,11.77498,,
561, 2024/5/3 15:38:02,561.44,16.75,22.72,17.63,17.47,--,--,--,--,24.2,25.51,17.47,42.47,25,11.76803,,
562, 2024/5/3 15:38:03,562.44,16.76,22.72,17.64,17.5,--,--,--,--,24.21,25.52,17.5,42.48,24.98,11.76377,,
563, 2024/5/3 15:38:04,563.44,16.76,22.73,17.65,17.48,--,--,--,--,24.2,25.53,17.48,42.49,25.01,11.7706,,
564, 2024/5/3 15:38:05,564.44,16.83,22.67,17.67,17.46,--,--,--,--,24.2,25.51,17.46,42.5,25.04,11.77733,,
565, 2024/5/3 15:38:06,565.45,16.8,22.69,17.64,17.44,--,--,--,--,24.2,25.5,17.44,42.49,25.05,11.78314,,
566, 2024/5/3 15:38:07,566.45,16.75,22.72,17.66,17.46,--,--,--,--,24.2,25.52,17.46,42.47,25.01,11.76362,,
567, 2024/5/3 15:38:08,567.45,16.79,22.69,17.65,17.41,--,--,--,--,24.19,25.5,17.41,42.48,25.07,11.78296,,
568, 2024/5/3 15:38:09,568.45,16.79,22.72,17.65,17.42,--,--,--,--,24.21,25.51,17.42,42.51,25.09,11.7942,,
569, 2024/5/3 15:38:10,569.45,16.73,22.73,17.64,17.36,--,--,--,--,24.2,25.49,17.36,42.46,25.1,11.78587,,
570, 2024/5/3 15:38:11,570.46,16.8,22.69,17.61,17.42,--,--,--,--,24.2,25.49,17.42,42.49,25.07,11.79437,,
571, 2024/5/3 15:38:12,571.45,16.83,22.68,17.62,17.42,--,--,--,--,24.2,25.5,17.42,42.51,25.09,11.80206,,
572, 2024/5/3 15:38:13,572.46,16.78,22.7,17.6,17.4,--,--,--,--,24.2,25.48,17.4,42.48,25.08,11.79607,,
573, 2024/5/3 15:38:14,573.46,16.8,22.71,17.64,17.39,--,--,--,--,24.21,25.5,17.39,42.51,25.12,11.80358,,
574, 2024/5/3 15:38:15,574.46,16.78,22.73,17.62,17.39,--,--,--,--,24.21,25.5,17.39,42.51,25.12,11.80744,,
575, 2024/5/3 15:38:16,575.46,16.84,22.7,17.63,17.35,--,--,--,--,24.2,25.49,17.35,42.54,25.19,11.82967,,
576, 2024/5/3 15:38:17,576.46,16.82,22.71,17.65,17.35,--,--,--,--,24.19,25.5,17.35,42.53,25.18,11.82014,,
577, 2024/5/3 15:38:18,577.47,16.81,22.68,17.63,17.38,--,--,--,--,24.2,25.48,17.38,42.49,25.11,11.79937,,
578, 2024/5/3 15:38:19,578.46,16.8,22.72,17.62,17.38,--,--,--,--,24.2,25.5,17.38,42.52,25.14,11.81482,,
579, 2024/5/3 15:38:20,579.47,16.82,22.7,17.65,17.41,--,--,--,--,24.2,25.51,17.41,42.52,25.11,11.80188,,
580, 2024/5/3 15:38:21,580.47,16.81,22.72,17.68,17.38,--,--,--,--,24.19,25.52,17.38,42.53,25.15,11.80632,,
581, 2024/5/3 15:38:22,581.47,16.85,22.7,17.65,17.4,--,--,--,--,24.2,25.51,17.4,42.55,25.15,11.81859,,
582, 2024/5/3 15:38:23,582.47,16.84,22.69,17.69,17.47,--,--,--,--,24.19,25.53,17.47,42.53,25.06,11.78441,,
583, 2024/5/3 15:38:24,583.47,16.84,22.71,17.68,17.43,--,--,--,--,24.2,25.53,17.43,42.55,25.12,11.80477,,
584, 2024/5/3 15:38:25,584.47,16.83,22.71,17.66,17.41,--,--,--,--,24.18,25.52,17.41,42.54,25.13,11.80898,,
585, 2024/5/3 15:38:26,585.47,16.87,22.69,17.72,17.49,--,--,--,--,24.19,25.55,17.49,42.56,25.07,11.78763,,
586, 2024/5/3 15:38:27,586.48,16.82,22.69,17.8,17.56,--,--,--,--,24.2,25.58,17.56,42.51,24.95,11.72992,,
587, 2024/5/3 15:38:28,587.48,16.85,22.68,17.85,17.62,--,--,--,--,24.19,25.61,17.62,42.53,24.91,11.71518,,
588, 2024/5/3 15:38:29,588.48,16.87,22.7,17.86,17.62,--,--,--,--,24.19,25.63,17.62,42.57,24.95,11.73156,,
589, 2024/5/3 15:38:30,589.48,16.85,22.67,17.91,17.63,--,--,--,--,24.19,25.62,17.63,42.52,24.89,11.69522,,
590, 2024/5/3 15:38:31,590.48,16.91,22.67,17.88,17.66,--,--,--,--,24.2,25.64,17.66,42.58,24.92,11.72391,,
591, 2024/5/3 15:38:32,591.48,16.85,22.7,17.86,17.68,--,--,--,--,24.2,25.64,17.68,42.55,24.87,11.70832,,
592, 2024/5/3 15:38:33,592.49,16.91,22.66,17.83,17.65,--,--,--,--,24.19,25.62,17.65,42.57,24.92,11.73274,,
593, 2024/5/3 15:38:34,593.49,16.88,22.68,17.77,17.64,--,--,--,--,24.19,25.6,17.64,42.56,24.92,11.74281,,
594, 2024/5/3 15:38:35,594.49,16.89,22.67,17.83,17.62,--,--,--,--,24.19,25.61,17.62,42.56,24.94,11.73438,,
595, 2024/5/3 15:38:36,595.49,16.93,22.67,17.77,17.64,--,--,--,--,24.19,25.61,17.64,42.6,24.96,11.76241,,
596, 2024/5/3 15:38:37,596.49,16.88,22.69,17.8,17.65,--,--,--,--,24.19,25.62,17.65,42.57,24.92,11.73837,,
597, 2024/5/3 15:38:38,597.49,16.91,22.68,17.78,17.64,--,--,--,--,24.2,25.61,17.64,42.59,24.95,11.75504,,
598, 2024/5/3 15:38:39,598.49,16.88,22.69,17.77,17.66,--,--,--,--,24.19,25.61,17.66,42.57,24.91,11.74278,,
599, 2024/5/3 15:38:40,599.5,16.92,22.66,17.76,17.63,--,--,--,--,24.2,25.6,17.63,42.58,24.95,11.75759,,
600, 2024/5/3 15:38:41,600.5,16.88,22.69,17.77,17.59,--,--,--,--,24.19,25.59,17.59,42.57,24.98,11.75862,,
601, 2024/5/3 15:38:42,601.5,16.97,22.67,17.72,17.57,--,--,--,--,24.2,25.59,17.57,42.64,25.07,11.80859,,
602, 2024/5/3 15:38:43,602.5,16.91,22.68,17.71,17.52,--,--,--,--,24.19,25.56,17.52,42.59,25.07,11.79777,,
603, 2024/5/3 15:38:44,603.5,16.96,22.65,17.69,17.46,--,--,--,--,24.19,25.54,17.46,42.61,25.15,11.82643,,
604, 2024/5/3 15:38:45,604.5,16.95,22.67,17.62,17.42,--,--,--,--,24.19,25.52,17.42,42.62,25.2,11.85524,,
605, 2024/5/3 15:38:46,605.5,16.92,22.69,17.66,17.44,--,--,--,--,24.19,25.54,17.44,42.61,25.17,11.83637,,
606, 2024/5/3 15:38:47,606.51,16.96,22.66,17.65,17.4,--,--,--,--,24.19,25.52,17.4,42.62,25.22,11.85346,,
607, 2024/5/3 15:38:48,607.5,16.98,22.65,17.67,17.43,--,--,--,--,24.2,25.53,17.43,42.63,25.2,11.84731,,
608, 2024/5/3 15:38:49,608.51,16.94,22.67,17.63,17.33,--,--,--,--,24.18,25.5,17.33,42.61,25.28,11.86879,,
609, 2024/5/3 15:38:50,609.51,16.96,22.68,17.65,17.35,--,--,--,--,24.19,25.52,17.35,42.64,25.29,11.8739,,
610, 2024/5/3 15:38:51,610.51,16.96,22.65,17.66,17.35,--,--,--,--,24.19,25.51,17.35,42.61,25.26,11.85819,,
611, 2024/5/3 15:38:52,611.51,16.96,22.67,17.67,17.37,--,--,--,--,24.18,25.52,17.37,42.63,25.26,11.8604,,
612, 2024/5/3 15:38:53,612.51,16.98,22.66,17.65,17.39,--,--,--,--,24.19,25.52,17.39,42.64,25.25,11.86536,,
613, 2024/5/3 15:38:54,613.51,16.98,22.65,17.67,17.43,--,--,--,--,24.19,25.53,17.43,42.63,25.2,11.84731,,
614, 2024/5/3 15:38:55,614.51,16.99,22.66,17.68,17.43,--,--,--,--,24.2,25.54,17.43,42.65,25.22,11.8544,,
615, 2024/5/3 15:38:56,615.52,16.98,22.67,17.65,17.36,--,--,--,--,24.18,25.52,17.36,42.65,25.29,11.87672,,
616, 2024/5/3 15:38:57,616.52,17.02,22.66,17.64,17.37,--,--,--,--,24.19,25.53,17.37,42.68,25.31,11.89138,,
617, 2024/5/3 15:38:58,617.52,17.03,22.64,17.69,17.35,--,--,--,--,24.19,25.53,17.35,42.67,25.32,11.88076,,
618, 2024/5/3 15:38:59,618.52,16.94,22.69,17.71,17.34,--,--,--,--,24.19,25.53,17.34,42.63,25.29,11.85786,,
619, 2024/5/3 15:39:00,619.52,16.99,22.67,17.67,17.33,--,--,--,--,24.18,25.52,17.33,42.66,25.33,11.884,,
620, 2024/5/3 15:39:01,620.52,17.03,22.67,17.66,17.37,--,--,--,--,24.19,25.54,17.37,42.7,25.33,11.89626,,
621, 2024/5/3 15:39:02,621.52,16.98,22.67,17.67,17.34,--,--,--,--,24.18,25.52,17.34,42.65,25.31,11.87689,,
622, 2024/5/3 15:39:03,622.53,17,22.65,17.67,17.35,--,--,--,--,24.18,25.52,17.35,42.65,25.3,11.87522,,
623, 2024/5/3 15:39:04,623.53,17.03,22.65,17.69,17.35,--,--,--,--,24.18,25.53,17.35,42.68,25.33,11.88525,,
624, 2024/5/3 15:39:05,624.53,17.05,22.65,17.66,17.34,--,--,--,--,24.18,25.53,17.34,42.7,25.36,11.90376,,
625, 2024/5/3 15:39:06,625.53,17,22.67,17.69,17.36,--,--,--,--,24.18,25.54,17.36,42.67,25.31,11.87751,,
626, 2024/5/3 15:39:07,626.53,17.03,22.67,17.7,17.4,--,--,--,--,24.18,25.56,17.4,42.7,25.3,11.88058,,
627, 2024/5/3 15:39:08,627.53,17.01,22.68,17.74,17.47,--,--,--,--,24.19,25.58,17.47,42.69,25.22,11.85063,,
628, 2024/5/3 15:39:09,628.53,17.02,22.65,17.74,17.47,--,--,--,--,24.18,25.57,17.47,42.67,25.2,11.84198,,
629, 2024/5/3 15:39:10,629.54,17.04,22.65,17.78,17.48,--,--,--,--,24.19,25.59,17.48,42.69,25.21,11.84053,,
630, 2024/5/3 15:39:11,630.54,17.02,22.69,17.81,17.51,--,--,--,--,24.2,25.62,17.51,42.71,25.2,11.83538,,
631, 2024/5/3 15:39:12,631.54,17.01,22.66,17.83,17.52,--,--,--,--,24.18,25.61,17.52,42.67,25.15,11.81045,,
632, 2024/5/3 15:39:13,632.54,17.04,22.64,17.85,17.55,--,--,--,--,24.17,25.62,17.55,42.68,25.13,11.80472,,
633, 2024/5/3 15:39:14,633.54,17.04,22.67,17.85,17.57,--,--,--,--,24.18,25.64,17.57,42.71,25.14,11.81358,,
634, 2024/5/3 15:39:15,634.54,17.08,22.63,17.9,17.6,--,--,--,--,24.18,25.65,17.6,42.71,25.11,11.7972,,
635, 2024/5/3 15:39:16,635.55,17.05,22.64,17.98,17.66,--,--,--,--,24.18,25.68,17.66,42.69,25.03,11.75606,,
636, 2024/5/3 15:39:17,636.55,17.05,22.65,17.99,17.66,--,--,--,--,24.19,25.69,17.66,42.7,25.04,11.75833,,
637, 2024/5/3 15:39:18,637.55,17.07,22.65,17.99,17.62,--,--,--,--,24.19,25.68,17.62,42.72,25.1,11.77709,,
638, 2024/5/3 15:39:19,638.55,17.03,22.66,17.98,17.57,--,--,--,--,24.18,25.66,17.57,42.69,25.12,11.77588,,
639, 2024/5/3 15:39:20,639.55,17.11,22.61,17.98,17.55,--,--,--,--,24.19,25.65,17.55,42.72,25.17,11.79672,,
640, 2024/5/3 15:39:21,640.55,17.02,22.66,17.94,17.55,--,--,--,--,24.18,25.65,17.55,42.68,25.13,11.78435,,
641, 2024/5/3 15:39:22,641.55,17.11,22.61,17.91,17.52,--,--,--,--,24.18,25.63,17.52,42.72,25.2,11.81879,,
642, 2024/5/3 15:39:23,642.55,17.05,22.66,17.96,17.51,--,--,--,--,24.18,25.65,17.51,42.71,25.2,11.80363,,
643, 2024/5/3 15:39:24,643.56,17.06,22.64,18.02,17.53,--,--,--,--,24.19,25.66,17.53,42.7,25.17,11.78192,,
644, 2024/5/3 15:39:25,644.56,17.07,22.64,18.05,17.53,--,--,--,--,24.19,25.67,17.53,42.71,25.18,11.78027,,
645, 2024/5/3 15:39:26,645.56,17.08,22.63,18.02,17.52,--,--,--,--,24.18,25.66,17.52,42.71,25.19,11.7894,,
646, 2024/5/3 15:39:27,646.56,17.13,22.62,17.96,17.55,--,--,--,--,24.18,25.66,17.55,42.75,25.2,11.81516,,
647, 2024/5/3 15:39:28,647.56,17.07,22.65,17.91,17.49,--,--,--,--,24.17,25.63,17.49,42.72,25.23,11.82426,,
648, 2024/5/3 15:39:29,648.56,17.07,22.65,17.91,17.5,--,--,--,--,24.18,25.63,17.5,42.72,25.22,11.82196,,
649, 2024/5/3 15:39:30,649.56,17.09,22.65,17.91,17.46,--,--,--,--,24.17,25.63,17.46,42.74,25.28,11.84078,,
650, 2024/5/3 15:39:31,650.56,17.09,22.66,17.88,17.46,--,--,--,--,24.18,25.63,17.46,42.75,25.29,11.85178,,
651, 2024/5/3 15:39:32,651.57,17.18,22.61,17.88,17.44,--,--,--,--,24.19,25.62,17.44,42.79,25.35,11.87738,,
652, 2024/5/3 15:39:33,652.57,17.13,22.64,17.86,17.47,--,--,--,--,24.18,25.62,17.47,42.77,25.3,11.86417,,
653, 2024/5/3 15:39:34,653.57,17.11,22.63,17.86,17.46,--,--,--,--,24.18,25.61,17.46,42.74,25.28,11.85235,,
654, 2024/5/3 15:39:35,654.57,17.09,22.66,17.84,17.46,--,--,--,--,24.18,25.62,17.46,42.75,25.29,11.86051,,
655, 2024/5/3 15:39:36,655.57,17.14,22.66,17.87,17.45,--,--,--,--,24.18,25.63,17.45,42.8,25.35,11.88034,,
656, 2024/5/3 15:39:37,656.57,17.17,22.6,17.83,17.48,--,--,--,--,24.18,25.61,17.48,42.77,25.29,11.86983,,
657, 2024/5/3 15:39:38,657.57,17.13,22.65,17.88,17.49,--,--,--,--,24.19,25.64,17.49,42.78,25.29,11.8597,,
658, 2024/5/3 15:39:39,658.58,17.14,22.63,17.86,17.52,--,--,--,--,24.18,25.63,17.52,42.77,25.25,11.85309,,
659, 2024/5/3 15:39:40,659.58,17.16,22.62,17.85,17.55,--,--,--,--,24.18,25.64,17.55,42.78,25.23,11.85362,,
660, 2024/5/3 15:39:41,660.58,17.13,22.64,17.88,17.58,--,--,--,--,24.18,25.66,17.58,42.77,25.19,11.83469,,
661, 2024/5/3 15:39:42,661.58,17.12,22.63,17.86,17.63,--,--,--,--,24.17,25.66,17.63,42.75,25.12,11.81845,,
662, 2024/5/3 15:39:43,662.58,17.17,22.62,17.84,17.56,--,--,--,--,24.18,25.64,17.56,42.79,25.23,11.85835,,
663, 2024/5/3 15:39:44,663.58,17.14,22.62,17.83,17.47,--,--,--,--,24.18,25.61,17.47,42.76,25.29,11.86659,,
664, 2024/5/3 15:39:45,664.58,17.19,22.6,17.84,17.46,--,--,--,--,24.18,25.61,17.46,42.79,25.33,11.88186,,
665, 2024/5/3 15:39:46,665.59,17.13,22.64,17.83,17.5,--,--,--,--,24.17,25.62,17.5,42.77,25.27,11.86387,,
666, 2024/5/3 15:39:47,666.59,17.17,22.61,17.82,17.53,--,--,--,--,24.17,25.62,17.53,42.78,25.25,11.86509,,
667, 2024/5/3 15:39:48,667.59,17.16,22.62,17.85,17.55,--,--,--,--,24.18,25.64,17.55,42.78,25.23,11.85362,,
668, 2024/5/3 15:39:49,668.59,17.14,22.64,17.87,17.6,--,--,--,--,24.18,25.66,17.6,42.78,25.18,11.83716,,
669, 2024/5/3 15:39:50,669.59,17.21,22.59,17.85,17.6,--,--,--,--,24.17,25.65,17.6,42.8,25.2,11.853,,
670, 2024/5/3 15:39:51,670.59,17.21,22.58,17.88,17.6,--,--,--,--,24.17,25.65,17.6,42.79,25.19,11.84198,,
671, 2024/5/3 15:39:52,671.59,17.17,22.63,17.86,17.6,--,--,--,--,24.18,25.66,17.6,42.8,25.2,11.84935,,
672, 2024/5/3 15:39:53,672.6,17.17,22.63,17.88,17.65,--,--,--,--,24.18,25.68,17.65,42.8,25.15,11.83364,,
673, 2024/5/3 15:39:54,673.6,17.2,22.61,17.88,17.67,--,--,--,--,24.18,25.68,17.67,42.81,25.14,11.83469,,
674, 2024/5/3 15:39:55,674.6,17.24,22.6,17.9,17.71,--,--,--,--,24.18,25.7,17.71,42.84,25.13,11.83613,,
675, 2024/5/3 15:39:56,675.6,17.21,22.61,17.94,17.77,--,--,--,--,24.18,25.72,17.77,42.82,25.05,11.80382,,
676, 2024/5/3 15:39:57,676.6,17.19,22.63,17.93,17.76,--,--,--,--,24.18,25.72,17.76,42.82,25.06,11.8075,,
677, 2024/5/3 15:39:58,677.6,17.21,22.58,17.9,17.74,--,--,--,--,24.16,25.69,17.74,42.79,25.05,11.80602,,
678, 2024/5/3 15:39:59,678.6,17.23,22.61,17.86,17.73,--,--,--,--,24.17,25.7,17.73,42.84,25.11,11.84007,,
679, 2024/5/3 15:40:00,679.61,17.19,22.61,17.85,17.77,--,--,--,--,24.17,25.7,17.77,42.8,25.03,11.81402,,
680, 2024/5/3 15:40:01,680.61,17.23,22.6,17.83,17.75,--,--,--,--,24.17,25.69,17.75,42.83,25.08,11.83777,,
681, 2024/5/3 15:40:02,681.61,17.25,22.58,17.81,17.74,--,--,--,--,24.16,25.68,17.74,42.83,25.09,11.84519,,
682, 2024/5/3 15:40:03,682.61,17.2,22.62,17.79,17.71,--,--,--,--,24.16,25.67,17.71,42.82,25.11,11.85001,,
683, 2024/5/3 15:40:04,683.61,17.23,22.58,17.78,17.64,--,--,--,--,24.17,25.64,17.64,42.81,25.17,11.86458,,
684, 2024/5/3 15:40:05,684.61,17.22,22.62,17.77,17.6,--,--,--,--,24.17,25.65,17.6,42.84,25.24,11.88881,,
685, 2024/5/3 15:40:06,685.62,17.23,22.62,17.76,17.6,--,--,--,--,24.17,25.65,17.6,42.85,25.25,11.89584,,
686, 2024/5/3 15:40:07,686.61,17.2,22.62,17.75,17.57,--,--,--,--,24.16,25.63,17.57,42.82,25.25,11.89036,,
687, 2024/5/3 15:40:08,687.62,17.24,22.63,17.78,17.53,--,--,--,--,24.17,25.64,17.53,42.87,25.34,11.91654,,
688, 2024/5/3 15:40:09,688.62,17.29,22.56,17.76,17.56,--,--,--,--,24.16,25.62,17.56,42.85,25.29,11.90703,,
689, 2024/5/3 15:40:10,689.62,17.25,22.58,17.76,17.55,--,--,--,--,24.17,25.62,17.55,42.83,25.28,11.89892,,
690, 2024/5/3 15:40:11,690.62,17.21,22.61,17.79,17.54,--,--,--,--,24.16,25.63,17.54,42.82,25.28,11.88869,,
691, 2024/5/3 15:40:12,691.62,17.22,22.62,17.72,17.5,--,--,--,--,24.17,25.61,17.5,42.84,25.34,11.92245,,
692, 2024/5/3 15:40:13,692.63,17.22,22.62,17.7,17.47,--,--,--,--,24.16,25.6,17.47,42.84,25.37,11.93367,,
693, 2024/5/3 15:40:14,693.62,17.28,22.59,17.74,17.51,--,--,--,--,24.17,25.62,17.51,42.87,25.36,11.93129,,
694, 2024/5/3 15:40:15,694.63,17.24,22.61,17.73,17.6,--,--,--,--,24.17,25.64,17.6,42.85,25.25,11.90283,,
695, 2024/5/3 15:40:16,695.63,17.3,22.58,17.75,17.58,--,--,--,--,24.17,25.64,17.58,42.88,25.3,11.91846,,
696, 2024/5/3 15:40:17,696.63,17.25,22.6,17.81,17.6,--,--,--,--,24.17,25.65,17.6,42.85,25.25,11.88554,,
697, 2024/5/3 15:40:18,697.63,17.28,22.61,17.78,17.66,--,--,--,--,24.17,25.67,17.66,42.89,25.23,11.89757,,
698, 2024/5/3 15:40:19,698.63,17.28,22.59,17.76,17.6,--,--,--,--,24.16,25.64,17.6,42.87,25.27,11.90656,,
699, 2024/5/3 15:40:20,699.63,17.28,22.59,17.76,17.6,--,--,--,--,24.17,25.64,17.6,42.87,25.27,11.90656,,
700, 2024/5/3 15:40:21,700.63,17.34,22.58,17.77,17.6,--,--,--,--,24.17,25.66,17.6,42.92,25.32,11.92884,,
701, 2024/5/3 15:40:22,701.64,17.27,22.61,17.75,17.59,--,--,--,--,24.17,25.65,17.59,42.88,25.29,11.91512,,
702, 2024/5/3 15:40:23,702.64,17.34,22.57,17.76,17.56,--,--,--,--,24.16,25.64,17.56,42.91,25.35,11.93561,,
703, 2024/5/3 15:40:24,703.64,17.3,22.61,17.74,17.51,--,--,--,--,24.17,25.63,17.51,42.91,25.4,11.94986,,
704, 2024/5/3 15:40:25,704.64,17.29,22.59,17.72,17.51,--,--,--,--,24.17,25.61,17.51,42.88,25.37,11.94052,,
705, 2024/5/3 15:40:26,705.64,17.26,22.61,17.72,17.52,--,--,--,--,24.17,25.62,17.52,42.87,25.35,11.93273,,
706, 2024/5/3 15:40:27,706.64,17.32,22.58,17.72,17.5,--,--,--,--,24.17,25.61,17.5,42.9,25.4,11.95278,,
707, 2024/5/3 15:40:28,707.64,17.31,22.58,17.73,17.53,--,--,--,--,24.16,25.62,17.53,42.89,25.36,11.93897,,
708, 2024/5/3 15:40:29,708.65,17.3,22.6,17.75,17.56,--,--,--,--,24.17,25.64,17.56,42.9,25.34,11.93189,,
709, 2024/5/3 15:40:30,709.65,17.3,22.6,17.74,17.56,--,--,--,--,24.17,25.64,17.56,42.9,25.34,11.9341,,
710, 2024/5/3 15:40:31,710.65,17.32,22.59,17.71,17.54,--,--,--,--,24.16,25.63,17.54,42.91,25.37,11.95041,,
711, 2024/5/3 15:40:32,711.65,17.33,22.58,17.72,17.54,--,--,--,--,24.17,25.63,17.54,42.91,25.37,11.94856,,
712, 2024/5/3 15:40:33,712.65,17.31,22.57,17.7,17.52,--,--,--,--,24.15,25.61,17.52,42.88,25.36,11.94338,,
713, 2024/5/3 15:40:34,713.65,17.28,22.6,17.75,17.55,--,--,--,--,24.17,25.63,17.55,42.88,25.33,11.92451,,
714, 2024/5/3 15:40:35,714.66,17.31,22.6,17.76,17.55,--,--,--,--,24.16,25.64,17.55,42.91,25.36,11.93677,,
715, 2024/5/3 15:40:36,715.66,17.33,22.59,17.75,17.58,--,--,--,--,24.16,25.65,17.58,42.92,25.34,11.93739,,
716, 2024/5/3 15:40:37,716.66,17.32,22.59,17.75,17.61,--,--,--,--,24.16,25.65,17.61,42.91,25.3,11.92582,,
717, 2024/5/3 15:40:38,717.66,17.32,22.61,17.73,17.59,--,--,--,--,24.16,25.65,17.59,42.93,25.34,11.94365,,
718, 2024/5/3 15:40:39,718.66,17.32,22.59,17.77,17.62,--,--,--,--,24.16,25.66,17.62,42.91,25.29,11.91915,,
719, 2024/5/3 15:40:40,719.66,17.35,22.57,17.78,17.64,--,--,--,--,24.15,25.67,17.64,42.92,25.28,11.91802,,
720, 2024/5/3 15:40:41,720.66,17.37,22.56,17.8,17.67,--,--,--,--,24.16,25.68,17.67,42.93,25.26,11.91209,,
721, 2024/5/3 15:40:42,721.67,17.32,22.59,17.8,17.74,--,--,--,--,24.16,25.7,17.74,42.91,25.17,11.88564,,
722, 2024/5/3 15:40:43,722.67,17.34,22.58,17.82,17.74,--,--,--,--,24.16,25.7,17.74,42.92,25.18,11.88642,,
723, 2024/5/3 15:40:44,723.67,17.34,22.59,17.82,17.74,--,--,--,--,24.16,25.71,17.74,42.93,25.19,11.89087,,
724, 2024/5/3 15:40:45,724.67,17.35,22.58,17.79,17.73,--,--,--,--,24.16,25.7,17.73,42.93,25.2,11.90012,,
725, 2024/5/3 15:40:46,725.67,17.33,22.61,17.75,17.7,--,--,--,--,24.16,25.69,17.7,42.94,25.24,11.91938,,
726, 2024/5/3 15:40:47,726.67,17.37,22.58,17.76,17.67,--,--,--,--,24.16,25.68,17.67,42.95,25.28,11.92982,,
727, 2024/5/3 15:40:48,727.67,17.3,22.6,17.71,17.64,--,--,--,--,24.15,25.65,17.64,42.9,25.26,11.92276,,
728, 2024/5/3 15:40:49,728.67,17.33,22.58,17.72,17.58,--,--,--,--,24.16,25.64,17.58,42.91,25.33,11.93956,,
729, 2024/5/3 15:40:50,729.67,17.34,22.58,17.7,17.57,--,--,--,--,24.15,25.63,17.57,42.92,25.35,11.95105,,
730, 2024/5/3 15:40:51,730.68,17.39,22.57,17.76,17.57,--,--,--,--,24.16,25.65,17.57,42.96,25.39,11.95747,,
731, 2024/5/3 15:40:52,731.68,17.41,22.55,17.71,17.62,--,--,--,--,24.16,25.65,17.62,42.96,25.34,11.95802,,
732, 2024/5/3 15:40:53,732.68,17.37,22.57,17.73,17.6,--,--,--,--,24.16,25.65,17.6,42.94,25.34,11.94769,,
733, 2024/5/3 15:40:54,733.68,17.37,22.59,17.7,17.6,--,--,--,--,24.16,25.65,17.6,42.96,25.36,11.96324,,
734, 2024/5/3 15:40:55,734.68,17.35,22.6,17.71,17.61,--,--,--,--,24.16,25.66,17.61,42.95,25.34,11.95359,,
735, 2024/5/3 15:40:56,735.68,17.37,22.59,17.74,17.6,--,--,--,--,24.15,25.66,17.6,42.96,25.36,11.95439,,
736, 2024/5/3 15:40:57,736.68,17.42,22.53,17.74,17.58,--,--,--,--,24.14,25.64,17.58,42.95,25.37,11.9563,,
737, 2024/5/3 15:40:58,737.69,17.36,22.58,17.76,17.66,--,--,--,--,24.17,25.67,17.66,42.94,25.28,11.92723,,
738, 2024/5/3 15:40:59,738.69,17.39,22.57,17.71,17.61,--,--,--,--,24.15,25.65,17.61,42.96,25.35,11.95952,,
739, 2024/5/3 15:41:00,739.69,17.4,22.56,17.74,17.67,--,--,--,--,24.16,25.67,17.67,42.96,25.29,11.93983,,
740, 2024/5/3 15:41:01,740.69,17.41,22.57,17.72,17.63,--,--,--,--,24.16,25.66,17.63,42.98,25.35,11.96248,,
741, 2024/5/3 15:41:02,741.69,17.45,22.53,17.7,17.61,--,--,--,--,24.16,25.64,17.61,42.98,25.37,11.97288,,
742, 2024/5/3 15:41:03,742.69,17.42,22.56,17.67,17.56,--,--,--,--,24.15,25.63,17.56,42.98,25.42,11.9896,,
743, 2024/5/3 15:41:04,743.69,17.4,22.56,17.7,17.51,--,--,--,--,24.15,25.62,17.51,42.96,25.45,11.98458,,
744, 2024/5/3 15:41:05,744.7,17.45,22.55,17.68,17.53,--,--,--,--,24.16,25.63,17.53,43,25.47,12.00414,,
745, 2024/5/3 15:41:06,745.7,17.38,22.6,17.73,17.61,--,--,--,--,24.16,25.67,17.61,42.98,25.37,11.96364,,
746, 2024/5/3 15:41:07,746.7,17.37,22.61,17.74,17.65,--,--,--,--,24.15,25.68,17.65,42.98,25.33,11.95208,,
747, 2024/5/3 15:41:08,747.7,17.4,22.57,17.77,17.65,--,--,--,--,24.15,25.68,17.65,42.97,25.32,11.94212,,
748, 2024/5/3 15:41:09,748.7,17.41,22.55,17.74,17.68,--,--,--,--,24.15,25.67,17.68,42.96,25.28,11.93798,,
749, 2024/5/3 15:41:10,749.7,17.44,22.56,17.77,17.68,--,--,--,--,24.15,25.69,17.68,43,25.32,11.95027,,
750, 2024/5/3 15:41:11,750.71,17.41,22.58,17.73,17.66,--,--,--,--,24.16,25.68,17.66,42.99,25.33,11.958,,
751, 2024/5/3 15:41:12,751.71,17.4,22.58,17.74,17.68,--,--,--,--,24.15,25.68,17.68,42.98,25.3,11.94649,,
752, 2024/5/3 15:41:13,752.71,17.44,22.55,17.7,17.62,--,--,--,--,24.15,25.65,17.62,42.99,25.37,11.97472,,
753, 2024/5/3 15:41:14,753.71,17.41,22.57,17.69,17.58,--,--,--,--,24.15,25.64,17.58,42.98,25.4,11.98032,,
754, 2024/5/3 15:41:15,754.71,17.42,22.55,17.66,17.55,--,--,--,--,24.15,25.62,17.55,42.97,25.42,11.9896,,
755, 2024/5/3 15:41:16,755.71,17.44,22.58,17.65,17.53,--,--,--,--,24.15,25.63,17.53,43.02,25.49,12.01933,,
756, 2024/5/3 15:41:17,756.71,17.45,22.56,17.65,17.52,--,--,--,--,24.16,25.62,17.52,43.01,25.49,12.01747,,
757, 2024/5/3 15:41:18,757.72,17.48,22.53,17.66,17.55,--,--,--,--,24.15,25.63,17.55,43.01,25.46,12.00964,,
758, 2024/5/3 15:41:19,758.72,17.46,22.56,17.66,17.48,--,--,--,--,24.15,25.62,17.48,43.02,25.54,12.02909,,
759, 2024/5/3 15:41:20,759.72,17.48,22.55,17.64,17.5,--,--,--,--,24.15,25.62,17.5,43.03,25.53,12.03419,,
760, 2024/5/3 15:41:21,760.72,17.42,22.58,17.68,17.51,--,--,--,--,24.16,25.63,17.51,43,25.49,12.00755,,
761, 2024/5/3 15:41:22,761.72,17.47,22.57,17.67,17.53,--,--,--,--,24.17,25.64,17.53,43.04,25.51,12.02491,,
762, 2024/5/3 15:41:23,762.72,17.48,22.54,17.68,17.51,--,--,--,--,24.15,25.63,17.51,43.02,25.51,12.01866,,
763, 2024/5/3 15:41:24,763.72,17.44,22.54,17.66,17.6,--,--,--,--,24.15,25.63,17.6,42.98,25.38,11.9836,,
764, 2024/5/3 15:41:25,764.72,17.43,22.56,17.7,17.61,--,--,--,--,24.15,25.65,17.61,42.99,25.38,11.97658,,
765, 2024/5/3 15:41:26,765.72,17.49,22.55,17.75,17.62,--,--,--,--,24.15,25.68,17.62,43.04,25.42,11.98781,,
766, 2024/5/3 15:41:27,766.73,17.48,22.55,17.75,17.69,--,--,--,--,24.15,25.69,17.69,43.03,25.34,11.96733,,
767, 2024/5/3 15:41:28,767.73,17.47,22.55,17.73,17.67,--,--,--,--,24.15,25.68,17.67,43.02,25.35,11.97139,,
768, 2024/5/3 15:41:29,768.73,17.49,22.52,17.74,17.7,--,--,--,--,24.14,25.68,17.7,43.01,25.31,11.95883,,
769, 2024/5/3 15:41:30,769.73,17.52,22.54,17.75,17.69,--,--,--,--,24.15,25.7,17.69,43.06,25.37,11.98221,,
770, 2024/5/3 15:41:31,770.73,17.53,22.49,17.75,17.68,--,--,--,--,24.14,25.67,17.68,43.02,25.34,11.96709,,
771, 2024/5/3 15:41:32,771.73,17.55,22.53,17.79,17.72,--,--,--,--,24.15,25.72,17.72,43.08,25.36,11.97676,,
772, 2024/5/3 15:41:33,772.73,17.52,22.53,17.77,17.71,--,--,--,--,24.14,25.7,17.71,43.05,25.34,11.9689,,
773, 2024/5/3 15:41:34,773.74,17.52,22.52,17.77,17.68,--,--,--,--,24.14,25.69,17.68,43.04,25.36,11.97115,,
774, 2024/5/3 15:41:35,774.74,17.49,22.54,17.76,17.68,--,--,--,--,24.14,25.69,17.68,43.03,25.35,11.96774,,
775, 2024/5/3 15:41:36,775.74,17.5,22.53,17.78,17.7,--,--,--,--,24.14,25.7,17.7,43.03,25.33,11.95926,,
776, 2024/5/3 15:41:37,776.74,17.49,22.56,17.73,17.7,--,--,--,--,24.15,25.7,17.7,43.05,25.35,11.97881,,
777, 2024/5/3 15:41:38,777.74,17.51,22.53,17.74,17.7,--,--,--,--,24.14,25.69,17.7,43.04,25.34,11.97293,,
778, 2024/5/3 15:41:39,778.74,17.53,22.54,17.77,17.66,--,--,--,--,24.14,25.7,17.66,43.07,25.41,11.98932,,
779, 2024/5/3 15:41:40,779.74,17.53,22.53,17.73,17.69,--,--,--,--,24.14,25.69,17.69,43.06,25.37,11.98703,,
780, 2024/5/3 15:41:41,780.75,17.5,22.55,17.72,17.68,--,--,--,--,24.14,25.69,17.68,43.05,25.37,11.98586,,
781, 2024/5/3 15:41:42,781.75,17.56,22.51,17.71,17.67,--,--,--,--,24.14,25.68,17.67,43.07,25.4,12.00152,,
782, 2024/5/3 15:41:43,782.75,17.51,22.54,17.7,17.71,--,--,--,--,24.15,25.69,17.7,43.05,25.35,11.98402,,
783, 2024/5/3 15:41:44,783.75,17.5,22.56,17.69,17.68,--,--,--,--,24.15,25.69,17.68,43.06,25.38,11.99696,,
784, 2024/5/3 15:41:45,784.75,17.58,22.51,17.71,17.64,--,--,--,--,24.14,25.68,17.64,43.09,25.45,12.01786,,
785, 2024/5/3 15:41:46,785.75,17.51,22.59,17.69,17.58,--,--,--,--,24.15,25.68,17.58,43.1,25.52,12.03747,,
786, 2024/5/3 15:41:47,786.75,17.59,22.51,17.68,17.54,--,--,--,--,24.14,25.65,17.54,43.1,25.56,12.05166,,
787, 2024/5/3 15:41:48,787.76,17.53,22.57,17.66,17.53,--,--,--,--,24.15,25.65,17.53,43.1,25.57,12.05606,,
788, 2024/5/3 15:41:49,788.76,17.55,22.54,17.69,17.52,--,--,--,--,24.15,25.65,17.52,43.09,25.57,12.04798,,
789, 2024/5/3 15:41:50,789.76,17.59,22.53,17.66,17.55,--,--,--,--,24.14,25.65,17.55,43.12,25.57,12.06272,,
790, 2024/5/3 15:41:51,790.76,17.57,22.5,17.67,17.55,--,--,--,--,24.13,25.64,17.55,43.07,25.52,12.03752,,
791, 2024/5/3 15:41:52,791.76,17.62,22.5,17.68,17.58,--,--,--,--,24.14,25.66,17.58,43.12,25.54,12.05275,,
792, 2024/5/3 15:41:53,792.76,17.53,22.55,17.69,17.59,--,--,--,--,24.14,25.67,17.59,43.08,25.49,12.02708,,
793, 2024/5/3 15:41:54,793.76,17.53,22.55,17.7,17.61,--,--,--,--,24.14,25.67,17.61,43.08,25.47,12.02039,,
794, 2024/5/3 15:41:55,794.77,17.54,22.57,17.76,17.59,--,--,--,--,24.14,25.7,17.59,43.11,25.52,12.02536,,
795, 2024/5/3 15:41:56,795.77,17.57,22.53,17.73,17.65,--,--,--,--,24.13,25.69,17.65,43.1,25.45,12.01526,,
796, 2024/5/3 15:41:57,796.77,17.56,22.52,17.72,17.66,--,--,--,--,24.14,25.68,17.66,43.08,25.42,12.00597,,
797, 2024/5/3 15:41:58,797.77,17.61,22.5,17.71,17.65,--,--,--,--,24.14,25.68,17.65,43.11,25.46,12.02569,,
798, 2024/5/3 15:41:59,798.77,17.54,22.55,17.69,17.61,--,--,--,--,24.14,25.67,17.61,43.09,25.48,12.02743,,
799, 2024/5/3 15:42:00,799.77,17.58,22.52,17.7,17.63,--,--,--,--,24.14,25.68,17.63,43.1,25.47,12.02674,,
800, 2024/5/3 15:42:01,800.78,17.63,22.49,17.68,17.61,--,--,--,--,24.13,25.66,17.61,43.12,25.51,12.04645,,
801, 2024/5/3 15:42:02,801.77,17.56,22.54,17.71,17.65,--,--,--,--,24.14,25.69,17.65,43.1,25.45,12.01929,,
802, 2024/5/3 15:42:03,802.78,17.57,22.55,17.69,17.63,--,--,--,--,24.14,25.69,17.63,43.12,25.49,12.03745,,
803, 2024/5/3 15:42:04,803.78,17.59,22.52,17.7,17.63,--,--,--,--,24.14,25.68,17.63,43.11,25.48,12.03157,,
804, 2024/5/3 15:42:05,804.78,17.62,22.52,17.69,17.64,--,--,--,--,24.14,25.69,17.64,43.14,25.5,12.04604,,
805, 2024/5/3 15:42:06,805.78,17.58,22.53,17.67,17.65,--,--,--,--,24.15,25.68,17.65,43.11,25.46,12.03337,,
806, 2024/5/3 15:42:07,806.78,17.61,22.52,17.67,17.61,--,--,--,--,24.14,25.67,17.61,43.13,25.52,12.05232,,
807, 2024/5/3 15:42:08,807.78,17.6,22.52,17.63,17.6,--,--,--,--,24.14,25.66,17.6,43.12,25.52,12.05858,,
808, 2024/5/3 15:42:09,808.78,17.59,22.53,17.65,17.6,--,--,--,--,24.14,25.66,17.6,43.12,25.52,12.05376,,
809, 2024/5/3 15:42:10,809.79,17.62,22.53,17.68,17.59,--,--,--,--,24.14,25.68,17.59,43.15,25.56,12.06384,,
810, 2024/5/3 15:42:11,810.79,17.61,22.52,17.66,17.59,--,--,--,--,24.13,25.66,17.59,43.13,25.54,12.05899,,
811, 2024/5/3 15:42:12,811.79,17.62,22.51,17.66,17.56,--,--,--,--,24.14,25.65,17.56,43.13,25.57,12.06608,,
812, 2024/5/3 15:42:13,812.79,17.63,22.51,17.64,17.55,--,--,--,--,24.13,25.65,17.55,43.14,25.59,12.07756,,
813, 2024/5/3 15:42:14,813.79,17.61,22.53,17.69,17.55,--,--,--,--,24.14,25.67,17.55,43.14,25.59,12.06576,,
814, 2024/5/3 15:42:15,814.79,17.6,22.52,17.65,17.57,--,--,--,--,24.13,25.65,17.57,43.12,25.55,12.06084,,
815, 2024/5/3 15:42:16,815.79,17.61,22.54,17.66,17.54,--,--,--,--,24.14,25.66,17.54,43.15,25.61,12.07906,,
816, 2024/5/3 15:42:17,816.8,17.61,22.51,17.64,17.56,--,--,--,--,24.14,25.65,17.56,43.12,25.56,12.06567,,
817, 2024/5/3 15:42:18,817.8,17.58,22.53,17.66,17.54,--,--,--,--,24.13,25.65,17.54,43.11,25.57,12.06014,,
818, 2024/5/3 15:42:19,818.8,17.62,22.54,17.68,17.57,--,--,--,--,24.14,25.68,17.57,43.16,25.59,12.07276,,
819, 2024/5/3 15:42:20,819.8,17.62,22.53,17.69,17.59,--,--,--,--,24.14,25.68,17.59,43.15,25.56,12.06164,,
820, 2024/5/3 15:42:21,820.8,17.62,22.5,17.66,17.59,--,--,--,--,24.13,25.66,17.59,43.12,25.53,12.05494,,
821, 2024/5/3 15:42:22,821.8,17.64,22.51,17.67,17.63,--,--,--,--,24.14,25.68,17.63,43.15,25.52,12.05791,,
822, 2024/5/3 15:42:23,822.8,17.65,22.52,17.68,17.63,--,--,--,--,24.13,25.69,17.63,43.17,25.54,12.06497,,
823, 2024/5/3 15:42:24,823.81,17.6,22.54,17.67,17.66,--,--,--,--,24.14,25.69,17.66,43.14,25.48,12.04525,,
824, 2024/5/3 15:42:25,824.81,17.64,22.51,17.62,17.62,--,--,--,--,24.13,25.66,17.62,43.15,25.53,12.07122,,
825, 2024/5/3 15:42:26,825.81,17.65,22.52,17.64,17.61,--,--,--,--,24.14,25.67,17.61,43.17,25.56,12.07828,,
826, 2024/5/3 15:42:27,826.81,17.62,22.51,17.65,17.62,--,--,--,--,24.13,25.67,17.62,43.13,25.51,12.05491,,
827, 2024/5/3 15:42:28,827.81,17.66,22.5,17.64,17.61,--,--,--,--,24.14,25.67,17.61,43.16,25.55,12.07423,,
828, 2024/5/3 15:42:29,828.81,17.65,22.5,17.66,17.57,--,--,--,--,24.13,25.66,17.57,43.15,25.58,12.07389,,
829, 2024/5/3 15:42:30,829.81,17.61,22.52,17.67,17.61,--,--,--,--,24.13,25.67,17.61,43.13,25.52,12.05232,,
830, 2024/5/3 15:42:31,830.82,17.63,22.53,17.67,17.6,--,--,--,--,24.14,25.68,17.6,43.16,25.56,12.06865,,
831, 2024/5/3 15:42:32,831.82,17.67,22.52,17.68,17.56,--,--,--,--,24.14,25.68,17.56,43.19,25.63,12.09025,,
832, 2024/5/3 15:42:33,832.82,17.67,22.49,17.64,17.54,--,--,--,--,24.12,25.65,17.54,43.16,25.62,12.09022,,
833, 2024/5/3 15:42:34,833.82,17.59,22.57,17.63,17.53,--,--,--,--,24.13,25.66,17.53,43.16,25.63,12.09164,,
834, 2024/5/3 15:42:35,834.82,17.67,22.48,17.62,17.54,--,--,--,--,24.12,25.64,17.54,43.15,25.61,12.0902,,
835, 2024/5/3 15:42:36,835.82,17.66,22.52,17.61,17.56,--,--,--,--,24.13,25.66,17.56,43.18,25.62,12.10089,,
836, 2024/5/3 15:42:37,836.82,17.67,22.5,17.63,17.56,--,--,--,--,24.12,25.65,17.56,43.17,25.61,12.0924,,
837, 2024/5/3 15:42:38,837.82,17.67,22.49,17.65,17.6,--,--,--,--,24.13,25.66,17.6,43.16,25.56,12.07463,,
838, 2024/5/3 15:42:39,838.83,17.68,22.51,17.62,17.55,--,--,--,--,24.13,25.66,17.55,43.19,25.64,12.10612,,
839, 2024/5/3 15:42:40,839.83,17.64,22.52,17.64,17.55,--,--,--,--,24.12,25.66,17.55,43.16,25.61,12.08683,,
840, 2024/5/3 15:42:41,840.83,17.69,22.51,17.66,17.58,--,--,--,--,24.14,25.68,17.58,43.2,25.62,12.09541,,
841, 2024/5/3 15:42:42,841.83,17.67,22.51,17.66,17.58,--,--,--,--,24.13,25.67,17.58,43.18,25.6,12.08576,,
842, 2024/5/3 15:42:43,842.83,17.64,22.53,17.65,17.56,--,--,--,--,24.13,25.67,17.56,43.17,25.61,12.08683,,
843, 2024/5/3 15:42:44,843.83,17.67,22.53,17.66,17.6,--,--,--,--,24.13,25.69,17.6,43.2,25.6,12.09018,,
844, 2024/5/3 15:42:45,844.83,17.66,22.51,17.69,17.59,--,--,--,--,24.12,25.68,17.59,43.17,25.58,12.07207,,
845, 2024/5/3 15:42:46,845.84,17.63,22.56,17.66,17.59,--,--,--,--,24.14,25.69,17.59,43.19,25.6,12.08643,,
846, 2024/5/3 15:42:47,846.84,17.71,22.52,17.69,17.6,--,--,--,--,24.13,25.7,17.6,43.23,25.63,12.09843,,
847, 2024/5/3 15:42:48,847.84,17.7,22.51,17.66,17.59,--,--,--,--,24.13,25.68,17.59,43.21,25.62,12.09801,,
848, 2024/5/3 15:42:49,848.84,17.66,22.51,17.66,17.6,--,--,--,--,24.13,25.67,17.6,43.17,25.57,12.07646,,
849, 2024/5/3 15:42:50,849.84,17.71,22.5,17.68,17.6,--,--,--,--,24.13,25.69,17.6,43.21,25.61,12.09176,,
850, 2024/5/3 15:42:51,850.85,17.73,22.49,17.66,17.62,--,--,--,--,24.12,25.69,17.62,43.22,25.6,12.09696,,
851, 2024/5/3 15:42:52,851.84,17.74,22.49,17.65,17.61,--,--,--,--,24.13,25.68,17.61,43.23,25.62,12.10622,,
852, 2024/5/3 15:42:53,852.85,17.73,22.5,17.65,17.6,--,--,--,--,24.12,25.68,17.6,43.23,25.63,12.10805,,
853, 2024/5/3 15:42:54,853.85,17.71,22.53,17.68,17.63,--,--,--,--,24.13,25.71,17.63,43.24,25.61,12.09839,,
854, 2024/5/3 15:42:55,854.85,17.7,22.51,17.67,17.61,--,--,--,--,24.13,25.69,17.61,43.21,25.6,12.09135,,
855, 2024/5/3 15:42:56,855.85,17.68,22.5,17.64,17.64,--,--,--,--,24.12,25.68,17.64,43.18,25.54,12.07723,,
856, 2024/5/3 15:42:57,856.85,17.7,22.5,17.7,17.62,--,--,--,--,24.13,25.69,17.62,43.2,25.58,12.07806,,
857, 2024/5/3 15:42:58,857.85,17.7,22.52,17.69,17.57,--,--,--,--,24.12,25.69,17.57,43.22,25.65,12.1003,,
858, 2024/5/3 15:42:59,858.85,17.76,22.49,17.63,17.63,--,--,--,--,24.13,25.69,17.63,43.25,25.62,12.11588,,
859, 2024/5/3 15:43:00,859.86,17.72,22.49,17.68,17.59,--,--,--,--,24.13,25.68,17.59,43.21,25.62,12.09439,,
860, 2024/5/3 15:43:01,860.86,17.69,22.54,17.64,17.6,--,--,--,--,24.13,25.69,17.6,43.23,25.63,12.10871,,
861, 2024/5/3 15:43:02,861.86,17.72,22.48,17.67,17.59,--,--,--,--,24.12,25.67,17.59,43.2,25.61,12.09216,,
862, 2024/5/3 15:43:03,862.86,17.76,22.48,17.65,17.57,--,--,--,--,24.11,25.67,17.57,43.24,25.67,12.12035,,
863, 2024/5/3 15:43:04,863.86,17.71,22.53,17.67,17.56,--,--,--,--,24.13,25.69,17.56,43.24,25.68,12.11621,,
864, 2024/5/3 15:43:05,864.86,17.71,22.52,17.64,17.59,--,--,--,--,24.13,25.68,17.59,43.23,25.64,12.11171,,
865, 2024/5/3 15:43:06,865.86,17.68,22.52,17.65,17.6,--,--,--,--,24.12,25.68,17.6,43.2,25.6,12.09278,,
866, 2024/5/3 15:43:07,866.87,17.72,22.49,17.65,17.56,--,--,--,--,24.11,25.67,17.56,43.21,25.65,12.1077,,
