Index, Time, t(seconds), T1,T2,T3,T4,T5,T6,T7,T8,Tenv,Tavg,Tmin,Tmax,Trange,Tsigma,,one-layer
1, 2024/5/3 12:53:51,0.05,21.44,23.7,23.7,24.02,--,--,--,--,22.94,22.56,20.97,24.02,3.05,1.576037,,
2, 2024/5/3 12:53:52,1.05,21.43,23.78,23.64,24.05,--,--,--,--,22.91,22.57,21.05,24.05,3,1.545884,,
3, 2024/5/3 12:53:53,2.05,21.42,23.77,23.61,24.06,--,--,--,--,22.91,22.56,21.04,24.06,3.02,1.547304,,
4, 2024/5/3 12:53:54,3.05,21.45,23.78,23.63,24.05,--,--,--,--,22.92,22.57,21.05,24.05,3,1.538483,,
5, 2024/5/3 12:53:55,4.06,21.41,23.77,23.61,24.07,--,--,--,--,22.91,22.56,21.04,24.07,3.03,1.553003,,
6, 2024/5/3 12:53:56,5.06,21.43,23.79,23.61,24.09,--,--,--,--,22.93,22.57,21.06,24.09,3.03,1.548085,,
7, 2024/5/3 12:53:57,6.06,21.42,23.79,23.63,24.06,--,--,--,--,22.92,22.57,21.06,24.06,3,1.545772,,
8, 2024/5/3 12:53:58,7.06,21.42,23.74,23.64,24.05,--,--,--,--,22.92,22.56,21.01,24.05,3.04,1.561462,,
9, 2024/5/3 12:53:59,8.06,21.43,23.76,23.62,24.06,--,--,--,--,22.92,22.56,21.03,24.06,3.03,1.550629,,
10, 2024/5/3 12:54:00,9.06,21.43,23.79,23.65,24.03,--,--,--,--,22.92,22.57,21.06,24.03,2.97,1.538795,,
11, 2024/5/3 12:54:01,10.06,21.4,23.76,23.56,24.04,--,--,--,--,22.91,22.53,21.03,24.04,3.01,1.536649,,
12, 2024/5/3 12:54:02,11.07,21.41,23.75,23.6,24.04,--,--,--,--,22.93,22.54,21.02,24.04,3.02,1.547352,,
13, 2024/5/3 12:54:03,12.07,21.43,23.76,23.63,24.06,--,--,--,--,22.93,22.56,21.03,24.06,3.03,1.553126,,
14, 2024/5/3 12:54:04,13.07,21.41,23.75,23.62,24.04,--,--,--,--,22.93,22.55,21.02,24.04,3.02,1.55236,,
15, 2024/5/3 12:54:05,14.07,21.41,23.75,23.6,24.04,--,--,--,--,22.92,22.54,21.02,24.04,3.02,1.547352,,
16, 2024/5/3 12:54:06,15.07,21.38,23.78,23.59,24.02,--,--,--,--,22.92,22.54,21.05,24.02,2.97,1.536072,,
17, 2024/5/3 12:54:07,16.07,21.43,23.77,23.56,24.04,--,--,--,--,22.93,22.54,21.04,24.04,3,1.526047,,
18, 2024/5/3 12:54:08,17.07,21.42,23.75,23.6,24.01,--,--,--,--,22.93,22.54,21.02,24.01,2.99,1.535285,,
19, 2024/5/3 12:54:09,18.08,21.39,23.8,23.59,24.01,--,--,--,--,22.92,22.54,21.07,24.01,2.94,1.523898,,
20, 2024/5/3 12:54:10,19.08,21.38,23.79,23.58,24.04,--,--,--,--,22.92,22.54,21.06,24.04,2.98,1.53684,,
21, 2024/5/3 12:54:11,20.08,21.4,23.75,23.57,24.04,--,--,--,--,22.93,22.53,21.02,24.04,3.02,1.542368,,
22, 2024/5/3 12:54:12,21.08,21.4,23.79,23.61,24.02,--,--,--,--,22.92,22.55,21.06,24.02,2.96,1.532876,,
23, 2024/5/3 12:54:13,22.08,21.41,23.74,23.61,24.04,--,--,--,--,22.93,22.54,21.01,24.04,3.03,1.553133,,
24, 2024/5/3 12:54:14,23.08,21.38,23.74,23.61,24.02,--,--,--,--,22.92,22.53,21.01,24.02,3.01,1.554074,,
25, 2024/5/3 12:54:15,24.09,21.38,23.76,23.58,24.04,--,--,--,--,22.93,22.53,21.03,24.04,3.01,1.546511,,
26, 2024/5/3 12:54:16,25.08,21.44,23.75,23.59,24.07,--,--,--,--,22.92,22.56,21.02,24.07,3.05,1.54735,,
27, 2024/5/3 12:54:17,26.09,22.57,23.84,23.63,25.54,--,--,--,--,22.93,23.24,21.11,25.54,4.43,1.872236,,
28, 2024/5/3 12:54:18,27.09,23.88,23.83,23.64,27.11,--,--,--,--,22.93,23.96,21.1,27.11,6.01,2.46014,,
29, 2024/5/3 12:54:19,28.09,24.95,23.88,23.66,28.35,--,--,--,--,22.93,24.55,21.15,28.35,7.2,2.987982,,
30, 2024/5/3 12:54:20,29.09,25.8,23.89,23.69,29.28,--,--,--,--,22.93,25.01,21.16,29.28,8.12,3.423833,,
31, 2024/5/3 12:54:21,30.09,26.5,23.95,23.67,30.06,--,--,--,--,22.93,25.39,21.22,30.06,8.84,3.788328,,
32, 2024/5/3 12:54:22,31.09,27.08,24,23.72,30.69,--,--,--,--,22.93,25.72,21.27,30.69,9.42,4.080971,,
33, 2024/5/3 12:54:23,32.09,27.58,24.03,23.69,31.23,--,--,--,--,22.94,25.98,21.3,31.23,9.93,4.352046,,
34, 2024/5/3 12:54:24,33.1,28.07,24.06,23.73,31.64,--,--,--,--,22.93,26.22,21.33,31.64,10.31,4.561543,,
35, 2024/5/3 12:54:25,34.1,28.44,24.11,23.77,32.08,--,--,--,--,22.93,26.44,21.38,32.08,10.7,4.761583,,
36, 2024/5/3 12:54:26,35.1,28.8,24.14,23.73,32.44,--,--,--,--,22.93,26.62,21.41,32.44,11.03,4.951531,,
37, 2024/5/3 12:54:27,36.1,29.14,24.15,23.69,32.79,--,--,--,--,22.93,26.79,21.42,32.79,11.37,5.143261,,
38, 2024/5/3 12:54:28,37.1,29.46,24.19,23.75,33.08,--,--,--,--,22.93,26.96,21.46,33.08,11.62,5.279724,,
39, 2024/5/3 12:54:29,38.1,29.78,24.23,23.75,33.34,--,--,--,--,22.93,27.12,21.5,33.34,11.84,5.417297,,
40, 2024/5/3 12:54:30,39.1,30.07,24.29,23.74,33.58,--,--,--,--,22.93,27.26,21.56,33.58,12.02,5.5385,,
41, 2024/5/3 12:54:31,40.11,30.37,24.34,23.78,33.8,--,--,--,--,22.93,27.42,21.61,33.8,12.19,5.647846,,
42, 2024/5/3 12:54:32,41.11,30.67,24.39,23.77,34.04,--,--,--,--,22.93,27.56,21.66,34.04,12.38,5.77606,,
43, 2024/5/3 12:54:33,42.11,30.93,24.43,23.78,34.28,--,--,--,--,22.93,27.7,21.7,34.28,12.58,5.896937,,
44, 2024/5/3 12:54:34,43.11,31.2,24.46,23.77,34.51,--,--,--,--,22.93,27.83,21.73,34.51,12.78,6.02414,,
45, 2024/5/3 12:54:35,44.11,31.44,24.5,23.76,34.7,--,--,--,--,22.92,27.94,21.77,34.7,12.93,6.128157,,
46, 2024/5/3 12:54:36,45.11,31.68,24.6,23.81,34.92,--,--,--,--,22.94,28.1,21.87,34.92,13.05,6.210145,,
47, 2024/5/3 12:54:37,46.11,31.89,24.62,23.79,35.06,--,--,--,--,22.93,28.18,21.89,35.06,13.17,6.299912,,
48, 2024/5/3 12:54:38,47.12,32.14,24.68,23.83,35.23,--,--,--,--,22.93,28.31,21.95,35.23,13.28,6.381986,,
49, 2024/5/3 12:54:39,48.12,32.34,24.72,23.82,35.45,--,--,--,--,22.93,28.43,21.99,35.45,13.46,6.490559,,
50, 2024/5/3 12:54:40,49.12,32.64,24.78,23.8,35.68,--,--,--,--,22.93,28.57,22.05,35.68,13.63,6.619067,,
51, 2024/5/3 12:54:41,50.12,32.84,24.81,23.83,35.92,--,--,--,--,22.93,28.69,22.08,35.92,13.84,6.729164,,
52, 2024/5/3 12:54:42,51.12,33.05,24.89,23.86,36.07,--,--,--,--,22.94,28.81,22.16,36.07,13.91,6.792895,,
53, 2024/5/3 12:54:43,52.12,33.29,24.96,23.84,36.31,--,--,--,--,22.93,28.94,22.23,36.31,14.08,6.910463,,
54, 2024/5/3 12:54:44,53.12,33.44,25.03,23.86,36.51,--,--,--,--,22.94,29.05,22.3,36.51,14.21,6.985563,,
55, 2024/5/3 12:54:45,54.13,33.65,25.06,23.88,36.7,--,--,--,--,22.94,29.17,22.33,36.7,14.37,7.082677,,
56, 2024/5/3 12:54:46,55.13,33.82,25.09,23.88,36.9,--,--,--,--,22.94,29.27,22.36,36.9,14.54,7.179868,,
57, 2024/5/3 12:54:47,56.13,34.07,25.14,23.92,37.06,--,--,--,--,22.95,29.39,22.41,37.06,14.65,7.263807,,
58, 2024/5/3 12:54:48,57.13,34.23,25.23,23.91,37.21,--,--,--,--,22.94,29.49,22.5,37.21,14.71,7.324762,,
59, 2024/5/3 12:54:49,58.13,34.48,25.27,23.94,37.45,--,--,--,--,22.94,29.63,22.54,37.45,14.91,7.442917,,
60, 2024/5/3 12:54:50,59.13,34.69,25.31,23.94,37.62,--,--,--,--,22.93,29.73,22.58,37.62,15.04,7.53552,,
61, 2024/5/3 12:54:51,60.13,34.92,25.37,23.93,37.78,--,--,--,--,22.94,29.84,22.64,37.78,15.14,7.625526,,
62, 2024/5/3 12:54:52,61.13,35.16,25.42,23.95,37.95,--,--,--,--,22.95,29.96,22.69,37.95,15.26,7.717103,,
63, 2024/5/3 12:54:53,62.14,35.36,25.45,23.93,38.08,--,--,--,--,22.93,30.05,22.72,38.08,15.36,7.802697,,
64, 2024/5/3 12:54:54,63.14,35.6,25.51,23.95,38.26,--,--,--,--,22.94,30.17,22.78,38.26,15.48,7.895134,,
65, 2024/5/3 12:54:55,64.14,35.77,25.55,23.94,38.41,--,--,--,--,22.93,30.26,22.82,38.41,15.59,7.975475,,
66, 2024/5/3 12:54:56,65.14,36,25.64,24,38.6,--,--,--,--,22.94,30.4,22.91,38.6,15.69,8.049638,,
67, 2024/5/3 12:54:57,66.14,36.2,25.69,24.03,38.72,--,--,--,--,22.94,30.5,22.96,38.72,15.76,8.113506,,
68, 2024/5/3 12:54:58,67.14,36.39,25.75,24.02,38.88,--,--,--,--,22.94,30.6,23.02,38.88,15.86,8.196123,,
69, 2024/5/3 12:54:59,68.14,36.61,25.82,24.04,39.08,--,--,--,--,22.94,30.73,23.09,39.08,15.99,8.288439,,
70, 2024/5/3 12:55:00,69.15,36.82,25.88,24.06,39.21,--,--,--,--,22.94,30.84,23.15,39.21,16.06,8.358145,,
71, 2024/5/3 12:55:01,70.15,37.08,25.95,24.07,39.39,--,--,--,--,22.96,30.97,23.22,39.39,16.17,8.456376,,
72, 2024/5/3 12:55:02,71.15,37.28,26.03,24.08,39.52,--,--,--,--,22.94,31.07,23.3,39.52,16.22,8.520791,,
73, 2024/5/3 12:55:03,72.15,37.48,26.07,24.11,39.66,--,--,--,--,22.95,31.17,23.34,39.66,16.32,8.595476,,
74, 2024/5/3 12:55:04,73.15,37.67,26.15,24.11,39.8,--,--,--,--,22.94,31.28,23.42,39.8,16.38,8.663851,,
75, 2024/5/3 12:55:05,74.15,37.91,26.19,24.12,39.92,--,--,--,--,22.94,31.38,23.46,39.92,16.46,8.747655,,
76, 2024/5/3 12:55:06,75.15,38.08,26.26,24.15,40.09,--,--,--,--,22.94,31.49,23.53,40.09,16.56,8.816033,,
77, 2024/5/3 12:55:07,76.16,38.32,26.35,24.19,40.27,--,--,--,--,22.94,31.63,23.62,40.27,16.65,8.896465,,
78, 2024/5/3 12:55:08,77.16,38.54,26.41,24.17,40.4,--,--,--,--,22.94,31.72,23.68,40.4,16.72,8.981442,,
79, 2024/5/3 12:55:09,78.16,38.72,26.51,24.19,40.56,--,--,--,--,22.95,31.84,23.78,40.56,16.78,9.04321,,
80, 2024/5/3 12:55:10,79.16,38.94,26.55,24.22,40.74,--,--,--,--,22.95,31.96,23.82,40.74,16.92,9.136701,,
81, 2024/5/3 12:55:11,80.16,39.18,26.62,24.25,40.92,--,--,--,--,22.95,32.09,23.89,40.92,17.03,9.226493,,
82, 2024/5/3 12:55:12,81.16,39.35,26.69,24.25,41.08,--,--,--,--,22.95,32.19,23.96,41.08,17.12,9.300467,,
83, 2024/5/3 12:55:13,82.16,39.58,26.78,24.29,41.2,--,--,--,--,22.95,32.31,24.05,41.2,17.15,9.360181,,
84, 2024/5/3 12:55:14,83.17,39.76,26.84,24.27,41.35,--,--,--,--,22.94,32.4,24.11,41.35,17.24,9.442403,,
85, 2024/5/3 12:55:15,84.17,39.94,26.91,24.31,41.49,--,--,--,--,22.95,32.51,24.18,41.49,17.31,9.501652,,
86, 2024/5/3 12:55:16,85.17,40.16,27.01,24.34,41.66,--,--,--,--,22.95,32.64,24.28,41.66,17.38,9.57497,,
87, 2024/5/3 12:55:17,86.17,40.37,27.11,24.39,41.73,--,--,--,--,22.95,32.74,24.38,41.73,17.35,9.608832,,
88, 2024/5/3 12:55:18,87.17,40.57,27.17,24.38,41.91,--,--,--,--,22.95,32.85,24.44,41.91,17.47,9.703385,,
89, 2024/5/3 12:55:19,88.17,40.77,27.21,24.42,42.05,--,--,--,--,22.95,32.96,24.48,42.05,17.57,9.776981,,
90, 2024/5/3 12:55:20,89.17,40.97,27.3,24.43,42.16,--,--,--,--,22.94,33.06,24.53,42.16,17.63,9.835634,,
91, 2024/5/3 12:55:21,90.18,41.16,27.38,24.42,42.35,--,--,--,--,22.95,33.17,24.52,42.35,17.83,9.925143,,
92, 2024/5/3 12:55:22,91.18,41.32,27.45,24.48,42.45,--,--,--,--,22.95,33.27,24.58,42.45,17.87,9.961485,,
93, 2024/5/3 12:55:23,92.18,41.5,27.55,24.5,42.62,--,--,--,--,22.95,33.39,24.6,42.62,18.02,10.02786,,
94, 2024/5/3 12:55:24,93.18,41.74,27.59,24.5,42.74,--,--,--,--,22.94,33.49,24.6,42.74,18.14,10.1182,,
95, 2024/5/3 12:55:25,94.18,41.9,27.72,24.53,42.88,--,--,--,--,22.95,33.6,24.63,42.88,18.25,10.15876,,
96, 2024/5/3 12:55:26,95.18,42.06,27.81,24.54,43.02,--,--,--,--,22.95,33.7,24.64,43.02,18.38,10.21665,,
97, 2024/5/3 12:55:27,96.18,42.3,27.86,24.57,43.21,--,--,--,--,22.96,33.83,24.67,43.21,18.54,10.31699,,
98, 2024/5/3 12:55:28,97.19,42.48,27.92,24.62,43.34,--,--,--,--,22.95,33.93,24.72,43.34,18.62,10.37404,,
99, 2024/5/3 12:55:29,98.18,42.69,27.99,24.63,43.51,--,--,--,--,22.95,34.05,24.73,43.51,18.78,10.46052,,
100, 2024/5/3 12:55:30,99.19,42.89,28.1,24.67,43.61,--,--,--,--,22.96,34.16,24.77,43.61,18.84,10.5032,,
101, 2024/5/3 12:55:31,100.19,43.11,28.17,24.68,43.75,--,--,--,--,22.96,34.27,24.78,43.75,18.97,10.58371,,
102, 2024/5/3 12:55:32,101.19,43.31,28.23,24.69,43.9,--,--,--,--,22.95,34.38,24.79,43.9,19.11,10.66455,,
103, 2024/5/3 12:55:33,102.19,43.49,28.33,24.71,44.02,--,--,--,--,22.95,34.48,24.81,44.02,19.21,10.71689,,
104, 2024/5/3 12:55:34,103.19,43.64,28.42,24.75,44.12,--,--,--,--,22.95,34.58,24.85,44.12,19.27,10.75175,,
105, 2024/5/3 12:55:35,104.19,43.85,28.51,24.77,44.29,--,--,--,--,22.96,34.7,24.87,44.29,19.42,10.83029,,
106, 2024/5/3 12:55:36,105.2,44.03,28.6,24.81,44.44,--,--,--,--,22.96,34.81,24.91,44.44,19.53,10.88851,,
107, 2024/5/3 12:55:37,106.2,44.2,28.67,24.83,44.55,--,--,--,--,22.95,34.91,24.93,44.55,19.62,10.94372,,
108, 2024/5/3 12:55:38,107.2,44.35,28.72,24.88,44.67,--,--,--,--,22.95,35,24.98,44.67,19.69,10.9926,,
109, 2024/5/3 12:55:39,108.2,44.55,28.83,24.87,44.79,--,--,--,--,22.95,35.1,24.97,44.79,19.82,11.05766,,
110, 2024/5/3 12:55:40,109.2,44.79,28.91,24.89,44.91,--,--,--,--,22.95,35.22,24.99,44.91,19.92,11.13336,,
111, 2024/5/3 12:55:41,110.2,44.93,28.97,24.94,45.05,--,--,--,--,22.96,35.32,25.04,45.05,20.01,11.18257,,
112, 2024/5/3 12:55:42,111.2,45.1,29.09,24.92,45.19,--,--,--,--,22.95,35.42,25.02,45.19,20.17,11.24572,,
113, 2024/5/3 12:55:43,112.21,45.32,29.18,25.01,45.33,--,--,--,--,22.96,35.55,25.11,45.33,20.22,11.29756,,
114, 2024/5/3 12:55:44,113.21,45.48,29.24,25.03,45.48,--,--,--,--,22.96,35.65,25.13,45.48,20.35,11.36468,,
115, 2024/5/3 12:55:45,114.21,45.66,29.32,25.02,45.6,--,--,--,--,22.96,35.74,25.12,45.66,20.54,11.43289,,
116, 2024/5/3 12:55:46,115.21,45.83,29.45,25.08,45.75,--,--,--,--,22.96,35.87,25.18,45.83,20.65,11.47192,,
117, 2024/5/3 12:55:47,116.21,46.02,29.52,25.11,45.86,--,--,--,--,22.96,35.97,25.21,46.02,20.81,11.5306,,
118, 2024/5/3 12:55:48,117.21,46.22,29.6,25.12,46.02,--,--,--,--,22.96,36.08,25.22,46.22,21,11.61015,,
119, 2024/5/3 12:55:49,118.21,46.38,29.68,25.15,46.14,--,--,--,--,22.96,36.18,25.25,46.38,21.13,11.66047,,
120, 2024/5/3 12:55:50,119.21,46.59,29.77,25.18,46.3,--,--,--,--,22.96,36.3,25.28,46.59,21.31,11.73417,,
121, 2024/5/3 12:55:51,120.22,46.74,29.84,25.2,46.39,--,--,--,--,22.96,36.39,25.3,46.74,21.44,11.77892,,
122, 2024/5/3 12:55:52,121.22,46.89,29.93,25.26,46.54,--,--,--,--,22.97,36.5,25.36,46.89,21.53,11.82291,,
123, 2024/5/3 12:55:53,122.22,47.09,30.03,25.27,46.65,--,--,--,--,22.96,36.6,25.37,47.09,21.72,11.8834,,
124, 2024/5/3 12:55:54,123.22,47.31,30.13,25.32,46.73,--,--,--,--,22.96,36.72,25.42,47.31,21.89,11.92896,,
125, 2024/5/3 12:55:55,124.22,47.47,30.22,25.35,46.89,--,--,--,--,22.97,36.83,25.45,47.47,22.02,11.98823,,
126, 2024/5/3 12:55:56,125.22,47.64,30.3,25.38,47.01,--,--,--,--,22.96,36.93,25.48,47.64,22.16,12.04191,,
127, 2024/5/3 12:55:57,126.23,47.8,30.4,25.4,47.13,--,--,--,--,22.97,37.03,25.5,47.8,22.3,12.09068,,
128, 2024/5/3 12:55:58,127.23,47.97,30.48,25.46,47.2,--,--,--,--,22.96,37.12,25.56,47.97,22.41,12.12105,,
129, 2024/5/3 12:55:59,128.23,48.12,30.56,25.46,47.38,--,--,--,--,22.97,37.22,25.56,48.12,22.56,12.19512,,
130, 2024/5/3 12:56:00,129.23,48.29,30.69,25.49,47.51,--,--,--,--,22.97,37.34,25.59,48.29,22.7,12.23898,,
131, 2024/5/3 12:56:01,130.23,48.5,30.77,25.53,47.63,--,--,--,--,22.97,37.45,25.63,48.5,22.87,12.3017,,
132, 2024/5/3 12:56:02,131.23,48.66,30.86,25.52,47.74,--,--,--,--,22.97,37.54,25.62,48.66,23.04,12.36027,,
133, 2024/5/3 12:56:03,132.23,48.87,30.96,25.59,47.87,--,--,--,--,22.97,37.67,25.69,48.87,23.18,12.4112,,
134, 2024/5/3 12:56:04,133.23,49.06,31.03,25.59,47.97,--,--,--,--,22.97,37.76,25.69,49.06,23.37,12.47812,,
135, 2024/5/3 12:56:05,134.24,49.22,31.13,25.65,48.15,--,--,--,--,22.97,37.88,25.75,49.22,23.47,12.53097,,
136, 2024/5/3 12:56:06,135.24,49.33,31.19,25.69,48.25,--,--,--,--,22.97,37.96,25.79,49.33,23.54,12.56344,,
137, 2024/5/3 12:56:07,136.24,49.56,31.31,25.69,48.36,--,--,--,--,22.96,38.07,25.79,49.56,23.77,12.6328,,
138, 2024/5/3 12:56:08,137.24,49.74,31.38,25.75,48.52,--,--,--,--,22.97,38.19,25.85,49.74,23.89,12.69381,,
139, 2024/5/3 12:56:09,138.24,49.92,31.47,25.8,48.61,--,--,--,--,22.97,38.29,25.9,49.92,24.02,12.73412,,
140, 2024/5/3 12:56:10,139.24,50.07,31.58,25.79,48.7,--,--,--,--,22.97,38.38,25.89,50.07,24.18,12.77993,,
141, 2024/5/3 12:56:11,140.24,50.24,31.66,25.85,48.81,--,--,--,--,22.96,38.48,25.95,50.24,24.29,12.82199,,
142, 2024/5/3 12:56:12,141.25,50.42,31.77,25.86,48.92,--,--,--,--,22.96,38.59,25.96,50.42,24.46,12.87604,,
143, 2024/5/3 12:56:13,142.25,50.58,31.86,25.87,49.09,--,--,--,--,22.96,38.69,25.97,50.58,24.61,12.94507,,
144, 2024/5/3 12:56:14,143.25,50.72,31.97,25.88,49.21,--,--,--,--,22.96,38.79,25.98,50.72,24.74,12.98974,,
145, 2024/5/3 12:56:15,144.25,50.93,32.03,25.96,49.31,--,--,--,--,22.97,38.9,26.06,50.93,24.87,13.03987,,
146, 2024/5/3 12:56:16,145.25,51.1,32.15,25.99,49.46,--,--,--,--,22.97,39.02,26.09,51.1,25.01,13.09281,,
147, 2024/5/3 12:56:17,146.25,51.3,32.23,26.02,49.55,--,--,--,--,22.97,39.12,26.12,51.3,25.18,13.14891,,
148, 2024/5/3 12:56:18,147.25,51.46,32.35,26.05,49.68,--,--,--,--,22.98,39.23,26.15,51.46,25.31,13.19361,,
149, 2024/5/3 12:56:19,148.26,51.56,32.41,26.12,49.8,--,--,--,--,22.98,39.32,26.22,51.56,25.34,13.21852,,
150, 2024/5/3 12:56:20,149.26,51.78,32.53,26.1,49.9,--,--,--,--,22.97,39.42,26.2,51.78,25.58,13.29051,,
151, 2024/5/3 12:56:21,150.26,51.92,32.64,26.15,50.02,--,--,--,--,22.96,39.53,26.25,51.92,25.67,13.32235,,
152, 2024/5/3 12:56:22,151.26,52.11,32.7,26.21,50.16,--,--,--,--,22.98,39.64,26.31,52.11,25.8,13.38369,,
153, 2024/5/3 12:56:23,152.26,52.33,32.81,26.22,50.26,--,--,--,--,22.98,39.75,26.32,52.33,26.01,13.44855,,
154, 2024/5/3 12:56:24,153.26,52.47,32.89,26.26,50.37,--,--,--,--,22.97,39.84,26.36,52.47,26.11,13.4884,,
155, 2024/5/3 12:56:25,154.26,52.62,33,26.31,50.49,--,--,--,--,22.97,39.95,26.41,52.62,26.21,13.52349,,
156, 2024/5/3 12:56:26,155.27,52.82,33.09,26.35,50.57,--,--,--,--,22.97,40.05,26.45,52.82,26.37,13.57202,,
157, 2024/5/3 12:56:27,156.27,52.94,33.19,26.41,50.72,--,--,--,--,22.98,40.16,26.51,52.94,26.43,13.60459,,
158, 2024/5/3 12:56:28,157.27,53.17,33.32,26.4,50.82,--,--,--,--,22.98,40.27,26.5,53.17,26.67,13.67513,,
159, 2024/5/3 12:56:29,158.27,53.32,33.36,26.46,50.96,--,--,--,--,22.97,40.37,26.56,53.32,26.76,13.72873,,
160, 2024/5/3 12:56:30,159.27,53.47,33.51,26.49,51.05,--,--,--,--,22.98,40.47,26.59,53.47,26.88,13.75363,,
161, 2024/5/3 12:56:31,160.27,53.64,33.57,26.54,51.18,--,--,--,--,22.98,40.58,26.64,53.64,27,13.80959,,
162, 2024/5/3 12:56:32,161.27,53.85,33.67,26.57,51.29,--,--,--,--,22.98,40.69,26.67,53.85,27.18,13.87045,,
163, 2024/5/3 12:56:33,162.28,53.99,33.72,26.61,51.44,--,--,--,--,22.98,40.78,26.71,53.99,27.28,13.92777,,
164, 2024/5/3 12:56:34,163.28,54.14,33.85,26.62,51.51,--,--,--,--,22.96,40.87,26.72,54.14,27.42,13.95932,,
165, 2024/5/3 12:56:35,164.28,54.31,33.95,26.66,51.65,--,--,--,--,22.97,40.99,26.76,54.31,27.55,14.01194,,
166, 2024/5/3 12:56:36,165.28,54.49,34.08,26.69,51.75,--,--,--,--,22.97,41.1,26.79,54.49,27.7,14.0541,,
167, 2024/5/3 12:56:37,166.28,54.68,34.14,26.74,51.92,--,--,--,--,22.98,41.21,26.84,54.68,27.84,14.12659,,
168, 2024/5/3 12:56:38,167.28,54.82,34.26,26.75,51.97,--,--,--,--,22.97,41.29,26.85,54.82,27.97,14.15267,,
169, 2024/5/3 12:56:39,168.28,55,34.38,26.84,52.11,--,--,--,--,22.98,41.43,26.94,55,28.06,14.18703,,
170, 2024/5/3 12:56:40,169.29,55.19,34.41,26.86,52.23,--,--,--,--,22.98,41.52,26.96,55.19,28.23,14.26408,,
171, 2024/5/3 12:56:41,170.29,55.34,34.54,26.87,52.31,--,--,--,--,22.97,41.61,26.97,55.34,28.37,14.29886,,
172, 2024/5/3 12:56:42,171.29,55.5,34.62,26.96,52.48,--,--,--,--,22.99,41.73,27.06,55.5,28.44,14.34352,,
173, 2024/5/3 12:56:43,172.29,55.68,34.74,26.96,52.58,--,--,--,--,22.97,41.83,27.06,55.68,28.62,14.39873,,
174, 2024/5/3 12:56:44,173.29,55.86,34.82,27.02,52.7,--,--,--,--,22.97,41.94,27.12,55.86,28.74,14.44759,,
175, 2024/5/3 12:56:45,174.29,56.01,34.95,27.06,52.79,--,--,--,--,22.99,42.05,27.16,56.01,28.85,14.47492,,
176, 2024/5/3 12:56:46,175.29,56.16,35.02,27.09,52.93,--,--,--,--,22.97,42.14,27.19,56.16,28.97,14.53168,,
177, 2024/5/3 12:56:47,176.3,56.32,35.17,27.16,53.03,--,--,--,--,22.99,42.26,27.26,56.32,29.06,14.55001,,
178, 2024/5/3 12:56:48,177.3,56.51,35.22,27.19,53.14,--,--,--,--,22.97,42.36,27.29,56.51,29.22,14.6168,,
179, 2024/5/3 12:56:49,178.3,56.7,35.36,27.23,53.26,--,--,--,--,22.99,42.48,27.33,56.7,29.37,14.66244,,
180, 2024/5/3 12:56:50,179.3,56.81,35.44,27.28,53.35,--,--,--,--,22.98,42.56,27.38,56.81,29.43,14.68493,,
181, 2024/5/3 12:56:51,180.3,57,35.51,27.3,53.49,--,--,--,--,22.98,42.67,27.4,57,29.6,14.75812,,
182, 2024/5/3 12:56:52,181.3,57.2,35.61,27.33,53.58,--,--,--,--,22.97,42.77,27.43,57.2,29.77,14.81226,,
183, 2024/5/3 12:56:53,182.3,57.35,35.75,27.37,53.73,--,--,--,--,22.98,42.89,27.47,57.35,29.88,14.8525,,
184, 2024/5/3 12:56:54,183.3,57.51,35.8,27.42,53.87,--,--,--,--,22.98,42.99,27.52,57.51,29.99,14.91009,,
185, 2024/5/3 12:56:55,184.31,57.7,35.92,27.45,53.92,--,--,--,--,22.98,43.09,27.55,57.7,30.15,14.94705,,
186, 2024/5/3 12:56:56,185.31,57.85,36.01,27.47,54.06,--,--,--,--,22.98,43.19,27.57,57.85,30.28,15.00294,,
187, 2024/5/3 12:56:57,186.31,58.02,36.12,27.53,54.17,--,--,--,--,22.97,43.3,27.63,58.02,30.39,15.03986,,
188, 2024/5/3 12:56:58,187.31,58.14,36.21,27.54,54.26,--,--,--,--,22.98,43.38,27.64,58.14,30.5,15.07746,,
189, 2024/5/3 12:56:59,188.31,58.32,36.32,27.62,54.37,--,--,--,--,22.98,43.5,27.72,58.32,30.6,15.11077,,
190, 2024/5/3 12:57:00,189.31,58.46,36.43,27.63,54.5,--,--,--,--,22.99,43.6,27.73,58.46,30.73,15.16022,,
191, 2024/5/3 12:57:01,190.31,58.63,36.52,27.67,54.59,--,--,--,--,22.98,43.7,27.77,58.63,30.86,15.20384,,
192, 2024/5/3 12:57:02,191.32,58.82,36.62,27.71,54.72,--,--,--,--,22.98,43.81,27.81,58.82,31.01,15.26144,,
193, 2024/5/3 12:57:03,192.32,58.99,36.72,27.77,54.82,--,--,--,--,22.99,43.92,27.87,58.99,31.12,15.29839,,
194, 2024/5/3 12:57:04,193.32,59.12,36.83,27.77,54.94,--,--,--,--,22.98,44.01,27.87,59.12,31.25,15.34584,,
195, 2024/5/3 12:57:05,194.32,59.34,36.91,27.81,55.07,--,--,--,--,22.98,44.13,27.91,59.34,31.43,15.41772,,
196, 2024/5/3 12:57:06,195.32,59.49,37.03,27.86,55.19,--,--,--,--,22.99,44.24,27.96,59.49,31.53,15.45215,,
197, 2024/5/3 12:57:07,196.32,59.61,37.1,27.93,55.29,--,--,--,--,22.98,44.33,28.03,59.61,31.58,15.47569,,
198, 2024/5/3 12:57:08,197.32,59.77,37.23,27.93,55.39,--,--,--,--,22.97,44.42,28.03,59.77,31.74,15.52419,,
199, 2024/5/3 12:57:09,198.33,59.94,37.28,28.03,55.5,--,--,--,--,22.99,44.53,28.13,59.94,31.81,15.56031,,
200, 2024/5/3 12:57:10,199.33,60.14,37.43,28.02,55.62,--,--,--,--,22.99,44.65,28.12,60.14,32.02,15.62609,,
201, 2024/5/3 12:57:11,200.33,60.26,37.53,28.12,55.71,--,--,--,--,22.99,44.75,28.22,60.26,32.04,15.63037,,
202, 2024/5/3 12:57:12,201.33,60.4,37.62,28.12,55.8,--,--,--,--,22.98,44.83,28.22,60.4,32.18,15.67866,,
203, 2024/5/3 12:57:13,202.33,60.58,37.71,28.16,55.92,--,--,--,--,22.99,44.94,28.26,60.58,32.32,15.73313,,
204, 2024/5/3 12:57:14,203.33,60.72,37.82,28.22,56.03,--,--,--,--,22.99,45.04,28.32,60.72,32.4,15.76075,,
205, 2024/5/3 12:57:15,204.33,60.89,37.93,28.24,56.14,--,--,--,--,22.99,45.14,28.34,60.89,32.55,15.8125,,
206, 2024/5/3 12:57:16,205.34,61.03,38.02,28.3,56.26,--,--,--,--,22.98,45.25,28.4,61.03,32.63,15.84669,,
207, 2024/5/3 12:57:17,206.34,61.17,38.13,28.33,56.33,--,--,--,--,22.98,45.33,28.43,61.17,32.74,15.87577,,
208, 2024/5/3 12:57:18,207.34,61.37,38.23,28.38,56.51,--,--,--,--,22.99,45.47,28.48,61.37,32.89,15.94524,,
209, 2024/5/3 12:57:19,208.34,61.51,38.37,28.39,56.55,--,--,--,--,22.99,45.55,28.49,61.51,33.02,15.96844,,
210, 2024/5/3 12:57:20,209.34,61.64,38.46,28.44,56.66,--,--,--,--,22.98,45.64,28.54,61.64,33.1,16.00061,,
211, 2024/5/3 12:57:21,210.34,61.79,38.54,28.48,56.79,--,--,--,--,22.99,45.74,28.58,61.79,33.21,16.04967,,
212, 2024/5/3 12:57:22,211.34,61.93,38.65,28.54,56.87,--,--,--,--,22.98,45.84,28.64,61.93,33.29,16.07063,,
213, 2024/5/3 12:57:23,212.35,62.12,38.77,28.6,57,--,--,--,--,23,45.97,28.7,62.12,33.42,16.1177,,
214, 2024/5/3 12:57:24,213.34,62.29,38.84,28.61,57.09,--,--,--,--,22.99,46.05,28.71,62.29,33.58,16.17713,,
215, 2024/5/3 12:57:25,214.35,62.41,38.95,28.67,57.19,--,--,--,--,22.99,46.15,28.77,62.41,33.64,16.19607,,
216, 2024/5/3 12:57:26,215.35,62.59,39.08,28.72,57.27,--,--,--,--,22.99,46.26,28.82,62.59,33.77,16.23012,,
217, 2024/5/3 12:57:27,216.35,62.74,39.16,28.74,57.41,--,--,--,--,22.99,46.36,28.84,62.74,33.9,16.28867,,
218, 2024/5/3 12:57:28,217.35,62.89,39.24,28.79,57.5,--,--,--,--,22.99,46.45,28.89,62.89,34,16.32517,,
219, 2024/5/3 12:57:29,218.35,63.02,39.35,28.86,57.65,--,--,--,--,23,46.56,28.96,63.02,34.06,16.35526,,
220, 2024/5/3 12:57:30,219.36,63.2,39.46,28.89,57.74,--,--,--,--,23,46.67,28.99,63.2,34.21,16.40296,,
221, 2024/5/3 12:57:31,220.36,63.35,39.6,28.91,57.84,--,--,--,--,22.99,46.77,29.01,63.35,34.34,16.44049,,
222, 2024/5/3 12:57:32,221.36,63.49,39.69,28.98,57.94,--,--,--,--,22.99,46.87,29.08,63.49,34.41,16.46675,,
223, 2024/5/3 12:57:33,222.36,63.66,39.77,29.02,58.05,--,--,--,--,22.99,46.97,29.12,63.66,34.54,16.51817,,
224, 2024/5/3 12:57:34,223.36,63.79,39.85,29.05,58.15,--,--,--,--,23,47.05,29.15,63.79,34.64,16.5575,,
225, 2024/5/3 12:57:35,224.36,63.92,39.95,29.11,58.23,--,--,--,--,22.99,47.15,29.21,63.92,34.71,16.57757,,
226, 2024/5/3 12:57:36,225.36,64.11,40.09,29.19,58.34,--,--,--,--,22.99,47.28,29.29,64.11,34.82,16.60943,,
227, 2024/5/3 12:57:37,226.36,64.25,40.19,29.21,58.49,--,--,--,--,23,47.38,29.31,64.25,34.94,16.66294,,
228, 2024/5/3 12:57:38,227.37,64.38,40.29,29.22,58.56,--,--,--,--,22.99,47.46,29.32,64.38,35.06,16.69896,,
229, 2024/5/3 12:57:39,228.37,64.52,40.39,29.27,58.68,--,--,--,--,22.99,47.56,29.37,64.52,35.15,16.73501,,
230, 2024/5/3 12:57:40,229.37,64.71,40.5,29.33,58.73,--,--,--,--,22.99,47.66,29.43,64.71,35.28,16.76695,,
231, 2024/5/3 12:57:41,230.37,64.84,40.56,29.36,58.86,--,--,--,--,22.99,47.75,29.46,64.84,35.38,16.81696,,
232, 2024/5/3 12:57:42,231.37,64.97,40.68,29.4,58.95,--,--,--,--,23,47.84,29.5,64.97,35.47,16.84277,,
233, 2024/5/3 12:57:43,232.37,65.12,40.77,29.45,59.07,--,--,--,--,22.99,47.95,29.55,65.12,35.57,16.88423,,
234, 2024/5/3 12:57:44,233.37,65.27,40.89,29.53,59.17,--,--,--,--,23,48.06,29.63,65.27,35.64,16.90454,,
235, 2024/5/3 12:57:45,234.38,65.4,40.97,29.53,59.27,--,--,--,--,22.99,48.14,29.63,65.4,35.77,16.95498,,
236, 2024/5/3 12:57:46,235.38,65.53,41.08,29.58,59.37,--,--,--,--,23,48.23,29.68,65.53,35.85,16.98143,,
237, 2024/5/3 12:57:47,236.38,65.68,41.16,29.63,59.45,--,--,--,--,22.99,48.32,29.73,65.68,35.95,17.01613,,
238, 2024/5/3 12:57:48,237.38,65.87,41.29,29.73,59.61,--,--,--,--,23,48.47,29.83,65.87,36.04,17.05401,,
239, 2024/5/3 12:57:49,238.38,66.03,41.37,29.74,59.71,--,--,--,--,23.01,48.56,29.84,66.03,36.19,17.11109,,
240, 2024/5/3 12:57:50,239.38,66.12,41.49,29.77,59.79,--,--,--,--,22.99,48.64,29.87,66.12,36.25,17.12504,,
241, 2024/5/3 12:57:51,240.38,66.33,41.62,29.81,59.88,--,--,--,--,23,48.75,29.91,66.33,36.42,17.17652,,
242, 2024/5/3 12:57:52,241.38,66.44,41.75,29.88,60.02,--,--,--,--,23,48.87,29.98,66.44,36.46,17.19382,,
243, 2024/5/3 12:57:53,242.39,66.62,41.83,29.91,60.06,--,--,--,--,23,48.95,30.01,66.62,36.61,17.23763,,
244, 2024/5/3 12:57:54,243.39,66.77,41.94,29.97,60.17,--,--,--,--,23.01,49.06,30.07,66.77,36.7,17.26961,,
245, 2024/5/3 12:57:55,244.39,66.93,42.07,30.03,60.29,--,--,--,--,23,49.17,30.13,66.93,36.8,17.3034,,
246, 2024/5/3 12:57:56,245.39,67.09,42.17,30.07,60.39,--,--,--,--,23,49.27,30.17,67.09,36.92,17.34594,,
247, 2024/5/3 12:57:57,246.39,67.17,42.29,30.11,60.36,--,--,--,--,23,49.33,30.21,67.17,36.96,17.32968,,
248, 2024/5/3 12:57:58,247.39,66.16,42.29,30.1,58.96,--,--,--,--,22.99,48.72,30.2,66.16,35.96,16.69238,,
249, 2024/5/3 12:57:59,248.39,64.91,42.39,30.16,57.43,--,--,--,--,23.01,48.07,30.26,64.91,34.65,15.90722,,
250, 2024/5/3 12:58:00,249.39,63.93,42.46,30.16,56.31,--,--,--,--,23,47.56,30.26,63.93,33.67,15.33121,,
251, 2024/5/3 12:58:01,250.4,63.19,42.53,30.23,55.41,--,--,--,--,23,47.18,30.33,63.19,32.86,14.85979,,
252, 2024/5/3 12:58:02,251.4,62.54,42.61,30.2,54.76,--,--,--,--,22.99,46.87,30.3,62.54,32.24,14.50547,,
253, 2024/5/3 12:58:03,252.4,62.05,42.68,30.25,54.27,--,--,--,--,23.01,46.66,30.35,62.05,31.7,14.21037,,
254, 2024/5/3 12:58:04,253.4,61.57,42.72,30.3,53.79,--,--,--,--,23,46.44,30.4,61.57,31.17,13.92627,,
255, 2024/5/3 12:58:05,254.4,61.26,42.82,30.35,53.41,--,--,--,--,23.01,46.3,30.45,61.26,30.81,13.71301,,
256, 2024/5/3 12:58:06,255.4,60.92,42.86,30.36,53.11,--,--,--,--,22.99,46.16,30.46,60.92,30.46,13.52788,,
257, 2024/5/3 12:58:07,256.4,60.63,42.96,30.39,52.84,--,--,--,--,23,46.05,30.49,60.63,30.14,13.34999,,
258, 2024/5/3 12:58:08,257.41,60.39,43.05,30.46,52.6,--,--,--,--,23,45.97,30.56,60.39,29.83,13.18185,,
259, 2024/5/3 12:58:09,258.41,60.2,43.05,30.48,52.31,--,--,--,--,23.01,45.85,30.58,60.2,29.62,13.05639,,
260, 2024/5/3 12:58:10,259.41,59.99,43.15,30.53,52.18,--,--,--,--,23.01,45.81,30.63,59.99,29.36,12.92457,,
261, 2024/5/3 12:58:11,260.41,59.8,43.23,30.56,51.99,--,--,--,--,23.01,45.74,30.66,59.8,29.14,12.80117,,
262, 2024/5/3 12:58:12,261.41,59.63,43.3,30.61,51.83,--,--,--,--,23,45.69,30.71,59.63,28.92,12.68382,,
263, 2024/5/3 12:58:13,262.41,59.48,43.34,30.65,51.69,--,--,--,--,23.01,45.63,30.75,59.48,28.73,12.58519,,
264, 2024/5/3 12:58:14,263.42,59.36,43.37,30.66,51.5,--,--,--,--,23,45.57,30.76,59.36,28.6,12.50293,,
265, 2024/5/3 12:58:15,264.42,59.19,43.46,30.71,51.39,--,--,--,--,22.99,45.53,30.81,59.19,28.38,12.39158,,
266, 2024/5/3 12:58:16,265.42,59.04,43.53,30.79,51.29,--,--,--,--,23.01,45.51,30.89,59.04,28.15,12.28004,,
267, 2024/5/3 12:58:17,266.42,58.95,43.55,30.81,51.15,--,--,--,--,23.01,45.46,30.91,58.95,28.04,12.21459,,
268, 2024/5/3 12:58:18,267.42,58.82,43.62,30.83,50.98,--,--,--,--,23,45.41,30.93,58.82,27.89,12.12372,,
269, 2024/5/3 12:58:19,268.42,58.7,43.64,30.9,50.89,--,--,--,--,23.01,45.38,31,58.7,27.7,12.03533,,
270, 2024/5/3 12:58:20,269.42,58.6,43.72,30.93,50.76,--,--,--,--,23.01,45.35,31.03,58.6,27.57,11.9569,,
271, 2024/5/3 12:58:21,270.43,58.46,43.82,30.91,50.68,--,--,--,--,23.01,45.31,31.01,58.46,27.45,11.88918,,
272, 2024/5/3 12:58:22,271.43,58.37,43.83,30.97,50.58,--,--,--,--,23.01,45.28,31.07,58.37,27.3,11.81573,,
273, 2024/5/3 12:58:23,272.43,58.26,43.9,31.02,50.49,--,--,--,--,23.01,45.26,31.12,58.26,27.14,11.73343,,
274, 2024/5/3 12:58:24,273.43,58.18,43.95,31.09,50.38,--,--,--,--,23.02,45.24,31.19,58.18,26.99,11.6537,,
275, 2024/5/3 12:58:25,274.43,58.04,44.01,31.13,50.26,--,--,--,--,23.01,45.2,31.23,58.04,26.81,11.56138,,
276, 2024/5/3 12:58:26,275.43,58.01,44.05,31.14,50.15,--,--,--,--,23.02,45.18,31.24,58.01,26.77,11.52581,,
277, 2024/5/3 12:58:27,276.43,57.88,44.08,31.18,50.05,--,--,--,--,23.01,45.14,31.28,57.88,26.6,11.44377,,
278, 2024/5/3 12:58:28,277.44,57.78,44.17,31.23,49.95,--,--,--,--,23.01,45.13,31.33,57.78,26.45,11.36238,,
279, 2024/5/3 12:58:29,278.44,57.7,44.21,31.26,49.87,--,--,--,--,23.01,45.1,31.36,57.7,26.34,11.30494,,
280, 2024/5/3 12:58:30,279.44,57.58,44.24,31.3,49.81,--,--,--,--,23.02,45.08,31.4,57.58,26.18,11.23254,,
281, 2024/5/3 12:58:31,280.44,57.49,44.24,31.31,49.7,--,--,--,--,23.01,45.03,31.41,57.49,26.08,11.17968,,
282, 2024/5/3 12:58:32,281.44,57.42,44.34,31.33,49.64,--,--,--,--,23.02,45.03,31.43,57.42,25.99,11.12685,,
283, 2024/5/3 12:58:33,282.44,57.31,44.32,31.4,49.54,--,--,--,--,23.01,44.99,31.5,57.31,25.81,11.04574,,
284, 2024/5/3 12:58:34,283.44,57.28,44.43,31.42,49.42,--,--,--,--,23.02,44.98,31.52,57.28,25.76,10.99899,,
285, 2024/5/3 12:58:35,284.45,57.17,44.45,31.46,49.39,--,--,--,--,23.02,44.96,31.56,57.17,25.61,10.93567,,
286, 2024/5/3 12:58:36,285.44,57.07,44.49,31.48,49.29,--,--,--,--,23.01,44.93,31.58,57.07,25.49,10.87291,,
287, 2024/5/3 12:58:37,286.45,57,44.54,31.52,49.21,--,--,--,--,23.02,44.91,31.62,57,25.38,10.81499,,
288, 2024/5/3 12:58:38,287.45,56.94,44.57,31.49,49.09,--,--,--,--,23.01,44.87,31.59,56.94,25.35,10.78629,,
289, 2024/5/3 12:58:39,288.45,56.84,44.62,31.56,49.04,--,--,--,--,23.01,44.86,31.66,56.84,25.18,10.70909,,
290, 2024/5/3 12:58:40,289.45,56.77,44.64,31.63,48.97,--,--,--,--,23.02,44.85,31.73,56.77,25.04,10.64329,,
291, 2024/5/3 12:58:41,290.45,56.67,44.68,31.62,48.87,--,--,--,--,23.01,44.8,31.72,56.67,24.95,10.59356,,
292, 2024/5/3 12:58:42,291.45,56.63,44.69,31.66,48.81,--,--,--,--,23.01,44.79,31.76,56.63,24.87,10.55361,,
293, 2024/5/3 12:58:43,292.45,56.52,44.74,31.7,48.76,--,--,--,--,23.02,44.77,31.8,56.52,24.72,10.48524,,
294, 2024/5/3 12:58:44,293.46,56.38,44.79,31.74,48.71,--,--,--,--,23.01,44.75,31.84,56.38,24.54,10.40581,,
295, 2024/5/3 12:58:45,294.46,56.36,44.8,31.77,48.62,--,--,--,--,23.02,44.73,31.87,56.36,24.49,10.37375,,
296, 2024/5/3 12:58:46,295.46,56.29,44.86,31.82,48.53,--,--,--,--,23.01,44.72,31.92,56.29,24.37,10.31066,,
297, 2024/5/3 12:58:47,296.46,56.25,44.9,31.81,48.47,--,--,--,--,23.02,44.7,31.91,56.25,24.34,10.28916,,
298, 2024/5/3 12:58:48,297.46,56.15,44.95,31.84,48.41,--,--,--,--,23.02,44.68,31.94,56.15,24.21,10.22795,,
299, 2024/5/3 12:58:49,298.46,56.1,44.98,31.9,48.32,--,--,--,--,23.02,44.67,32,56.1,24.1,10.17108,,
300, 2024/5/3 12:58:50,299.46,56.03,44.98,31.93,48.26,--,--,--,--,23.02,44.64,32.03,56.03,24,10.12523,,
301, 2024/5/3 12:58:51,300.47,55.91,45.06,31.96,48.21,--,--,--,--,23.03,44.63,32.06,55.91,23.85,10.05567,,
302, 2024/5/3 12:58:52,301.47,55.91,45.05,31.98,48.14,--,--,--,--,23.02,44.61,32.08,55.91,23.83,10.03985,,
303, 2024/5/3 12:58:53,302.47,55.78,45.1,32.03,48.08,--,--,--,--,23.02,44.59,32.13,55.78,23.65,9.959517,,
304, 2024/5/3 12:58:54,303.47,55.71,45.14,32.04,48.01,--,--,--,--,23.03,44.57,32.14,55.71,23.57,9.918059,,
305, 2024/5/3 12:58:55,304.47,55.63,45.16,32.06,47.94,--,--,--,--,23.02,44.54,32.16,55.63,23.47,9.870234,,
306, 2024/5/3 12:58:56,305.47,55.6,45.18,32.11,47.88,--,--,--,--,23.03,44.54,32.21,55.6,23.39,9.829818,,
307, 2024/5/3 12:58:57,306.47,55.51,45.22,32.13,47.83,--,--,--,--,23.02,44.52,32.23,55.51,23.28,9.779245,,
308, 2024/5/3 12:58:58,307.48,55.46,45.27,32.16,47.75,--,--,--,--,23.02,44.5,32.26,55.46,23.2,9.73556,,
309, 2024/5/3 12:58:59,308.48,55.37,45.26,32.17,47.7,--,--,--,--,23.02,44.47,32.27,55.37,23.1,9.692717,,
310, 2024/5/3 12:59:00,309.48,55.29,45.32,32.21,47.69,--,--,--,--,23.03,44.47,32.31,55.29,22.98,9.640896,,
311, 2024/5/3 12:59:01,310.48,55.25,45.34,32.2,47.59,--,--,--,--,23.02,44.44,32.3,55.25,22.95,9.617815,,
312, 2024/5/3 12:59:02,311.48,55.19,45.36,32.25,47.5,--,--,--,--,23.01,44.42,32.35,55.19,22.84,9.563271,,
313, 2024/5/3 12:59:03,312.48,55.08,45.42,32.28,47.45,--,--,--,--,23.02,44.4,32.38,55.08,22.7,9.500344,,
314, 2024/5/3 12:59:04,313.48,55.06,45.39,32.31,47.4,--,--,--,--,23.02,44.38,32.41,55.06,22.65,9.476678,,
315, 2024/5/3 12:59:05,314.49,54.95,45.43,32.34,47.34,--,--,--,--,23.01,44.36,32.44,54.95,22.51,9.414008,,
316, 2024/5/3 12:59:06,315.49,54.89,45.47,32.37,47.27,--,--,--,--,23.02,44.34,32.47,54.89,22.42,9.369175,,
317, 2024/5/3 12:59:07,316.49,54.82,45.51,32.41,47.23,--,--,--,--,23.03,44.34,32.51,54.82,22.31,9.319603,,
318, 2024/5/3 12:59:08,317.49,54.8,45.51,32.42,47.18,--,--,--,--,23.03,44.32,32.52,54.8,22.28,9.302713,,
319, 2024/5/3 12:59:09,318.49,54.71,45.54,32.46,47.15,--,--,--,--,23.03,44.31,32.56,54.71,22.15,9.247306,,
320, 2024/5/3 12:59:10,319.49,54.62,45.56,32.51,47.08,--,--,--,--,23.03,44.29,32.61,54.62,22.01,9.184168,,
321, 2024/5/3 12:59:11,320.5,54.56,45.56,32.51,47.03,--,--,--,--,23.02,44.26,32.61,54.56,21.95,9.156605,,
322, 2024/5/3 12:59:12,321.5,54.5,45.61,32.54,46.97,--,--,--,--,23.03,44.25,32.64,54.5,21.86,9.112806,,
323, 2024/5/3 12:59:13,322.5,54.45,45.64,32.56,46.93,--,--,--,--,23.03,44.24,32.66,54.45,21.79,9.080114,,
324, 2024/5/3 12:59:14,323.5,54.44,45.67,32.6,46.87,--,--,--,--,23.03,44.24,32.7,54.44,21.74,9.052043,,
325, 2024/5/3 12:59:15,324.5,54.35,45.7,32.59,46.84,--,--,--,--,23.02,44.21,32.69,54.35,21.66,9.018212,,
326, 2024/5/3 12:59:16,325.5,54.3,45.68,32.62,46.78,--,--,--,--,23.02,44.19,32.72,54.3,21.58,8.981807,,
327, 2024/5/3 12:59:17,326.5,54.23,45.73,32.64,46.72,--,--,--,--,23.03,44.17,32.74,54.23,21.49,8.93905,,
328, 2024/5/3 12:59:18,327.5,54.16,45.77,32.67,46.68,--,--,--,--,23.02,44.16,32.77,54.16,21.39,8.89451,,
329, 2024/5/3 12:59:19,328.51,54.06,45.79,32.69,46.66,--,--,--,--,23.03,44.14,32.79,54.06,21.27,8.845819,,
330, 2024/5/3 12:59:20,329.51,54.02,45.8,32.72,46.59,--,--,--,--,23.02,44.13,32.82,54.02,21.2,8.811041,,
331, 2024/5/3 12:59:21,330.51,53.94,45.81,32.76,46.52,--,--,--,--,23.03,44.1,32.86,53.94,21.08,8.757091,,
332, 2024/5/3 12:59:22,331.51,53.9,45.82,32.78,46.49,--,--,--,--,23.03,44.09,32.88,53.9,21.02,8.730413,,
333, 2024/5/3 12:59:23,332.51,53.84,45.87,32.79,46.46,--,--,--,--,23.03,44.08,32.89,53.84,20.95,8.699075,,
334, 2024/5/3 12:59:24,333.51,53.78,45.88,32.83,46.42,--,--,--,--,23.03,44.07,32.93,53.78,20.85,8.65549,,
335, 2024/5/3 12:59:25,334.51,53.71,45.89,32.83,46.37,--,--,--,--,23.03,44.04,32.93,53.71,20.78,8.624464,,
336, 2024/5/3 12:59:26,335.52,53.68,45.91,32.88,46.33,--,--,--,--,23.03,44.04,32.98,53.68,20.7,8.587528,,
337, 2024/5/3 12:59:27,336.52,53.61,45.95,32.9,46.28,--,--,--,--,23.02,44.03,33,53.61,20.61,8.547047,,
338, 2024/5/3 12:59:28,337.52,53.54,45.93,32.89,46.26,--,--,--,--,23.02,44,32.99,53.54,20.55,8.524073,,
339, 2024/5/3 12:59:29,338.52,53.5,45.99,32.96,46.17,--,--,--,--,23.03,44,33.06,53.5,20.44,8.469358,,
340, 2024/5/3 12:59:30,339.52,53.45,45.96,32.98,46.12,--,--,--,--,23.02,43.97,33.08,53.45,20.37,8.438651,,
341, 2024/5/3 12:59:31,340.52,53.37,46.01,33,46.07,--,--,--,--,23.03,43.96,33.1,53.37,20.27,8.394482,,
342, 2024/5/3 12:59:32,341.52,53.33,46.03,32.99,46.06,--,--,--,--,23.03,43.95,33.09,53.33,20.24,8.382491,,
343, 2024/5/3 12:59:33,342.53,53.29,46.05,33.04,45.97,--,--,--,--,23.03,43.93,33.14,53.29,20.15,8.338012,,
344, 2024/5/3 12:59:34,343.53,53.23,46.06,33.06,45.96,--,--,--,--,23.03,43.92,33.16,53.23,20.07,8.305888,,
345, 2024/5/3 12:59:35,344.53,53.16,46.09,33.1,45.9,--,--,--,--,23.03,43.91,33.2,53.16,19.96,8.256894,,
346, 2024/5/3 12:59:36,345.53,53.12,46.1,33.12,45.86,--,--,--,--,23.03,43.89,33.22,53.12,19.9,8.229886,,
347, 2024/5/3 12:59:37,346.53,53.05,46.12,33.12,45.86,--,--,--,--,23.03,43.88,33.22,53.05,19.83,8.203353,,
348, 2024/5/3 12:59:38,347.53,53.04,46.13,33.14,45.8,--,--,--,--,23.04,43.87,33.24,53.04,19.8,8.185996,,
349, 2024/5/3 12:59:39,348.53,52.99,46.13,33.18,45.74,--,--,--,--,23.04,43.85,33.28,52.99,19.71,8.145328,,
350, 2024/5/3 12:59:40,349.54,52.9,46.16,33.19,45.69,--,--,--,--,23.03,43.83,33.29,52.9,19.61,8.103004,,
351, 2024/5/3 12:59:41,350.54,52.85,46.2,33.21,45.61,--,--,--,--,23.03,43.81,33.31,52.85,19.54,8.069017,,
352, 2024/5/3 12:59:42,351.54,52.76,46.22,33.19,45.61,--,--,--,--,23.03,43.79,33.29,52.76,19.47,8.043906,,
353, 2024/5/3 12:59:43,352.54,52.73,46.2,33.25,45.54,--,--,--,--,23.03,43.77,33.35,52.73,19.38,8.001684,,
354, 2024/5/3 12:59:44,353.54,52.68,46.23,33.25,45.49,--,--,--,--,23.03,43.76,33.35,52.68,19.33,7.979034,,
355, 2024/5/3 12:59:45,354.54,52.64,46.26,33.29,45.49,--,--,--,--,23.04,43.76,33.39,52.64,19.25,7.946429,,
356, 2024/5/3 12:59:46,355.54,52.62,46.25,33.31,45.39,--,--,--,--,23.04,43.74,33.41,52.62,19.21,7.923258,,
357, 2024/5/3 12:59:47,356.55,52.51,46.26,33.32,45.4,--,--,--,--,23.03,43.72,33.42,52.51,19.09,7.878503,,
358, 2024/5/3 12:59:48,357.55,52.48,46.27,33.35,45.35,--,--,--,--,23.03,43.71,33.45,52.48,19.03,7.850667,,
359, 2024/5/3 12:59:49,358.55,52.41,46.29,33.36,45.3,--,--,--,--,23.04,43.68,33.46,52.41,18.95,7.81665,,
360, 2024/5/3 12:59:50,359.55,52.39,46.32,33.38,45.29,--,--,--,--,23.04,43.69,33.48,52.39,18.91,7.799656,,
361, 2024/5/3 12:59:51,360.55,52.34,46.36,33.41,45.22,--,--,--,--,23.04,43.68,33.51,52.34,18.83,7.763131,,
362, 2024/5/3 12:59:52,361.55,52.25,46.32,33.45,45.16,--,--,--,--,23.03,43.64,33.55,52.25,18.7,7.708286,,
363, 2024/5/3 12:59:53,362.55,52.22,46.37,33.45,45.13,--,--,--,--,23.04,43.64,33.55,52.22,18.67,7.695118,,
364, 2024/5/3 12:59:54,363.55,52.2,46.36,33.46,45.1,--,--,--,--,23.04,43.62,33.56,52.2,18.64,7.681374,,
365, 2024/5/3 12:59:55,364.56,52.11,46.4,33.52,45.08,--,--,--,--,23.04,43.62,33.62,52.11,18.49,7.620459,,
366, 2024/5/3 12:59:56,365.56,52.07,46.39,33.51,45,--,--,--,--,23.04,43.59,33.61,52.07,18.46,7.604903,,
367, 2024/5/3 12:59:57,366.56,52.05,46.43,33.55,44.99,--,--,--,--,23.04,43.6,33.65,52.05,18.4,7.579512,,
368, 2024/5/3 12:59:58,367.56,51.98,46.45,33.55,44.97,--,--,--,--,23.04,43.58,33.65,51.98,18.33,7.552409,,
369, 2024/5/3 12:59:59,368.56,51.95,46.45,33.54,44.92,--,--,--,--,23.03,43.56,33.64,51.95,18.31,7.542625,,
370, 2024/5/3 13:00:00,369.56,51.88,46.45,33.59,44.88,--,--,--,--,23.04,43.54,33.69,51.88,18.19,7.492351,,
371, 2024/5/3 13:00:01,370.57,51.83,46.44,33.59,44.85,--,--,--,--,23.04,43.52,33.69,51.83,18.14,7.471947,,
372, 2024/5/3 13:00:02,371.57,51.8,46.47,33.63,44.85,--,--,--,--,23.04,43.53,33.73,51.8,18.07,7.443553,,
373, 2024/5/3 13:00:03,372.57,51.77,46.49,33.67,44.8,--,--,--,--,23.04,43.53,33.77,51.77,18,7.412176,,
374, 2024/5/3 13:00:04,373.57,51.72,46.5,33.65,44.74,--,--,--,--,23.04,43.5,33.75,51.72,17.97,7.399129,,
375, 2024/5/3 13:00:05,374.57,51.66,46.5,33.7,44.69,--,--,--,--,23.04,43.48,33.8,51.66,17.86,7.352166,,
376, 2024/5/3 13:00:06,375.57,51.63,46.5,33.69,44.69,--,--,--,--,23.03,43.47,33.79,51.63,17.84,7.345438,,
377, 2024/5/3 13:00:07,376.57,51.54,46.54,33.73,44.65,--,--,--,--,23.03,43.46,33.83,51.54,17.71,7.292958,,
378, 2024/5/3 13:00:08,377.57,51.52,46.51,33.73,44.63,--,--,--,--,23.04,43.44,33.83,51.52,17.69,7.284006,,
379, 2024/5/3 13:00:09,378.57,51.47,46.58,33.78,44.57,--,--,--,--,23.04,43.44,33.88,51.47,17.59,7.241538,,
380, 2024/5/3 13:00:10,379.58,51.44,46.54,33.79,44.54,--,--,--,--,23.04,43.42,33.89,51.44,17.55,7.223752,,
381, 2024/5/3 13:00:11,380.58,51.36,46.56,33.82,44.51,--,--,--,--,23.05,43.41,33.92,51.36,17.44,7.179807,,
382, 2024/5/3 13:00:12,381.58,51.32,46.57,33.81,44.5,--,--,--,--,23.05,43.39,33.91,51.32,17.41,7.169143,,
383, 2024/5/3 13:00:13,382.58,51.28,46.57,33.84,44.47,--,--,--,--,23.04,43.38,33.94,51.28,17.34,7.139635,,
384, 2024/5/3 13:00:14,383.58,51.27,46.61,33.88,44.44,--,--,--,--,23.05,43.39,33.98,51.27,17.29,7.117704,,
385, 2024/5/3 13:00:15,384.58,51.18,46.64,33.84,44.43,--,--,--,--,23.04,43.37,33.94,51.18,17.24,7.102488,,
386, 2024/5/3 13:00:16,385.59,51.16,46.62,33.91,44.34,--,--,--,--,23.05,43.35,34.01,51.16,17.15,7.059356,,
387, 2024/5/3 13:00:17,386.59,51.12,46.64,33.94,44.35,--,--,--,--,23.05,43.36,34.04,51.12,17.08,7.032369,,
388, 2024/5/3 13:00:18,387.59,51.05,46.61,33.93,44.3,--,--,--,--,23.03,43.32,34.03,51.05,17.02,7.007877,,
389, 2024/5/3 13:00:19,388.59,51.01,46.64,33.97,44.28,--,--,--,--,23.04,43.32,34.07,51.01,16.94,6.975394,,
390, 2024/5/3 13:00:20,389.59,50.95,46.67,34.01,44.27,--,--,--,--,23.05,43.32,34.11,50.95,16.84,6.936087,,
391, 2024/5/3 13:00:21,390.59,50.93,46.67,33.98,44.21,--,--,--,--,23.04,43.29,34.08,50.93,16.85,6.939325,,
392, 2024/5/3 13:00:22,391.59,50.89,46.66,33.99,44.18,--,--,--,--,23.04,43.27,34.09,50.89,16.8,6.918584,,
393, 2024/5/3 13:00:23,392.6,50.83,46.68,34.03,44.14,--,--,--,--,23.04,43.26,34.13,50.83,16.7,6.877794,,
394, 2024/5/3 13:00:24,393.6,50.81,46.69,34.06,44.12,--,--,--,--,23.04,43.26,34.16,50.81,16.65,6.856681,,
395, 2024/5/3 13:00:25,394.6,50.73,46.74,34.06,44.09,--,--,--,--,23.04,43.25,34.16,50.73,16.57,6.827929,,
396, 2024/5/3 13:00:26,395.6,50.7,46.71,34.04,44.05,--,--,--,--,23.04,43.22,34.14,50.7,16.56,6.823079,,
397, 2024/5/3 13:00:27,396.6,50.69,46.72,34.09,44.03,--,--,--,--,23.04,43.23,34.19,50.69,16.5,6.796833,,
398, 2024/5/3 13:00:28,397.6,50.61,46.72,34.1,44.03,--,--,--,--,23.04,43.21,34.2,50.61,16.41,6.763152,,
399, 2024/5/3 13:00:29,398.6,50.57,46.72,34.13,43.95,--,--,--,--,23.05,43.19,34.23,50.57,16.34,6.732101,,
400, 2024/5/3 13:00:30,399.61,50.53,46.74,34.14,43.98,--,--,--,--,23.05,43.19,34.24,50.53,16.29,6.715022,,
401, 2024/5/3 13:00:31,400.6,50.51,46.75,34.18,43.9,--,--,--,--,23.04,43.18,34.28,50.51,16.23,6.687375,,
402, 2024/5/3 13:00:32,401.61,50.45,46.76,34.2,43.89,--,--,--,--,23.05,43.17,34.3,50.45,16.15,6.656659,,
403, 2024/5/3 13:00:33,402.61,50.41,46.77,34.19,43.87,--,--,--,--,23.05,43.15,34.29,50.41,16.12,6.646242,,
404, 2024/5/3 13:00:34,403.61,50.38,46.75,34.19,43.85,--,--,--,--,23.04,43.14,34.29,50.38,16.09,6.633718,,
405, 2024/5/3 13:00:35,404.61,50.34,46.77,34.22,43.78,--,--,--,--,23.05,43.12,34.32,50.34,16.02,6.604305,,
406, 2024/5/3 13:00:36,405.61,50.25,46.78,34.25,43.77,--,--,--,--,23.05,43.11,34.35,50.25,15.9,6.558363,,
407, 2024/5/3 13:00:37,406.62,50.24,46.8,34.28,43.74,--,--,--,--,23.04,43.11,34.38,50.24,15.86,6.541367,,
408, 2024/5/3 13:00:38,407.62,50.21,46.77,34.34,43.7,--,--,--,--,23.05,43.1,34.44,50.21,15.77,6.501059,,
409, 2024/5/3 13:00:39,408.62,50.14,46.77,34.33,43.69,--,--,--,--,23.05,43.08,34.43,50.14,15.71,6.479707,,
410, 2024/5/3 13:00:40,409.62,50.11,46.78,34.28,43.65,--,--,--,--,23.05,43.05,34.38,50.11,15.73,6.490315,,
411, 2024/5/3 13:00:41,410.62,50.1,46.8,34.31,43.62,--,--,--,--,23.05,43.05,34.41,50.1,15.69,6.473469,,
412, 2024/5/3 13:00:42,411.62,50.03,46.81,34.34,43.58,--,--,--,--,23.04,43.03,34.44,50.03,15.59,6.434102,,
413, 2024/5/3 13:00:43,412.62,49.97,46.87,34.36,43.54,--,--,--,--,23.05,43.03,34.46,49.97,15.51,6.405746,,
414, 2024/5/3 13:00:44,413.62,49.94,46.81,34.4,43.55,--,--,--,--,23.05,43.02,34.5,49.94,15.44,6.373935,,
415, 2024/5/3 13:00:45,414.62,49.87,46.85,34.38,43.53,--,--,--,--,23.05,43,34.48,49.87,15.39,6.359316,,
416, 2024/5/3 13:00:46,415.63,49.86,46.84,34.41,43.47,--,--,--,--,23.05,42.99,34.51,49.86,15.35,6.340141,,
417, 2024/5/3 13:00:47,416.63,49.82,46.86,34.43,43.43,--,--,--,--,23.05,42.98,34.53,49.82,15.29,6.316993,,
418, 2024/5/3 13:00:48,417.63,49.78,46.83,34.44,43.4,--,--,--,--,23.04,42.96,34.54,49.78,15.24,6.295554,,
419, 2024/5/3 13:00:49,418.63,49.72,46.84,34.48,43.39,--,--,--,--,23.04,42.95,34.58,49.72,15.14,6.256436,,
420, 2024/5/3 13:00:50,419.63,49.7,46.85,34.48,43.36,--,--,--,--,23.04,42.94,34.58,49.7,15.12,6.249158,,
421, 2024/5/3 13:00:51,420.63,49.64,46.87,34.47,43.35,--,--,--,--,23.05,42.93,34.57,49.64,15.07,6.23309,,
422, 2024/5/3 13:00:52,421.64,49.61,46.88,34.52,43.33,--,--,--,--,23.05,42.93,34.62,49.61,14.99,6.200183,,
423, 2024/5/3 13:00:53,422.64,49.57,46.84,34.55,43.29,--,--,--,--,23.05,42.91,34.65,49.57,14.92,6.168937,,
424, 2024/5/3 13:00:54,423.64,49.52,46.87,34.54,43.27,--,--,--,--,23.05,42.89,34.64,49.52,14.88,6.157012,,
425, 2024/5/3 13:00:55,424.64,49.48,46.89,34.59,43.24,--,--,--,--,23.05,42.89,34.69,49.48,14.79,6.121095,,
426, 2024/5/3 13:00:56,425.64,49.46,46.9,34.57,43.2,--,--,--,--,23.05,42.88,34.67,49.46,14.79,6.122826,,
427, 2024/5/3 13:00:57,426.64,49.45,46.88,34.59,43.18,--,--,--,--,23.05,42.87,34.69,49.45,14.76,6.108553,,
428, 2024/5/3 13:00:58,427.64,49.37,46.9,34.62,43.19,--,--,--,--,23.05,42.86,34.72,49.37,14.65,6.068076,,
429, 2024/5/3 13:00:59,428.64,49.3,46.9,34.6,43.14,--,--,--,--,23.05,42.83,34.7,49.3,14.6,6.05116,,
430, 2024/5/3 13:01:00,429.65,49.32,46.86,34.65,43.11,--,--,--,--,23.05,42.83,34.75,49.32,14.57,6.032549,,
431, 2024/5/3 13:01:01,430.65,49.26,46.93,34.62,43.1,--,--,--,--,23.05,42.82,34.72,49.26,14.54,6.029546,,
432, 2024/5/3 13:01:02,431.65,49.24,46.94,34.66,43.05,--,--,--,--,23.05,42.82,34.76,49.24,14.48,6.004585,,
433, 2024/5/3 13:01:03,432.65,49.23,46.9,34.7,42.99,--,--,--,--,23.04,42.8,34.8,49.23,14.43,5.979348,,
434, 2024/5/3 13:01:04,433.65,49.19,46.98,34.68,43.02,--,--,--,--,23.06,42.81,34.78,49.19,14.41,5.980609,,
435, 2024/5/3 13:01:05,434.65,49.14,46.9,34.72,42.93,--,--,--,--,23.05,42.77,34.82,49.14,14.32,5.937591,,
436, 2024/5/3 13:01:06,435.65,49.11,46.89,34.74,42.94,--,--,--,--,23.05,42.76,34.84,49.11,14.27,5.917244,,
437, 2024/5/3 13:01:07,436.65,49.08,46.93,34.74,42.93,--,--,--,--,23.06,42.76,34.84,49.08,14.24,5.909635,,
438, 2024/5/3 13:01:08,437.66,49.04,46.93,34.77,42.91,--,--,--,--,23.05,42.76,34.87,49.04,14.17,5.881793,,
439, 2024/5/3 13:01:09,438.66,49,46.92,34.75,42.92,--,--,--,--,23.06,42.74,34.85,49,14.15,5.875785,,
440, 2024/5/3 13:01:10,439.66,48.98,46.95,34.75,42.87,--,--,--,--,23.05,42.73,34.85,48.98,14.13,5.87073,,
441, 2024/5/3 13:01:11,440.66,48.92,46.95,34.78,42.84,--,--,--,--,23.05,42.72,34.88,48.92,14.04,5.835805,,
442, 2024/5/3 13:01:12,441.66,48.85,46.96,34.83,42.86,--,--,--,--,23.05,42.72,34.93,48.85,13.92,5.789662,,
443, 2024/5/3 13:01:13,442.66,48.88,46.99,34.83,42.79,--,--,--,--,23.05,42.72,34.93,48.88,13.95,5.802473,,
444, 2024/5/3 13:01:14,443.67,48.85,46.95,34.85,42.77,--,--,--,--,23.05,42.7,34.95,48.85,13.9,5.779277,,
445, 2024/5/3 13:01:15,444.67,48.81,46.97,34.81,42.75,--,--,--,--,23.06,42.68,34.91,48.81,13.9,5.784703,,
446, 2024/5/3 13:01:16,445.67,48.78,46.99,34.86,42.72,--,--,--,--,23.05,42.68,34.96,48.78,13.82,5.753448,,
447, 2024/5/3 13:01:17,446.67,48.74,46.95,34.87,42.68,--,--,--,--,23.05,42.65,34.97,48.74,13.77,5.731087,,
448, 2024/5/3 13:01:18,447.67,48.68,46.94,34.92,42.68,--,--,--,--,23.05,42.65,35.02,48.68,13.66,5.686599,,
449, 2024/5/3 13:01:19,448.67,48.68,46.94,34.94,42.65,--,--,--,--,23.06,42.65,35.04,48.68,13.64,5.67763,,
450, 2024/5/3 13:01:20,449.67,48.61,46.94,34.94,42.65,--,--,--,--,23.06,42.63,35.04,48.61,13.57,5.652881,,
451, 2024/5/3 13:01:21,450.67,48.62,46.97,34.94,42.62,--,--,--,--,23.06,42.63,35.04,48.62,13.58,5.659222,,
452, 2024/5/3 13:01:22,451.68,48.55,46.97,34.93,42.54,--,--,--,--,23.05,42.59,35.03,48.55,13.52,5.63916,,
453, 2024/5/3 13:01:23,452.68,48.52,46.98,35.01,42.53,--,--,--,--,23.06,42.6,35.11,48.52,13.41,5.593862,,
454, 2024/5/3 13:01:24,453.68,48.48,47,34.96,42.52,--,--,--,--,23.05,42.58,35.06,48.48,13.42,5.604165,,
455, 2024/5/3 13:01:25,454.68,48.51,46.98,35,42.5,--,--,--,--,23.05,42.59,35.1,48.51,13.41,5.594945,,
456, 2024/5/3 13:01:26,455.68,48.43,46.96,35.03,42.5,--,--,--,--,23.05,42.57,35.13,48.43,13.3,5.551382,,
457, 2024/5/3 13:01:27,456.68,48.41,46.97,35.04,42.46,--,--,--,--,23.06,42.56,35.14,48.41,13.27,5.541099,,
458, 2024/5/3 13:01:28,457.68,48.38,46.95,35.04,42.45,--,--,--,--,23.06,42.55,35.14,48.38,13.24,5.528588,,
459, 2024/5/3 13:01:29,458.69,48.34,47.01,35.08,42.39,--,--,--,--,23.06,42.55,35.18,48.34,13.16,5.503314,,
460, 2024/5/3 13:01:30,459.69,48.31,47,35.06,42.38,--,--,--,--,23.06,42.53,35.16,48.31,13.15,5.500766,,
461, 2024/5/3 13:01:31,460.69,48.3,46.97,35.08,42.38,--,--,--,--,23.06,42.53,35.18,48.3,13.12,5.485187,,
462, 2024/5/3 13:01:32,461.69,48.26,46.95,35.08,42.34,--,--,--,--,23.06,42.5,35.18,48.26,13.08,5.469427,,
463, 2024/5/3 13:01:33,462.69,48.24,47.01,35.09,42.36,--,--,--,--,23.06,42.52,35.19,48.24,13.05,5.464138,,
464, 2024/5/3 13:01:34,463.69,48.15,47,35.13,42.35,--,--,--,--,23.06,42.5,35.23,48.15,12.92,5.413891,,
465, 2024/5/3 13:01:35,464.69,48.16,46.97,35.14,42.3,--,--,--,--,23.05,42.49,35.24,48.16,12.92,5.410167,,
466, 2024/5/3 13:01:36,465.7,48.14,46.99,35.14,42.25,--,--,--,--,23.06,42.47,35.24,48.14,12.9,5.40599,,
467, 2024/5/3 13:01:37,466.7,48.11,47,35.15,42.24,--,--,--,--,23.06,42.47,35.25,48.11,12.86,5.392308,,
468, 2024/5/3 13:01:38,467.7,48.1,47.02,35.16,42.24,--,--,--,--,23.06,42.47,35.26,48.1,12.84,5.386596,,
469, 2024/5/3 13:01:39,468.7,48.03,47,35.17,42.23,--,--,--,--,23.05,42.45,35.27,48.03,12.76,5.355667,,
470, 2024/5/3 13:01:40,469.7,48,46.96,35.2,42.23,--,--,--,--,23.06,42.44,35.3,48,12.7,5.327331,,
471, 2024/5/3 13:01:41,470.7,47.98,47.01,35.21,42.16,--,--,--,--,23.06,42.43,35.31,47.98,12.67,5.322659,,
472, 2024/5/3 13:01:42,471.7,47.91,46.99,35.22,42.17,--,--,--,--,23.05,42.42,35.32,47.91,12.59,5.291444,,
473, 2024/5/3 13:01:43,472.71,47.92,47.02,35.23,42.15,--,--,--,--,23.07,42.42,35.33,47.92,12.59,5.294265,,
474, 2024/5/3 13:01:44,473.71,47.87,47.02,35.24,42.12,--,--,--,--,23.05,42.41,35.34,47.87,12.53,5.273045,,
475, 2024/5/3 13:01:45,474.71,47.85,47.03,35.22,42.09,--,--,--,--,23.06,42.39,35.32,47.85,12.53,5.276822,,
476, 2024/5/3 13:01:46,475.71,47.82,47,35.27,42.05,--,--,--,--,23.05,42.38,35.37,47.82,12.45,5.241333,,
477, 2024/5/3 13:01:47,476.71,47.8,47,35.27,42.05,--,--,--,--,23.06,42.37,35.37,47.8,12.43,5.23441,,
478, 2024/5/3 13:01:48,477.71,47.75,46.96,35.28,42.02,--,--,--,--,23.07,42.35,35.38,47.75,12.37,5.208457,,
479, 2024/5/3 13:01:49,478.72,47.72,47.04,35.28,41.99,--,--,--,--,23.06,42.35,35.38,47.72,12.34,5.208616,,
480, 2024/5/3 13:01:50,479.72,47.7,46.97,35.32,42.03,--,--,--,--,23.06,42.35,35.42,47.7,12.28,5.174355,,
481, 2024/5/3 13:01:51,480.72,47.69,46.96,35.33,41.96,--,--,--,--,23.05,42.33,35.43,47.69,12.26,5.166764,,
482, 2024/5/3 13:01:52,481.72,47.64,47.03,35.34,41.95,--,--,--,--,23.07,42.33,35.44,47.64,12.2,5.154081,,
483, 2024/5/3 13:01:53,482.72,47.59,46.96,35.34,41.93,--,--,--,--,23.05,42.3,35.44,47.59,12.15,5.12853,,
484, 2024/5/3 13:01:54,483.72,47.59,47,35.34,41.91,--,--,--,--,23.06,42.3,35.44,47.59,12.15,5.134092,,
485, 2024/5/3 13:01:55,484.72,47.56,46.99,35.36,41.89,--,--,--,--,23.06,42.29,35.46,47.56,12.1,5.114119,,
486, 2024/5/3 13:01:56,485.72,47.52,46.99,35.41,41.84,--,--,--,--,23.06,42.28,35.51,47.52,12.01,5.079516,,
487, 2024/5/3 13:01:57,486.73,47.48,47.02,35.39,41.88,--,--,--,--,23.06,42.29,35.49,47.48,11.99,5.077529,,
488, 2024/5/3 13:01:58,487.73,47.44,47,35.39,41.84,--,--,--,--,23.06,42.26,35.49,47.44,11.95,5.062332,,
489, 2024/5/3 13:01:59,488.73,47.43,47.02,35.42,41.82,--,--,--,--,23.07,42.27,35.52,47.43,11.91,5.04879,,
490, 2024/5/3 13:02:00,489.73,47.39,46.98,35.44,41.79,--,--,--,--,23.06,42.24,35.54,47.39,11.85,5.021787,,
491, 2024/5/3 13:02:01,490.73,47.35,46.99,35.42,41.72,--,--,--,--,23.05,42.21,35.52,47.35,11.83,5.02057,,
492, 2024/5/3 13:02:02,491.73,47.32,46.95,35.49,41.74,--,--,--,--,23.05,42.22,35.59,47.32,11.73,4.973168,,
493, 2024/5/3 13:02:03,492.73,47.28,47,35.45,41.75,--,--,--,--,23.06,42.21,35.55,47.28,11.73,4.983826,,
494, 2024/5/3 13:02:04,493.73,47.24,47,35.45,41.75,--,--,--,--,23.06,42.2,35.55,47.24,11.69,4.970292,,
495, 2024/5/3 13:02:05,494.74,47.21,46.98,35.5,41.71,--,--,--,--,23.05,42.19,35.6,47.21,11.61,4.93634,,
496, 2024/5/3 13:02:06,495.74,47.19,47,35.5,41.72,--,--,--,--,23.07,42.2,35.6,47.19,11.59,4.932045,,
497, 2024/5/3 13:02:07,496.74,47.14,46.99,35.48,41.69,--,--,--,--,23.05,42.17,35.58,47.14,11.56,4.923665,,
498, 2024/5/3 13:02:08,497.74,47.1,47,35.52,41.68,--,--,--,--,23.07,42.17,35.62,47.1,11.48,4.894127,,
499, 2024/5/3 13:02:09,498.74,47.12,47.01,35.54,41.63,--,--,--,--,23.06,42.17,35.64,47.12,11.48,4.895133,,
500, 2024/5/3 13:02:10,499.74,47.09,46.97,35.51,41.62,--,--,--,--,23.06,42.14,35.61,47.09,11.48,4.89298,,
501, 2024/5/3 13:02:11,500.75,47.02,46.99,35.53,41.62,--,--,--,--,23.06,42.13,35.63,47.02,11.39,4.863438,,
502, 2024/5/3 13:02:12,501.75,47.01,46.99,35.56,41.6,--,--,--,--,23.07,42.13,35.66,47.01,11.35,4.847442,,
503, 2024/5/3 13:02:13,502.75,46.97,47,35.56,41.58,--,--,--,--,23.06,42.12,35.66,46.97,11.31,4.836257,,
504, 2024/5/3 13:02:14,503.75,46.95,47,35.58,41.54,--,--,--,--,23.06,42.11,35.68,46.95,11.27,4.822199,,
505, 2024/5/3 13:02:15,504.75,46.93,46.96,35.6,41.53,--,--,--,--,23.06,42.1,35.7,46.93,11.23,4.801072,,
506, 2024/5/3 13:02:16,505.75,46.9,47.02,35.6,41.56,--,--,--,--,23.06,42.11,35.7,46.9,11.2,4.798858,,
507, 2024/5/3 13:02:17,506.75,46.86,46.97,35.64,41.5,--,--,--,--,23.06,42.09,35.74,46.86,11.12,4.762559,,
508, 2024/5/3 13:02:18,507.75,46.83,46.99,35.65,41.53,--,--,--,--,23.07,42.09,35.75,46.83,11.08,4.74994,,
509, 2024/5/3 13:02:19,508.76,46.81,46.94,35.64,41.48,--,--,--,--,23.06,42.06,35.74,46.81,11.07,4.742147,,
510, 2024/5/3 13:02:20,509.76,46.79,46.99,35.66,41.45,--,--,--,--,23.07,42.07,35.76,46.79,11.03,4.735503,,
511, 2024/5/3 13:02:21,510.76,46.81,46.95,35.65,41.45,--,--,--,--,23.07,42.06,35.75,46.81,11.06,4.740473,,
512, 2024/5/3 13:02:22,511.76,46.75,46.95,35.68,41.4,--,--,--,--,23.06,42.04,35.78,46.75,10.97,4.709336,,
513, 2024/5/3 13:02:23,512.76,46.71,47,35.67,41.41,--,--,--,--,23.06,42.04,35.77,46.71,10.94,4.707847,,
514, 2024/5/3 13:02:24,513.76,46.69,46.96,35.68,41.41,--,--,--,--,23.07,42.03,35.78,46.69,10.91,4.690504,,
515, 2024/5/3 13:02:25,514.76,46.65,46.96,35.69,41.4,--,--,--,--,23.07,42.02,35.79,46.65,10.86,4.673266,,
516, 2024/5/3 13:02:26,515.77,46.63,46.98,35.69,41.36,--,--,--,--,23.06,42.01,35.79,46.63,10.84,4.671647,,
517, 2024/5/3 13:02:27,516.77,46.6,46.97,35.7,41.37,--,--,--,--,23.06,42,35.8,46.6,10.8,4.655261,,
518, 2024/5/3 13:02:28,517.77,46.55,46.92,35.72,41.3,--,--,--,--,23.06,41.97,35.82,46.55,10.73,4.625149,,
519, 2024/5/3 13:02:29,518.77,46.54,46.91,35.73,41.32,--,--,--,--,23.06,41.97,35.83,46.54,10.71,4.614872,,
520, 2024/5/3 13:02:30,519.77,46.51,46.99,35.73,41.29,--,--,--,--,23.07,41.97,35.83,46.51,10.68,4.61944,,
521, 2024/5/3 13:02:31,520.77,46.48,46.92,35.75,41.28,--,--,--,--,23.06,41.95,35.85,46.48,10.63,4.589753,,
522, 2024/5/3 13:02:32,521.78,46.49,46.94,35.73,41.3,--,--,--,--,23.07,41.96,35.83,46.49,10.66,4.6042,,
523, 2024/5/3 13:02:33,522.77,46.39,46.95,35.78,41.24,--,--,--,--,23.07,41.93,35.88,46.39,10.51,4.553908,,
524, 2024/5/3 13:02:34,523.78,46.38,46.95,35.79,41.27,--,--,--,--,23.07,41.94,35.89,46.38,10.49,4.544714,,
525, 2024/5/3 13:02:35,524.78,46.33,46.98,35.78,41.24,--,--,--,--,23.07,41.93,35.88,46.33,10.45,4.53949,,
526, 2024/5/3 13:02:36,525.78,46.3,46.94,35.8,41.21,--,--,--,--,23.07,41.91,35.9,46.3,10.4,4.515605,,
527, 2024/5/3 13:02:37,526.78,46.28,46.91,35.83,41.19,--,--,--,--,23.06,41.9,35.93,46.28,10.35,4.491764,,
528, 2024/5/3 13:02:38,527.78,46.25,46.95,35.78,41.16,--,--,--,--,23.06,41.88,35.88,46.25,10.37,4.512608,,
529, 2024/5/3 13:02:39,528.78,46.23,46.96,35.83,41.16,--,--,--,--,23.07,41.89,35.93,46.23,10.3,4.485747,,
530, 2024/5/3 13:02:40,529.78,46.21,46.9,35.83,41.14,--,--,--,--,23.07,41.86,35.93,46.21,10.28,4.46997,,
531, 2024/5/3 13:02:41,530.79,46.16,46.93,35.87,41.16,--,--,--,--,23.07,41.87,35.97,46.16,10.19,4.440234,,
532, 2024/5/3 13:02:42,531.79,46.16,46.89,35.83,41.11,--,--,--,--,23.06,41.84,35.93,46.16,10.23,4.453681,,
533, 2024/5/3 13:02:44,532.79,46.16,46.9,35.86,41.08,--,--,--,--,23.07,41.84,35.96,46.16,10.2,4.443848,,
534, 2024/5/3 13:02:45,533.79,46.08,46.93,35.88,41.12,--,--,--,--,23.07,41.85,35.98,46.08,10.1,4.412296,,
535, 2024/5/3 13:02:46,534.79,46.07,46.9,35.91,41.09,--,--,--,--,23.07,41.84,36.01,46.07,10.06,4.392153,,
536, 2024/5/3 13:02:47,535.79,46.02,46.91,35.87,41.07,--,--,--,--,23.06,41.81,35.97,46.02,10.05,4.396743,,
537, 2024/5/3 13:02:48,536.79,46.01,46.92,35.92,41.05,--,--,--,--,23.07,41.82,36.02,46.01,9.99,4.374388,,
538, 2024/5/3 13:02:49,537.8,45.98,46.89,35.91,41.04,--,--,--,--,23.07,41.8,36.01,45.98,9.97,4.364389,,
539, 2024/5/3 13:02:50,538.8,45.97,46.89,35.91,41.02,--,--,--,--,23.07,41.79,36.01,45.97,9.96,4.362359,,
540, 2024/5/3 13:02:51,539.8,45.93,46.91,35.98,40.99,--,--,--,--,23.07,41.8,36.08,45.93,9.85,4.324184,,
541, 2024/5/3 13:02:52,540.8,45.87,46.88,35.96,41,--,--,--,--,23.07,41.77,36.06,45.87,9.81,4.307804,,
542, 2024/5/3 13:02:53,541.8,45.86,46.89,35.94,40.95,--,--,--,--,23.07,41.75,36.04,45.86,9.82,4.318346,,
543, 2024/5/3 13:02:54,542.8,45.86,46.84,35.95,40.97,--,--,--,--,23.07,41.75,36.05,45.86,9.81,4.303489,,
544, 2024/5/3 13:02:55,543.8,45.86,46.87,35.97,40.92,--,--,--,--,23.07,41.75,36.07,45.86,9.79,4.303317,,
545, 2024/5/3 13:02:56,544.81,45.84,46.85,35.98,40.94,--,--,--,--,23.07,41.75,36.08,45.84,9.76,4.287576,,
546, 2024/5/3 13:02:57,545.81,45.85,46.88,35.99,40.92,--,--,--,--,23.07,41.75,36.09,45.85,9.76,4.293198,,
547, 2024/5/3 13:02:58,546.81,45.84,46.89,35.99,40.89,--,--,--,--,23.06,41.75,36.09,45.84,9.75,4.293849,,
548, 2024/5/3 13:02:59,547.81,45.84,46.83,36.01,40.87,--,--,--,--,23.07,41.73,36.11,45.84,9.73,4.275238,,
549, 2024/5/3 13:03:00,548.81,45.8,46.82,35.99,40.86,--,--,--,--,23.07,41.71,36.09,45.8,9.71,4.270028,,
550, 2024/5/3 13:03:01,549.81,45.79,46.83,36.04,40.84,--,--,--,--,23.07,41.72,36.14,45.79,9.65,4.248139,,
551, 2024/5/3 13:03:02,550.82,45.74,46.83,36.03,40.79,--,--,--,--,23.07,41.69,36.13,45.74,9.61,4.240052,,
552, 2024/5/3 13:03:03,551.82,45.71,46.84,36.04,40.83,--,--,--,--,23.08,41.7,36.14,45.71,9.57,4.225269,,
553, 2024/5/3 13:03:04,552.82,45.67,46.81,36.01,40.8,--,--,--,--,23.06,41.67,36.11,45.67,9.56,4.222102,,
554, 2024/5/3 13:03:05,553.82,45.65,46.83,36.04,40.73,--,--,--,--,23.06,41.66,36.14,45.65,9.51,4.211448,,
555, 2024/5/3 13:03:06,554.82,45.63,46.81,36.03,40.75,--,--,--,--,23.08,41.65,36.13,45.63,9.5,4.204185,,
556, 2024/5/3 13:03:07,555.82,45.57,46.84,36.04,40.73,--,--,--,--,23.07,41.64,36.14,45.57,9.43,4.18823,,
557, 2024/5/3 13:03:08,556.82,45.53,46.82,36.03,40.73,--,--,--,--,23.07,41.62,36.13,45.53,9.4,4.176165,,
558, 2024/5/3 13:03:09,557.83,45.53,46.82,36.09,40.71,--,--,--,--,23.07,41.63,36.19,45.53,9.34,4.151366,,
559, 2024/5/3 13:03:10,558.82,45.5,46.79,36.14,40.63,--,--,--,--,23.07,41.61,36.24,45.5,9.26,4.120351,,
560, 2024/5/3 13:03:11,559.83,45.48,46.81,36.1,40.68,--,--,--,--,23.07,41.61,36.2,45.48,9.28,4.131618,,
561, 2024/5/3 13:03:12,560.83,45.49,46.79,36.1,40.64,--,--,--,--,23.07,41.6,36.2,45.49,9.29,4.133815,,
562, 2024/5/3 13:03:13,561.83,45.47,46.79,36.11,40.62,--,--,--,--,23.06,41.59,36.21,45.47,9.26,4.124744,,
563, 2024/5/3 13:03:14,562.83,45.45,46.81,36.11,40.61,--,--,--,--,23.07,41.59,36.21,45.45,9.24,4.123288,,
564, 2024/5/3 13:03:15,563.83,45.45,46.8,36.12,40.62,--,--,--,--,23.07,41.59,36.22,45.45,9.23,4.116138,,
565, 2024/5/3 13:03:16,564.83,45.44,46.81,36.13,40.58,--,--,--,--,23.08,41.58,36.23,45.44,9.21,4.113882,,
566, 2024/5/3 13:03:17,565.83,45.38,46.76,36.1,40.6,--,--,--,--,23.07,41.55,36.2,45.38,9.18,4.096511,,
567, 2024/5/3 13:03:18,566.84,45.36,46.77,36.14,40.57,--,--,--,--,23.06,41.55,36.24,45.36,9.12,4.077282,,
568, 2024/5/3 13:03:19,567.84,45.3,46.75,36.12,40.5,--,--,--,--,23.07,41.51,36.22,45.3,9.08,4.068919,,
569, 2024/5/3 13:03:20,568.84,45.27,46.74,36.16,40.55,--,--,--,--,23.07,41.52,36.26,45.27,9.01,4.036141,,
570, 2024/5/3 13:03:21,569.84,45.24,46.74,36.17,40.53,--,--,--,--,23.07,41.51,36.27,45.24,8.97,4.024131,,
571, 2024/5/3 13:03:22,570.84,45.22,46.74,36.2,40.49,--,--,--,--,23.06,41.51,36.3,45.22,8.92,4.008263,,
572, 2024/5/3 13:03:23,571.85,45.17,46.76,36.22,40.47,--,--,--,--,23.07,41.5,36.32,45.17,8.85,3.990113,,
573, 2024/5/3 13:03:24,572.84,45.2,46.72,36.21,40.46,--,--,--,--,23.07,41.49,36.31,45.2,8.89,3.996139,,
574, 2024/5/3 13:03:25,573.85,45.19,46.71,36.18,40.47,--,--,--,--,23.07,41.48,36.28,45.19,8.91,4.003091,,
575, 2024/5/3 13:03:26,574.85,45.2,46.72,36.22,40.46,--,--,--,--,23.08,41.49,36.32,45.2,8.88,3.991815,,
576, 2024/5/3 13:03:27,575.85,45.16,46.7,36.2,40.45,--,--,--,--,23.07,41.47,36.3,45.16,8.86,3.984774,,
577, 2024/5/3 13:03:28,576.85,45.14,46.71,36.24,40.42,--,--,--,--,23.08,41.47,36.34,45.14,8.8,3.966036,,
578, 2024/5/3 13:03:29,577.85,45.07,46.72,36.23,40.38,--,--,--,--,23.06,41.44,36.33,45.07,8.74,3.954535,,
579, 2024/5/3 13:03:30,578.85,45.07,46.68,36.23,40.43,--,--,--,--,23.08,41.45,36.33,45.07,8.74,3.941621,,
580, 2024/5/3 13:03:31,579.85,45.01,46.7,36.23,40.36,--,--,--,--,23.07,41.42,36.33,45.01,8.68,3.933708,,
581, 2024/5/3 13:03:32,580.86,45,46.66,36.25,40.39,--,--,--,--,23.07,41.42,36.35,45,8.65,3.910769,,
582, 2024/5/3 13:03:33,581.86,44.95,46.68,36.26,40.35,--,--,--,--,23.07,41.4,36.36,44.95,8.59,3.899109,,
583, 2024/5/3 13:03:34,582.86,44.98,46.69,36.3,40.37,--,--,--,--,23.08,41.43,36.4,44.98,8.58,3.891351,,
584, 2024/5/3 13:03:35,583.86,44.89,46.68,36.26,40.33,--,--,--,--,23.07,41.38,36.36,44.89,8.53,3.882777,,
585, 2024/5/3 13:03:36,584.86,44.9,46.68,36.28,40.32,--,--,--,--,23.08,41.39,36.38,44.9,8.52,3.878088,,
586, 2024/5/3 13:03:37,585.86,44.89,46.66,36.31,40.29,--,--,--,--,23.08,41.38,36.41,44.89,8.48,3.860556,,
587, 2024/5/3 13:03:38,586.86,44.89,46.67,36.3,40.27,--,--,--,--,23.07,41.38,36.4,44.89,8.49,3.868942,,
588, 2024/5/3 13:03:39,587.87,44.83,46.64,36.29,40.32,--,--,--,--,23.07,41.36,36.39,44.83,8.44,3.843865,,
589, 2024/5/3 13:03:40,588.87,44.81,46.63,36.33,40.24,--,--,--,--,23.07,41.35,36.43,44.81,8.38,3.825896,,
590, 2024/5/3 13:03:41,589.87,44.76,46.67,36.3,40.25,--,--,--,--,23.07,41.34,36.4,44.76,8.36,3.831796,,
591, 2024/5/3 13:03:42,590.87,44.8,46.66,36.27,40.26,--,--,--,--,23.07,41.34,36.37,44.8,8.43,3.853442,,
592, 2024/5/3 13:03:43,591.87,44.78,46.64,36.36,40.21,--,--,--,--,23.07,41.34,36.46,44.78,8.32,3.809192,,
593, 2024/5/3 13:03:44,592.87,44.77,46.61,36.33,40.23,--,--,--,--,23.07,41.33,36.43,44.77,8.34,3.810337,,
594, 2024/5/3 13:03:45,593.88,44.75,46.6,36.36,40.22,--,--,--,--,23.07,41.33,36.46,44.75,8.29,3.790199,,
595, 2024/5/3 13:03:46,594.88,44.7,46.57,36.33,40.23,--,--,--,--,23.07,41.3,36.43,44.7,8.27,3.78036,,
596, 2024/5/3 13:03:47,595.88,44.71,46.61,36.37,40.18,--,--,--,--,23.07,41.31,36.47,44.71,8.24,3.780095,,
597, 2024/5/3 13:03:48,596.88,44.68,46.59,36.4,40.18,--,--,--,--,23.08,41.31,36.5,44.68,8.18,3.753765,,
598, 2024/5/3 13:03:49,597.88,44.69,46.59,36.38,40.15,--,--,--,--,23.08,41.3,36.48,44.69,8.21,3.768311,,
599, 2024/5/3 13:03:50,598.88,44.68,46.55,36.38,40.14,--,--,--,--,23.07,41.28,36.48,44.68,8.2,3.757271,,
600, 2024/5/3 13:03:51,599.88,44.69,46.56,36.36,40.11,--,--,--,--,23.08,41.27,36.46,44.69,8.23,3.774107,,
601, 2024/5/3 13:03:52,600.88,44.69,46.56,36.4,40.1,--,--,--,--,23.07,41.28,36.5,44.69,8.19,3.758164,,
602, 2024/5/3 13:03:53,601.88,44.67,46.55,36.38,40.11,--,--,--,--,23.07,41.27,36.48,44.67,8.19,3.757312,,
603, 2024/5/3 13:03:54,602.89,44.68,46.57,36.4,40.07,--,--,--,--,23.07,41.27,36.5,44.68,8.18,3.760574,,
604, 2024/5/3 13:03:55,603.89,44.68,46.55,36.4,40.04,--,--,--,--,23.06,41.26,36.5,44.68,8.18,3.759252,,
605, 2024/5/3 13:03:56,604.89,44.64,46.55,36.41,40.09,--,--,--,--,23.08,41.27,36.51,44.64,8.13,3.737615,,
606, 2024/5/3 13:03:57,605.89,44.62,46.5,36.4,40.06,--,--,--,--,23.07,41.24,36.5,44.62,8.12,3.727615,,
607, 2024/5/3 13:03:58,606.89,44.6,46.56,36.44,40.02,--,--,--,--,23.07,41.25,36.54,44.6,8.06,3.72272,,
608, 2024/5/3 13:03:59,607.89,44.6,46.55,36.42,40.02,--,--,--,--,23.07,41.24,36.52,44.6,8.08,3.728846,,
609, 2024/5/3 13:04:00,608.9,44.58,46.53,36.4,40.03,--,--,--,--,23.08,41.23,36.5,44.58,8.08,3.725599,,
610, 2024/5/3 13:04:01,609.9,44.55,46.5,36.43,40.03,--,--,--,--,23.07,41.22,36.53,44.55,8.02,3.697006,,
611, 2024/5/3 13:04:02,610.9,44.55,46.5,36.41,39.98,--,--,--,--,23.07,41.2,36.51,44.55,8.04,3.710882,,
612, 2024/5/3 13:04:03,611.9,44.56,46.5,36.49,39.99,--,--,--,--,23.08,41.23,36.59,44.56,7.97,3.679118,,
613, 2024/5/3 13:04:04,612.9,44.54,46.5,36.47,39.96,--,--,--,--,23.07,41.21,36.57,44.54,7.97,3.684861,,
614, 2024/5/3 13:04:05,613.9,44.51,46.49,36.48,39.97,--,--,--,--,23.08,41.21,36.58,44.51,7.93,3.668189,,
615, 2024/5/3 13:04:06,614.9,44.42,46.5,36.48,39.95,--,--,--,--,23.08,41.18,36.58,44.42,7.84,3.64594,,
616, 2024/5/3 13:04:07,615.9,44.39,46.48,36.41,39.92,--,--,--,--,23.07,41.14,36.51,44.39,7.88,3.665144,,
617, 2024/5/3 13:04:08,616.91,44.43,46.47,36.48,39.95,--,--,--,--,23.09,41.18,36.58,44.43,7.85,3.641835,,
618, 2024/5/3 13:04:09,617.91,44.36,46.48,36.48,39.93,--,--,--,--,23.07,41.16,36.58,44.36,7.78,3.62571,,
619, 2024/5/3 13:04:10,618.91,44.36,46.47,36.49,39.92,--,--,--,--,23.08,41.15,36.59,44.36,7.77,3.620253,,
620, 2024/5/3 13:04:11,619.91,44.33,46.47,36.47,39.91,--,--,--,--,23.09,41.14,36.57,44.33,7.76,3.620952,,
621, 2024/5/3 13:04:12,620.91,44.28,46.46,36.5,39.86,--,--,--,--,23.08,41.12,36.6,44.28,7.68,3.597024,,
622, 2024/5/3 13:04:13,621.91,44.24,46.47,36.47,39.88,--,--,--,--,23.08,41.11,36.57,44.24,7.67,3.598065,,
623, 2024/5/3 13:04:14,622.91,44.22,46.43,36.51,39.88,--,--,--,--,23.08,41.1,36.61,44.22,7.61,3.565704,,
624, 2024/5/3 13:04:15,623.92,44.18,46.44,36.53,39.85,--,--,--,--,23.07,41.09,36.63,44.18,7.55,3.551599,,
625, 2024/5/3 13:04:16,624.92,44.23,46.42,36.54,39.85,--,--,--,--,23.08,41.1,36.64,44.23,7.59,3.557107,,
626, 2024/5/3 13:04:17,625.92,44.2,46.41,36.51,39.84,--,--,--,--,23.07,41.08,36.61,44.2,7.59,3.559622,,
627, 2024/5/3 13:04:18,626.92,44.21,46.44,36.52,39.83,--,--,--,--,23.08,41.09,36.62,44.21,7.59,3.566849,,
628, 2024/5/3 13:04:19,627.92,44.18,46.37,36.54,39.83,--,--,--,--,23.07,41.07,36.64,44.18,7.54,3.532681,,
629, 2024/5/3 13:04:20,628.92,44.19,46.39,36.57,39.81,--,--,--,--,23.07,41.08,36.67,44.19,7.52,3.530315,,
630, 2024/5/3 13:04:21,629.92,44.19,46.38,36.57,39.78,--,--,--,--,23.08,41.07,36.67,44.19,7.52,3.531515,,
631, 2024/5/3 13:04:22,630.93,44.18,46.37,36.57,39.79,--,--,--,--,23.08,41.07,36.67,44.18,7.51,3.52493,,
632, 2024/5/3 13:04:23,631.93,44.18,46.38,36.59,39.79,--,--,--,--,23.08,41.08,36.69,44.18,7.49,3.519047,,
633, 2024/5/3 13:04:24,632.93,44.17,46.35,36.55,39.77,--,--,--,--,23.08,41.05,36.65,44.17,7.52,3.527878,,
634, 2024/5/3 13:04:25,633.93,44.18,46.35,36.58,39.74,--,--,--,--,23.08,41.06,36.68,44.18,7.5,3.522057,,
635, 2024/5/3 13:04:26,634.93,44.15,46.3,36.56,39.78,--,--,--,--,23.07,41.04,36.66,44.15,7.49,3.504517,,
636, 2024/5/3 13:04:27,635.93,44.15,46.32,36.6,39.74,--,--,--,--,23.08,41.05,36.7,44.15,7.45,3.497622,,
637, 2024/5/3 13:04:28,636.93,44.11,46.3,36.57,39.72,--,--,--,--,23.07,41.02,36.67,44.11,7.44,3.495853,,
638, 2024/5/3 13:04:29,637.93,44.09,46.31,36.59,39.73,--,--,--,--,23.08,41.02,36.69,44.09,7.4,3.482888,,
639, 2024/5/3 13:04:30,638.94,44.11,46.31,36.61,39.7,--,--,--,--,23.08,41.03,36.71,44.11,7.4,3.484256,,
640, 2024/5/3 13:04:31,639.94,44.05,46.3,36.6,39.72,--,--,--,--,23.08,41.01,36.7,44.05,7.35,3.465801,,
641, 2024/5/3 13:04:32,640.94,44.03,46.3,36.64,39.65,--,--,--,--,23.08,41,36.74,44.03,7.29,3.452336,,
642, 2024/5/3 13:04:33,641.94,44.01,46.3,36.61,39.66,--,--,--,--,23.07,40.99,36.71,44.01,7.3,3.457554,,
643, 2024/5/3 13:04:34,642.94,44.02,46.29,36.61,39.64,--,--,--,--,23.08,40.98,36.71,44.02,7.31,3.460569,,
644, 2024/5/3 13:04:35,643.94,44.01,46.27,36.64,39.67,--,--,--,--,23.09,40.99,36.74,44.01,7.27,3.436465,,
645, 2024/5/3 13:04:36,644.95,44,46.29,36.64,39.63,--,--,--,--,23.08,40.98,36.74,44,7.26,3.443687,,
646, 2024/5/3 13:04:37,645.95,44,46.24,36.65,39.64,--,--,--,--,23.08,40.98,36.75,44,7.25,3.425871,,
647, 2024/5/3 13:04:38,646.95,44.03,46.24,36.62,39.64,--,--,--,--,23.08,40.98,36.72,44.03,7.31,3.447054,,
648, 2024/5/3 13:04:39,647.95,43.98,46.25,36.66,39.64,--,--,--,--,23.08,40.98,36.76,43.98,7.22,3.418362,,
649, 2024/5/3 13:04:40,648.95,43.94,46.23,36.65,39.61,--,--,--,--,23.08,40.95,36.75,43.94,7.19,3.409703,,
650, 2024/5/3 13:04:41,649.95,43.9,46.24,36.66,39.6,--,--,--,--,23.08,40.94,36.76,43.9,7.14,3.39777,,
651, 2024/5/3 13:04:42,650.96,43.9,46.23,36.68,39.58,--,--,--,--,23.09,40.94,36.78,43.9,7.12,3.389708,,
652, 2024/5/3 13:04:43,651.95,43.88,46.23,36.69,39.54,--,--,--,--,23.08,40.93,36.79,43.88,7.09,3.385212,,
653, 2024/5/3 13:04:44,652.96,43.89,46.21,36.67,39.57,--,--,--,--,23.08,40.93,36.77,43.89,7.12,3.387198,,
654, 2024/5/3 13:04:45,653.96,43.87,46.2,36.66,39.57,--,--,--,--,23.07,40.92,36.76,43.87,7.11,3.382952,,
655, 2024/5/3 13:04:46,654.96,43.87,46.21,36.69,39.57,--,--,--,--,23.09,40.93,36.79,43.87,7.08,3.373192,,
656, 2024/5/3 13:04:47,655.96,43.85,46.17,36.7,39.56,--,--,--,--,23.09,40.91,36.8,43.85,7.05,3.354551,,
657, 2024/5/3 13:04:48,656.96,43.83,46.2,36.7,39.56,--,--,--,--,23.08,40.92,36.8,43.83,7.03,3.356314,,
658, 2024/5/3 13:04:49,657.96,43.81,46.2,36.68,39.5,--,--,--,--,23.08,40.89,36.78,43.81,7.03,3.366846,,
659, 2024/5/3 13:04:50,658.96,43.83,46.17,36.69,39.52,--,--,--,--,23.08,40.9,36.79,43.83,7.04,3.358218,,
660, 2024/5/3 13:04:51,659.97,43.81,46.14,36.68,39.48,--,--,--,--,23.08,40.87,36.78,43.81,7.03,3.354371,,
661, 2024/5/3 13:04:52,660.97,43.77,46.16,36.7,39.49,--,--,--,--,23.08,40.87,36.8,43.77,6.97,3.33831,,
662, 2024/5/3 13:04:53,661.97,43.73,46.11,36.72,39.49,--,--,--,--,23.08,40.86,36.82,43.73,6.91,3.305837,,
663, 2024/5/3 13:04:54,662.97,43.68,46.11,36.67,39.45,--,--,--,--,23.07,40.82,36.77,43.68,6.91,3.317258,,
664, 2024/5/3 13:04:55,663.97,43.7,46.1,36.74,39.45,--,--,--,--,23.09,40.84,36.84,43.7,6.86,3.292045,,
665, 2024/5/3 13:04:56,664.97,43.69,46.11,36.73,39.46,--,--,--,--,23.09,40.84,36.83,43.69,6.86,3.294368,,
666, 2024/5/3 13:04:57,665.97,43.69,46.1,36.74,39.43,--,--,--,--,23.08,40.83,36.84,43.69,6.85,3.291981,,
667, 2024/5/3 13:04:58,666.98,43.67,46.06,36.75,39.44,--,--,--,--,23.07,40.82,36.85,43.67,6.82,3.270467,,
668, 2024/5/3 13:04:59,667.98,43.7,46.07,36.72,39.44,--,--,--,--,23.08,40.83,36.82,43.7,6.88,3.293892,,
669, 2024/5/3 13:05:00,668.98,43.66,46.09,36.73,39.4,--,--,--,--,23.09,40.81,36.83,43.66,6.83,3.289037,,
670, 2024/5/3 13:05:01,669.98,43.62,46.05,36.74,39.41,--,--,--,--,23.09,40.8,36.84,43.62,6.78,3.261722,,
671, 2024/5/3 13:05:02,670.98,43.61,46.04,36.75,39.4,--,--,--,--,23.08,40.79,36.85,43.61,6.76,3.253637,,
672, 2024/5/3 13:05:03,671.98,43.62,46.06,36.72,39.38,--,--,--,--,23.08,40.79,36.82,43.62,6.8,3.276657,,
673, 2024/5/3 13:05:04,672.99,43.55,46.03,36.75,39.36,--,--,--,--,23.08,40.77,36.85,43.55,6.7,3.239525,,
674, 2024/5/3 13:05:05,673.98,43.53,46.06,36.77,39.38,--,--,--,--,23.09,40.78,36.87,43.53,6.66,3.230741,,
675, 2024/5/3 13:05:06,674.99,43.51,46.05,36.77,39.35,--,--,--,--,23.09,40.76,36.87,43.51,6.64,3.226777,,
676, 2024/5/3 13:05:07,675.99,43.48,46.03,36.75,39.32,--,--,--,--,23.09,40.74,36.85,43.48,6.63,3.225401,,
677, 2024/5/3 13:05:08,676.99,43.44,46.03,36.8,39.31,--,--,--,--,23.09,40.74,36.9,43.44,6.54,3.195518,,
678, 2024/5/3 13:05:09,677.99,43.45,46.03,36.79,39.34,--,--,--,--,23.08,40.75,36.89,43.45,6.56,3.197922,,
679, 2024/5/3 13:05:10,678.99,43.43,45.97,36.77,39.3,--,--,--,--,23.08,40.71,36.87,43.43,6.56,3.190251,,
680, 2024/5/3 13:05:11,679.99,43.39,45.98,36.82,39.32,--,--,--,--,23.09,40.72,36.92,43.39,6.47,3.158577,,
681, 2024/5/3 13:05:12,680.99,43.4,45.98,36.77,39.27,--,--,--,--,23.08,40.7,36.87,43.4,6.53,3.188854,,
682, 2024/5/3 13:05:13,682,43.37,45.99,36.8,39.25,--,--,--,--,23.09,40.7,36.9,43.37,6.47,3.174108,,
683, 2024/5/3 13:05:14,683,43.32,45.97,36.81,39.26,--,--,--,--,23.09,40.68,36.91,43.32,6.41,3.149203,,
684, 2024/5/3 13:05:15,684,43.34,45.94,36.8,39.29,--,--,--,--,23.09,40.69,36.9,43.34,6.44,3.146262,,
685, 2024/5/3 13:05:16,685,43.3,45.94,36.8,39.25,--,--,--,--,23.08,40.67,36.9,43.3,6.4,3.140999,,
686, 2024/5/3 13:05:17,686,43.29,45.97,36.81,39.27,--,--,--,--,23.08,40.68,36.91,43.29,6.38,3.13936,,
687, 2024/5/3 13:05:18,687,43.3,45.98,36.8,39.24,--,--,--,--,23.09,40.67,36.9,43.3,6.4,3.153357,,
688, 2024/5/3 13:05:19,688,43.27,45.93,36.79,39.2,--,--,--,--,23.08,40.64,36.89,43.27,6.38,3.141478,,
689, 2024/5/3 13:05:20,689.01,43.28,45.93,36.82,39.23,--,--,--,--,23.09,40.66,36.92,43.28,6.36,3.127761,,
690, 2024/5/3 13:05:21,690.01,43.28,45.94,36.79,39.23,--,--,--,--,23.09,40.65,36.89,43.28,6.39,3.142428,,
691, 2024/5/3 13:05:22,691.01,43.24,45.91,36.79,39.19,--,--,--,--,23.07,40.63,36.89,43.24,6.35,3.129203,,
692, 2024/5/3 13:05:23,692.01,43.23,45.89,36.83,39.2,--,--,--,--,23.1,40.63,36.93,43.23,6.3,3.103539,,
693, 2024/5/3 13:05:24,693.01,43.18,45.89,36.82,39.16,--,--,--,--,23.08,40.61,36.92,43.18,6.26,3.099788,,
694, 2024/5/3 13:05:25,694.01,43.15,45.88,36.82,39.17,--,--,--,--,23.08,40.6,36.92,43.15,6.23,3.087191,,
695, 2024/5/3 13:05:26,695.01,43.12,45.85,36.82,39.17,--,--,--,--,23.09,40.58,36.92,43.12,6.2,3.070665,,
696, 2024/5/3 13:05:27,696.02,43.1,45.87,36.82,39.17,--,--,--,--,23.08,40.58,36.92,43.14,6.22,3.070704,,
697, 2024/5/3 13:05:28,697.02,43.05,45.86,36.81,39.13,--,--,--,--,23.08,40.56,36.91,43.13,6.22,3.064443,,
698, 2024/5/3 13:05:29,698.02,43.07,45.85,36.87,39.14,--,--,--,--,23.09,40.58,36.97,43.12,6.15,3.041786,,
699, 2024/5/3 13:05:30,699.02,43.06,45.83,36.85,39.11,--,--,--,--,23.09,40.56,36.95,43.1,6.15,3.046098,,
700, 2024/5/3 13:05:31,700.02,43.06,45.82,36.85,39.1,--,--,--,--,23.08,40.55,36.95,43.09,6.14,3.044906,,
701, 2024/5/3 13:05:32,701.02,43.05,45.84,36.82,39.08,--,--,--,--,23.09,40.54,36.92,43.11,6.19,3.062742,,
702, 2024/5/3 13:05:33,702.02,43.06,45.81,36.87,39.06,--,--,--,--,23.09,40.54,36.97,43.08,6.11,3.040686,,
703, 2024/5/3 13:05:34,703.03,43.07,45.82,36.85,39.08,--,--,--,--,23.1,40.55,36.95,43.09,6.14,3.050849,,
704, 2024/5/3 13:05:35,704.03,42.99,45.81,36.82,39.06,--,--,--,--,23.09,40.51,36.92,43.08,6.16,3.041162,,
705, 2024/5/3 13:05:36,705.03,43.03,45.79,36.86,39.06,--,--,--,--,23.09,40.53,36.96,43.06,6.1,3.030767,,
706, 2024/5/3 13:05:37,706.03,42.98,45.77,36.86,39.05,--,--,--,--,23.07,40.51,36.96,43.04,6.08,3.013077,,
707, 2024/5/3 13:05:38,707.03,42.98,45.73,36.88,39.04,--,--,--,--,23.08,40.5,36.98,43,6.02,2.995691,,
708, 2024/5/3 13:05:39,708.03,42.97,45.77,36.88,39.02,--,--,--,--,23.09,40.5,36.98,43.04,6.06,3.007396,,
709, 2024/5/3 13:05:40,709.03,42.97,45.74,36.85,39,--,--,--,--,23.08,40.48,36.95,43.01,6.06,3.013988,,
710, 2024/5/3 13:05:41,710.03,42.94,45.75,36.88,39,--,--,--,--,23.09,40.49,36.98,43.02,6.04,2.996863,,
711, 2024/5/3 13:05:42,711.04,42.93,45.72,36.88,39.03,--,--,--,--,23.09,40.48,36.98,42.99,6.01,2.980783,,
712, 2024/5/3 13:05:43,712.04,42.92,45.73,36.88,38.97,--,--,--,--,23.09,40.47,36.98,43,6.02,2.990735,,
713, 2024/5/3 13:05:44,713.04,42.89,45.71,36.91,38.95,--,--,--,--,23.09,40.46,37.01,42.98,5.97,2.968606,,
714, 2024/5/3 13:05:45,714.04,42.86,45.67,36.93,38.94,--,--,--,--,23.09,40.44,37.03,42.94,5.91,2.943041,,
715, 2024/5/3 13:05:46,715.04,42.88,45.74,36.91,38.93,--,--,--,--,23.1,40.46,37.01,43.01,6,2.977823,,
716, 2024/5/3 13:05:47,716.04,42.87,45.69,36.89,38.96,--,--,--,--,23.09,40.45,36.99,42.96,5.97,2.963558,,
717, 2024/5/3 13:05:48,717.04,42.84,45.66,36.9,38.92,--,--,--,--,23.09,40.42,37,42.93,5.93,2.949742,,
718, 2024/5/3 13:05:49,718.05,42.79,45.69,36.91,38.88,--,--,--,--,23.08,40.41,37.01,42.96,5.95,2.947758,,
719, 2024/5/3 13:05:50,719.05,42.83,45.66,36.89,38.91,--,--,--,--,23.08,40.42,36.99,42.93,5.94,2.952577,,
720, 2024/5/3 13:05:51,720.05,42.8,45.64,36.9,38.87,--,--,--,--,23.09,40.4,37,42.91,5.91,2.941707,,
721, 2024/5/3 13:05:52,721.05,42.79,45.65,36.94,38.85,--,--,--,--,23.1,40.4,37.04,42.92,5.88,2.929991,,
722, 2024/5/3 13:05:53,722.05,42.7,45.64,36.92,38.82,--,--,--,--,23.08,40.36,37.02,42.91,5.89,2.91578,,
723, 2024/5/3 13:05:54,723.05,42.75,45.59,36.93,38.84,--,--,--,--,23.09,40.37,37.03,42.86,5.83,2.907521,,
724, 2024/5/3 13:05:55,724.05,42.72,45.64,36.95,38.83,--,--,--,--,23.09,40.38,37.05,42.91,5.86,2.907911,,
725, 2024/5/3 13:05:56,725.06,42.7,45.62,36.95,38.8,--,--,--,--,23.1,40.36,37.05,42.89,5.84,2.902073,,
726, 2024/5/3 13:05:57,726.06,42.69,45.58,36.94,38.81,--,--,--,--,23.1,40.35,37.04,42.85,5.81,2.889823,,
727, 2024/5/3 13:05:58,727.06,42.65,45.57,36.94,38.83,--,--,--,--,23.09,40.34,37.04,42.84,5.8,2.872639,,
728, 2024/5/3 13:05:59,728.06,42.64,45.57,36.94,38.78,--,--,--,--,23.09,40.33,37.04,42.84,5.8,2.878814,,
729, 2024/5/3 13:06:00,729.06,42.62,45.55,36.94,38.79,--,--,--,--,23.09,40.32,37.04,42.82,5.78,2.865852,,
730, 2024/5/3 13:06:01,730.06,42.62,45.55,36.94,38.75,--,--,--,--,23.09,40.31,37.04,42.82,5.78,2.873019,,
731, 2024/5/3 13:06:02,731.06,42.57,45.56,36.96,38.78,--,--,--,--,23.1,40.31,37.06,42.83,5.77,2.849643,,
732, 2024/5/3 13:06:03,732.07,42.61,45.53,36.91,38.76,--,--,--,--,23.09,40.3,37.01,42.8,5.79,2.874129,,
733, 2024/5/3 13:06:04,733.07,42.54,45.52,36.95,38.78,--,--,--,--,23.09,40.29,37.05,42.79,5.74,2.833736,,
734, 2024/5/3 13:06:05,734.07,42.57,45.53,36.98,38.78,--,--,--,--,23.1,40.31,37.08,42.8,5.72,2.833221,,
735, 2024/5/3 13:06:06,735.07,42.48,45.54,36.95,38.73,--,--,--,--,23.09,40.27,37.05,42.81,5.76,2.832878,,
736, 2024/5/3 13:06:07,736.07,42.52,45.48,36.96,38.7,--,--,--,--,23.1,40.26,37.06,42.75,5.69,2.827325,,
737, 2024/5/3 13:06:08,737.07,42.48,45.51,36.95,38.73,--,--,--,--,23.09,40.26,37.05,42.78,5.73,2.823931,,
738, 2024/5/3 13:06:09,738.07,42.44,45.49,36.97,38.72,--,--,--,--,23.1,40.25,37.07,42.76,5.69,2.801757,,
739, 2024/5/3 13:06:10,739.08,42.43,45.46,36.97,38.69,--,--,--,--,23.09,40.23,37.07,42.73,5.66,2.795671,,
740, 2024/5/3 13:06:11,740.08,42.38,45.45,36.98,38.67,--,--,--,--,23.09,40.21,37.08,42.72,5.64,2.779536,,
741, 2024/5/3 13:06:12,741.08,42.39,45.47,36.97,38.66,--,--,--,--,23.09,40.22,37.07,42.74,5.67,2.793762,,
742, 2024/5/3 13:06:13,742.08,42.4,45.47,36.97,38.67,--,--,--,--,23.09,40.22,37.07,42.74,5.67,2.794514,,
743, 2024/5/3 13:06:14,743.08,42.38,45.4,37,38.67,--,--,--,--,23.09,40.21,37.1,42.67,5.57,2.75706,,
744, 2024/5/3 13:06:15,744.08,42.38,45.45,36.95,38.63,--,--,--,--,23.1,40.2,37.05,42.72,5.67,2.798217,,
745, 2024/5/3 13:06:16,745.08,42.38,45.42,36.99,38.67,--,--,--,--,23.1,40.21,37.09,42.69,5.6,2.766784,,
746, 2024/5/3 13:06:17,746.09,42.35,45.4,36.97,38.64,--,--,--,--,23.09,40.18,37.07,42.67,5.6,2.766027,,
747, 2024/5/3 13:06:18,747.09,42.31,45.41,36.96,38.67,--,--,--,--,23.09,40.18,37.06,42.68,5.62,2.756896,,
748, 2024/5/3 13:06:19,748.09,42.32,45.42,36.95,38.64,--,--,--,--,23.09,40.18,37.05,42.69,5.64,2.771772,,
749, 2024/5/3 13:06:20,749.09,42.33,45.4,37,38.62,--,--,--,--,23.1,40.18,37.1,42.67,5.57,2.753341,,
750, 2024/5/3 13:06:21,750.09,42.32,45.39,36.98,38.64,--,--,--,--,23.1,40.18,37.08,42.66,5.58,2.751457,,
751, 2024/5/3 13:06:22,751.09,42.28,45.36,36.99,38.54,--,--,--,--,23.09,40.14,37.09,42.63,5.54,2.747245,,
752, 2024/5/3 13:06:23,752.1,42.3,45.35,36.97,38.62,--,--,--,--,23.1,40.15,37.07,42.62,5.55,2.741697,,
753, 2024/5/3 13:06:24,753.09,42.26,45.35,37.01,38.58,--,--,--,--,23.1,40.14,37.11,42.62,5.51,2.723921,,
754, 2024/5/3 13:06:25,754.1,42.25,45.35,36.98,38.52,--,--,--,--,23.1,40.12,37.08,42.62,5.54,2.74399,,
755, 2024/5/3 13:06:26,755.1,42.21,45.34,36.98,38.55,--,--,--,--,23.1,40.11,37.08,42.61,5.53,2.724855,,
756, 2024/5/3 13:06:27,756.1,42.22,45.32,36.98,38.53,--,--,--,--,23.1,40.11,37.08,42.59,5.51,2.725165,,
757, 2024/5/3 13:06:28,757.1,42.22,45.31,36.97,38.53,--,--,--,--,23.09,40.1,37.07,42.58,5.51,2.725837,,
758, 2024/5/3 13:06:29,758.1,42.17,45.3,36.96,38.54,--,--,--,--,23.08,40.09,37.06,42.57,5.51,2.711705,,
759, 2024/5/3 13:06:30,759.1,42.13,45.29,37.01,38.51,--,--,--,--,23.09,40.08,37.11,42.56,5.45,2.685688,,
760, 2024/5/3 13:06:31,760.1,42.13,45.29,36.97,38.51,--,--,--,--,23.1,40.07,37.07,42.56,5.49,2.700461,,
761, 2024/5/3 13:06:32,761.11,42.09,45.27,37.01,38.52,--,--,--,--,23.1,40.07,37.11,42.54,5.43,2.667413,,
762, 2024/5/3 13:06:33,762.11,42.1,45.25,36.99,38.51,--,--,--,--,23.09,40.06,37.09,42.52,5.43,2.673111,,
763, 2024/5/3 13:06:34,763.11,42.07,45.24,37.02,38.46,--,--,--,--,23.1,40.04,37.12,42.51,5.39,2.661114,,
764, 2024/5/3 13:06:35,764.11,42.07,45.23,36.98,38.46,--,--,--,--,23.09,40.03,37.08,42.5,5.42,2.672691,,
765, 2024/5/3 13:06:36,765.11,42.05,45.25,37.01,38.46,--,--,--,--,23.1,40.04,37.11,42.52,5.41,2.662805,,
766, 2024/5/3 13:06:37,766.11,42.06,45.2,36.99,38.48,--,--,--,--,23.1,40.03,37.09,42.47,5.38,2.65333,,
767, 2024/5/3 13:06:38,767.11,42.04,45.2,37,38.49,--,--,--,--,23.09,40.03,37.1,42.47,5.37,2.642612,,
768, 2024/5/3 13:06:39,768.12,42.03,45.21,37.03,38.45,--,--,--,--,23.1,40.02,37.13,42.48,5.35,2.639992,,
769, 2024/5/3 13:06:40,769.12,41.98,45.22,37,38.43,--,--,--,--,23.1,40,37.1,42.49,5.39,2.645459,,
770, 2024/5/3 13:06:41,770.12,42,45.15,37.03,38.41,--,--,--,--,23.09,39.99,37.13,42.42,5.29,2.621772,,
771, 2024/5/3 13:06:42,771.12,41.98,45.2,37.05,38.38,--,--,--,--,23.09,40,37.15,42.47,5.32,2.631102,,
772, 2024/5/3 13:06:43,772.12,41.96,45.17,37,38.41,--,--,--,--,23.09,39.98,37.1,42.44,5.34,2.628767,,
773, 2024/5/3 13:06:44,773.12,41.94,45.15,37,38.42,--,--,--,--,23.09,39.97,37.1,42.42,5.32,2.615527,,
774, 2024/5/3 13:06:45,774.12,41.95,45.14,37.02,38.41,--,--,--,--,23.09,39.97,37.12,42.41,5.29,2.609603,,
775, 2024/5/3 13:06:46,775.13,41.99,45.16,37,38.37,--,--,--,--,23.1,39.97,37.1,42.43,5.33,2.641274,,
776, 2024/5/3 13:06:47,776.13,41.98,45.14,37.01,38.4,--,--,--,--,23.1,39.98,37.11,42.41,5.3,2.622841,,
777, 2024/5/3 13:06:48,777.13,41.93,45.12,37.03,38.35,--,--,--,--,23.09,39.95,37.13,42.39,5.26,2.606805,,
778, 2024/5/3 13:06:49,778.13,41.93,45.11,37.04,38.34,--,--,--,--,23.09,39.95,37.14,42.38,5.24,2.602135,,
779, 2024/5/3 13:06:50,779.13,41.89,45.13,37.02,38.37,--,--,--,--,23.1,39.95,37.12,42.4,5.28,2.599445,,
780, 2024/5/3 13:06:51,780.13,41.9,45.11,37.03,38.35,--,--,--,--,23.1,39.94,37.13,42.38,5.25,2.59611,,
781, 2024/5/3 13:06:52,781.14,41.87,45.08,37.02,38.34,--,--,--,--,23.1,39.92,37.12,42.35,5.23,2.584806,,
782, 2024/5/3 13:06:53,782.14,41.84,45.07,37.03,38.32,--,--,--,--,23.09,39.91,37.13,42.34,5.21,2.574636,,
783, 2024/5/3 13:06:54,783.14,41.81,45.03,37.02,38.3,--,--,--,--,23.1,39.88,37.12,42.3,5.18,2.562235,,
784, 2024/5/3 13:06:55,784.14,41.79,45.06,37.04,38.29,--,--,--,--,23.1,39.89,37.14,42.33,5.19,2.561645,,
785, 2024/5/3 13:06:56,785.14,41.79,45.09,37.03,38.28,--,--,--,--,23.1,39.89,37.13,42.36,5.23,2.576854,,
786, 2024/5/3 13:06:57,786.14,41.75,45.03,37.04,38.28,--,--,--,--,23.1,39.87,37.14,42.3,5.16,2.544287,,
787, 2024/5/3 13:06:58,787.14,41.71,45.02,37.04,38.22,--,--,--,--,23.09,39.84,37.14,42.29,5.15,2.543863,,
788, 2024/5/3 13:06:59,788.15,41.73,45.01,37.04,38.26,--,--,--,--,23.1,39.85,37.14,42.28,5.14,2.537151,,
789, 2024/5/3 13:07:00,789.14,41.75,45.02,37.03,38.25,--,--,--,--,23.1,39.86,37.13,42.29,5.16,2.550942,,
790, 2024/5/3 13:07:01,790.15,41.71,44.99,37.05,38.22,--,--,--,--,23.1,39.84,37.15,42.26,5.11,2.530715,,
791, 2024/5/3 13:07:02,791.15,41.7,45.03,37.02,38.23,--,--,--,--,23.1,39.84,37.12,42.3,5.18,2.549611,,
792, 2024/5/3 13:07:03,792.15,41.69,45.01,37.03,38.22,--,--,--,--,23.11,39.83,37.13,42.28,5.15,2.539299,,
793, 2024/5/3 13:07:04,793.15,41.67,44.95,37.08,38.26,--,--,--,--,23.1,39.83,37.18,42.22,5.04,2.488982,,
794, 2024/5/3 13:07:05,794.15,41.66,44.94,37.05,38.21,--,--,--,--,23.09,39.81,37.15,42.21,5.06,2.504531,,
795, 2024/5/3 13:07:06,795.15,41.59,44.94,37.01,38.22,--,--,--,--,23.09,39.78,37.11,42.21,5.1,2.499563,,
796, 2024/5/3 13:07:07,796.15,41.62,44.95,37.03,38.23,--,--,--,--,23.1,39.8,37.13,42.22,5.09,2.500836,,
797, 2024/5/3 13:07:08,797.16,41.62,44.96,37.04,38.19,--,--,--,--,23.1,39.8,37.14,42.23,5.09,2.508972,,
798, 2024/5/3 13:07:09,798.16,41.59,44.91,37.07,38.18,--,--,--,--,23.1,39.78,37.17,42.18,5.01,2.477113,,
799, 2024/5/3 13:07:10,799.16,41.58,44.94,37.04,38.16,--,--,--,--,23.1,39.77,37.14,42.21,5.07,2.499248,,
800, 2024/5/3 13:07:11,800.16,41.6,44.9,37.07,38.2,--,--,--,--,23.1,39.79,37.17,42.17,5,2.472034,,
801, 2024/5/3 13:07:12,801.16,41.54,44.86,37.08,38.16,--,--,--,--,23.1,39.75,37.18,42.13,4.95,2.449587,,
802, 2024/5/3 13:07:13,802.16,41.52,44.87,37.04,38.18,--,--,--,--,23.09,39.75,37.14,42.14,5,2.457763,,
803, 2024/5/3 13:07:14,803.16,41.52,44.89,37.06,38.17,--,--,--,--,23.11,39.75,37.16,42.16,5,2.459364,,
804, 2024/5/3 13:07:15,804.17,41.52,44.86,37.06,38.17,--,--,--,--,23.09,39.75,37.16,42.13,4.97,2.449604,,
805, 2024/5/3 13:07:16,805.17,41.48,44.85,37.03,38.18,--,--,--,--,23.1,39.73,37.13,42.12,4.99,2.445202,,
806, 2024/5/3 13:07:17,806.17,41.46,44.88,37.05,38.14,--,--,--,--,23.11,39.73,37.15,42.15,5,2.451781,,
807, 2024/5/3 13:07:18,807.17,41.46,44.83,37.06,38.12,--,--,--,--,23.1,39.71,37.16,42.1,4.94,2.436199,,
808, 2024/5/3 13:07:19,808.17,41.41,44.85,37.04,38.13,--,--,--,--,23.09,39.7,37.14,42.12,4.98,2.435775,,
809, 2024/5/3 13:07:20,809.17,41.42,44.83,37.08,38.15,--,--,--,--,23.1,39.71,37.18,42.1,4.92,2.413203,,
810, 2024/5/3 13:07:21,810.17,41.42,44.8,37.09,38.14,--,--,--,--,23.1,39.71,37.19,42.07,4.88,2.402,,
811, 2024/5/3 13:07:22,811.18,41.42,44.83,37.05,38.11,--,--,--,--,23.09,39.7,37.15,42.1,4.95,2.432343,,
812, 2024/5/3 13:07:23,812.18,41.42,44.78,37.07,38.11,--,--,--,--,23.1,39.69,37.17,42.05,4.88,2.408958,,
813, 2024/5/3 13:07:24,813.18,41.34,44.77,37.1,38.07,--,--,--,--,23.1,39.66,37.2,42.04,4.84,2.385125,,
814, 2024/5/3 13:07:25,814.18,41.38,44.75,37.08,38.07,--,--,--,--,23.1,39.66,37.18,42.02,4.84,2.394881,,
815, 2024/5/3 13:07:26,815.18,41.32,44.72,37.04,38.07,--,--,--,--,23.1,39.63,37.14,41.99,4.85,2.384631,,
816, 2024/5/3 13:07:27,816.18,41.33,44.75,37.06,38.07,--,--,--,--,23.11,39.65,37.16,42.02,4.86,2.389956,,
817, 2024/5/3 13:07:28,817.18,41.3,44.73,37.04,38.04,--,--,--,--,23.1,39.62,37.14,42,4.86,2.389806,,
818, 2024/5/3 13:07:29,818.19,41.3,44.73,37.09,38.04,--,--,--,--,23.1,39.63,37.19,42,4.81,2.372579,,
819, 2024/5/3 13:07:30,819.19,41.33,44.71,37.09,38.05,--,--,--,--,23.11,39.64,37.19,41.98,4.79,2.370812,,
820, 2024/5/3 13:07:31,820.19,41.29,44.74,37.03,38.03,--,--,--,--,23.1,39.62,37.13,42.01,4.88,2.396456,,
821, 2024/5/3 13:07:32,821.19,41.3,44.74,37.04,37.99,--,--,--,--,23.1,39.61,37.14,42.01,4.87,2.404258,,
822, 2024/5/3 13:07:33,822.19,41.3,44.68,37.08,37.98,--,--,--,--,23.1,39.6,37.18,41.95,4.77,2.372994,,
823, 2024/5/3 13:07:34,823.19,41.24,44.67,37.04,37.98,--,--,--,--,23.09,39.58,37.14,41.94,4.8,2.369157,,
824, 2024/5/3 13:07:35,824.19,41.21,44.67,37.08,37.97,--,--,--,--,23.11,39.58,37.18,41.94,4.76,2.350777,,
825, 2024/5/3 13:07:36,825.2,41.18,44.66,37.08,37.96,--,--,--,--,23.1,39.56,37.18,41.93,4.75,2.342769,,
826, 2024/5/3 13:07:37,826.2,41.14,44.64,37.05,37.95,--,--,--,--,23.1,39.54,37.15,41.91,4.76,2.339299,,
827, 2024/5/3 13:07:38,827.2,41.13,44.64,37.06,37.93,--,--,--,--,23.1,39.53,37.16,41.91,4.75,2.338187,,
828, 2024/5/3 13:07:39,828.2,41.12,44.6,37.05,37.94,--,--,--,--,23.11,39.52,37.15,41.87,4.72,2.323487,,
829, 2024/5/3 13:07:40,829.2,41.11,44.63,37.08,37.91,--,--,--,--,23.1,39.53,37.18,41.9,4.72,2.328092,,
830, 2024/5/3 13:07:41,830.2,41.11,44.6,37.08,37.94,--,--,--,--,23.1,39.53,37.18,41.87,4.69,2.311019,,
831, 2024/5/3 13:07:42,831.21,41.07,44.59,37.09,37.92,--,--,--,--,23.1,39.51,37.19,41.86,4.67,2.299751,,
832, 2024/5/3 13:07:43,832.2,41.11,44.61,37.05,37.91,--,--,--,--,23.11,39.51,37.15,41.88,4.73,2.331404,,
833, 2024/5/3 13:07:44,833.21,41.11,44.59,37.08,37.87,--,--,--,--,23.1,39.51,37.18,41.86,4.68,2.323852,,
834, 2024/5/3 13:07:45,834.21,41.09,44.58,37.06,37.84,--,--,--,--,23.11,39.49,37.16,41.85,4.69,2.32958,,
835, 2024/5/3 13:07:46,835.21,41.09,44.56,37.03,37.9,--,--,--,--,23.1,39.49,37.13,41.83,4.7,2.318995,,
836, 2024/5/3 13:07:47,836.21,41.11,44.55,37.08,37.85,--,--,--,--,23.11,39.49,37.18,41.82,4.64,2.315094,,
837, 2024/5/3 13:07:48,837.21,41.08,44.54,37.09,37.85,--,--,--,--,23.1,39.48,37.19,41.81,4.62,2.301437,,
838, 2024/5/3 13:07:49,838.21,41.07,44.52,37.09,37.87,--,--,--,--,23.09,39.48,37.19,41.79,4.6,2.287676,,
839, 2024/5/3 13:07:50,839.21,41.07,44.53,37.06,37.83,--,--,--,--,23.1,39.47,37.16,41.8,4.64,2.310449,,
840, 2024/5/3 13:07:51,840.22,41.08,44.52,37.04,37.84,--,--,--,--,23.1,39.46,37.14,41.79,4.65,2.313728,,
841, 2024/5/3 13:07:52,841.22,41.05,44.51,37.04,37.83,--,--,--,--,23.1,39.45,37.14,41.78,4.64,2.305735,,
842, 2024/5/3 13:07:53,842.22,41.03,44.5,37.08,37.84,--,--,--,--,23.1,39.46,37.18,41.77,4.59,2.28208,,
843, 2024/5/3 13:07:54,843.22,41.02,44.45,37.08,37.84,--,--,--,--,23.1,39.44,37.18,41.72,4.54,2.262911,,
844, 2024/5/3 13:07:55,844.22,40.98,44.46,37.07,37.84,--,--,--,--,23.11,39.43,37.17,41.73,4.56,2.260394,,
845, 2024/5/3 13:07:56,845.22,40.95,44.43,37.07,37.84,--,--,--,--,23.1,39.42,37.17,41.7,4.53,2.243366,,
846, 2024/5/3 13:07:57,846.22,40.89,44.43,37.08,37.83,--,--,--,--,23.1,39.4,37.18,41.7,4.52,2.228851,,
847, 2024/5/3 13:07:58,847.23,40.9,44.45,37.08,37.84,--,--,--,--,23.1,39.41,37.18,41.72,4.54,2.235622,,
848, 2024/5/3 13:07:59,848.23,40.84,44.4,37.08,37.8,--,--,--,--,23.11,39.37,37.18,41.67,4.49,2.214495,,
849, 2024/5/3 13:08:00,849.23,40.86,44.39,37.06,37.77,--,--,--,--,23.1,39.36,37.16,41.66,4.5,2.229201,,
850, 2024/5/3 13:08:01,850.23,40.83,44.43,37.07,37.78,--,--,--,--,23.1,39.37,37.17,41.7,4.53,2.230729,,
851, 2024/5/3 13:08:02,851.23,40.87,44.4,37.05,37.76,--,--,--,--,23.11,39.36,37.15,41.67,4.52,2.240557,,
852, 2024/5/3 13:08:03,852.23,40.81,44.4,37.09,37.81,--,--,--,--,23.11,39.37,37.19,41.67,4.48,2.202237,,
853, 2024/5/3 13:08:04,853.23,40.79,44.42,37.07,37.76,--,--,--,--,23.11,39.35,37.17,41.69,4.52,2.223346,,
854, 2024/5/3 13:08:05,854.24,40.75,44.37,37.07,37.78,--,--,--,--,23.1,39.34,37.17,41.64,4.47,2.192444,,
855, 2024/5/3 13:08:06,855.24,40.74,44.38,37.08,37.77,--,--,--,--,23.1,39.34,37.18,41.65,4.47,2.192899,,
856, 2024/5/3 13:08:07,856.24,40.77,44.36,37.07,37.74,--,--,--,--,23.11,39.33,37.17,41.63,4.46,2.202829,,
857, 2024/5/3 13:08:08,857.24,40.71,44.34,37.05,37.75,--,--,--,--,23.1,39.31,37.15,41.61,4.46,2.187009,,
858, 2024/5/3 13:08:09,858.24,40.7,44.33,37.05,37.74,--,--,--,--,23.1,39.3,37.15,41.6,4.45,2.183728,,
859, 2024/5/3 13:08:10,859.24,40.7,44.33,37.04,37.72,--,--,--,--,23.1,39.29,37.14,41.6,4.46,2.191766,,
860, 2024/5/3 13:08:11,860.24,40.7,44.31,37.07,37.71,--,--,--,--,23.1,39.29,37.17,41.58,4.41,2.177396,,
861, 2024/5/3 13:08:12,861.25,40.69,44.3,37.09,37.72,--,--,--,--,23.11,39.29,37.19,41.57,4.38,2.162805,,
862, 2024/5/3 13:08:13,862.25,40.68,44.29,37.05,37.66,--,--,--,--,23.11,39.26,37.15,41.56,4.41,2.184683,,
863, 2024/5/3 13:08:14,863.25,40.68,44.29,37.09,37.64,--,--,--,--,23.11,39.27,37.19,41.56,4.37,2.176807,,
864, 2024/5/3 13:08:15,864.25,40.67,44.26,37.06,37.64,--,--,--,--,23.1,39.25,37.16,41.53,4.37,2.173705,,
865, 2024/5/3 13:08:16,865.25,40.63,44.28,37.07,37.64,--,--,--,--,23.11,39.25,37.17,41.55,4.38,2.16894,,
866, 2024/5/3 13:08:17,866.25,40.61,44.24,37.06,37.63,--,--,--,--,23.1,39.23,37.16,41.51,4.35,2.156203,,
867, 2024/5/3 13:08:18,867.25,40.61,44.26,37.09,37.61,--,--,--,--,23.11,39.24,37.19,41.53,4.34,2.158719,,
868, 2024/5/3 13:08:19,868.26,40.61,44.24,37.05,37.64,--,--,--,--,23.11,39.23,37.15,41.51,4.36,2.156939,,
869, 2024/5/3 13:08:20,869.26,40.58,44.22,37.06,37.6,--,--,--,--,23.1,39.21,37.16,41.49,4.33,2.150192,,
870, 2024/5/3 13:08:21,870.26,40.56,44.2,37.06,37.62,--,--,--,--,23.1,39.2,37.16,41.47,4.31,2.133894,,
871, 2024/5/3 13:08:22,871.26,40.52,44.22,37.04,37.6,--,--,--,--,23.1,39.19,37.14,41.49,4.35,2.143949,,
872, 2024/5/3 13:08:23,872.26,40.53,44.22,37.07,37.59,--,--,--,--,23.11,39.2,37.17,41.49,4.32,2.138994,,
873, 2024/5/3 13:08:24,873.26,40.5,44.21,37.05,37.59,--,--,--,--,23.1,39.18,37.15,41.48,4.33,2.135513,,
874, 2024/5/3 13:08:25,874.26,40.52,44.16,37.06,37.59,--,--,--,--,23.11,39.18,37.16,41.43,4.27,2.118689,,
875, 2024/5/3 13:08:26,875.26,40.53,44.15,37.08,37.57,--,--,--,--,23.1,39.18,37.18,41.42,4.24,2.115974,,
876, 2024/5/3 13:08:27,876.27,40.48,44.13,37.07,37.57,--,--,--,--,23.11,39.16,37.17,41.4,4.23,2.101435,,
877, 2024/5/3 13:08:28,877.27,40.47,44.15,37.07,37.57,--,--,--,--,23.11,39.16,37.17,41.42,4.25,2.106489,,
878, 2024/5/3 13:08:29,878.27,40.49,44.14,37.06,37.53,--,--,--,--,23.11,39.15,37.16,41.41,4.25,2.120353,,
879, 2024/5/3 13:08:30,879.27,40.46,44.1,37.08,37.55,--,--,--,--,23.1,39.14,37.18,41.37,4.19,2.088455,,
880, 2024/5/3 13:08:31,880.27,40.43,44.12,37.09,37.57,--,--,--,--,23.11,39.15,37.19,41.39,4.2,2.08118,,
881, 2024/5/3 13:08:32,881.27,40.37,44.12,37.04,37.52,--,--,--,--,23.11,39.11,37.14,41.39,4.25,2.097216,,
882, 2024/5/3 13:08:33,882.27,40.34,44.09,37.05,37.54,--,--,--,--,23.1,39.1,37.15,41.36,4.21,2.072133,,
883, 2024/5/3 13:08:34,883.28,40.38,44.1,37.05,37.53,--,--,--,--,23.1,39.11,37.15,41.37,4.22,2.086337,,
884, 2024/5/3 13:08:35,884.28,40.33,44.11,37.06,37.54,--,--,--,--,23.11,39.1,37.16,41.38,4.22,2.074325,,
885, 2024/5/3 13:08:36,885.28,40.35,44.05,37.05,37.54,--,--,--,--,23.11,39.09,37.15,41.32,4.17,2.059665,,
886, 2024/5/3 13:08:37,886.28,40.32,44.08,37.06,37.53,--,--,--,--,23.11,39.09,37.16,41.35,4.19,2.063903,,
887, 2024/5/3 13:08:38,887.28,40.34,44.07,37.05,37.49,--,--,--,--,23.11,39.08,37.15,41.34,4.19,2.077505,,
888, 2024/5/3 13:08:39,888.28,40.32,44.04,37.06,37.5,--,--,--,--,23.11,39.07,37.16,41.31,4.15,2.05695,,
889, 2024/5/3 13:08:40,889.28,40.32,44.03,37.06,37.45,--,--,--,--,23.11,39.06,37.16,41.3,4.14,2.066181,,
890, 2024/5/3 13:08:41,890.29,40.33,44.02,37.06,37.45,--,--,--,--,23.11,39.06,37.16,41.29,4.13,2.06461,,
891, 2024/5/3 13:08:42,891.29,40.28,44.02,37.09,37.43,--,--,--,--,23.11,39.05,37.19,41.29,4.1,2.050554,,
892, 2024/5/3 13:08:43,892.29,40.26,43.99,37.04,37.44,--,--,--,--,23.11,39.03,37.14,41.26,4.12,2.04824,,
893, 2024/5/3 13:08:44,893.29,40.28,44.01,37.07,37.46,--,--,--,--,23.12,39.05,37.17,41.28,4.11,2.045184,,
894, 2024/5/3 13:08:45,894.29,40.27,44.01,37.04,37.42,--,--,--,--,23.11,39.03,37.14,41.28,4.14,2.062706,,
895, 2024/5/3 13:08:46,895.29,40.22,43.96,37.09,37.43,--,--,--,--,23.12,39.02,37.19,41.23,4.04,2.016673,,
896, 2024/5/3 13:08:47,896.29,40.24,43.93,37.06,37.43,--,--,--,--,23.12,39.01,37.16,41.2,4.04,2.018895,,
897, 2024/5/3 13:08:48,897.3,40.22,43.91,37.03,37.43,--,--,--,--,23.11,38.99,37.13,41.18,4.05,2.016774,,
898, 2024/5/3 13:08:49,898.3,40.23,43.91,37.02,37.38,--,--,--,--,23.11,38.98,37.12,41.18,4.06,2.034876,,
899, 2024/5/3 13:08:50,899.3,40.24,43.93,37.02,37.33,--,--,--,--,23.11,38.97,37.12,41.2,4.08,2.05733,,
900, 2024/5/3 13:08:51,900.3,40.22,43.91,37.07,37.35,--,--,--,--,23.1,38.98,37.17,41.18,4.01,2.025715,,
901, 2024/5/3 13:08:52,901.3,40.21,43.91,37.06,37.35,--,--,--,--,23.11,38.98,37.16,41.18,4.02,2.026663,,
902, 2024/5/3 13:08:53,902.3,40.22,43.86,37.03,37.32,--,--,--,--,23.11,38.95,37.13,41.13,4,2.027684,,
903, 2024/5/3 13:08:54,903.3,40.21,43.89,37.05,37.31,--,--,--,--,23.1,38.96,37.15,41.16,4.01,2.033148,,
904, 2024/5/3 13:08:55,904.31,40.18,43.87,37.05,37.31,--,--,--,--,23.11,38.95,37.15,41.14,3.99,2.019769,,
905, 2024/5/3 13:08:56,905.31,40.14,43.82,37.03,37.32,--,--,--,--,23.1,38.92,37.13,41.09,3.96,1.996777,,
906, 2024/5/3 13:08:57,906.31,40.12,43.82,37.04,37.32,--,--,--,--,23.1,38.92,37.14,41.09,3.95,1.989732,,
907, 2024/5/3 13:08:58,907.31,40.09,43.84,37.05,37.27,--,--,--,--,23.1,38.91,37.15,41.11,3.96,2.001621,,
908, 2024/5/3 13:08:59,908.31,40.08,43.84,37.02,37.3,--,--,--,--,23.1,38.9,37.12,41.11,3.99,2.000394,,
909, 2024/5/3 13:09:00,909.31,40.03,43.81,37.06,37.31,--,--,--,--,23.11,38.9,37.16,41.08,3.92,1.965104,,
910, 2024/5/3 13:09:01,910.32,40.04,43.76,37.02,37.25,--,--,--,--,23.09,38.86,37.12,41.03,3.91,1.976611,,
911, 2024/5/3 13:09:02,911.31,40.01,43.72,37.05,37.29,--,--,--,--,23.1,38.86,37.15,40.99,3.84,1.936352,,
912, 2024/5/3 13:09:03,912.32,39.98,43.79,37.02,37.28,--,--,--,--,23.11,38.86,37.12,41.06,3.94,1.967946,,
913, 2024/5/3 13:09:04,913.32,39.97,43.76,36.99,37.28,--,--,--,--,23.1,38.84,37.09,41.03,3.94,1.96376,,
914, 2024/5/3 13:09:05,914.32,39.99,43.76,37.03,37.28,--,--,--,--,23.12,38.86,37.13,41.03,3.9,1.955766,,
915, 2024/5/3 13:09:06,915.32,39.99,43.74,37.04,37.25,--,--,--,--,23.12,38.85,37.14,41.01,3.87,1.953559,,
916, 2024/5/3 13:09:07,916.32,39.93,43.76,37.01,37.25,--,--,--,--,23.11,38.83,37.11,41.03,3.92,1.958294,,
917, 2024/5/3 13:09:08,917.32,39.94,43.72,37.02,37.24,--,--,--,--,23.12,38.82,37.12,40.99,3.87,1.945056,,
918, 2024/5/3 13:09:09,918.32,39.98,43.7,37.04,37.22,--,--,--,--,23.1,38.83,37.14,40.97,3.83,1.945103,,
919, 2024/5/3 13:09:10,919.33,39.95,43.7,37.02,37.23,--,--,--,--,23.1,38.82,37.12,40.97,3.85,1.942291,,
920, 2024/5/3 13:09:11,920.33,39.91,43.68,37.05,37.18,--,--,--,--,23.11,38.8,37.15,40.95,3.8,1.932309,,
